snapshot_ts,provider,provider_last_updated,region,sku_id,sku_name,chip_model,gpu_count,price_type,currency,list_price,list_price_unit,usd_per_gpu_hour,basis,notes
2026-08-11T12:08:03+00:00,gcp,2026-08-11T07:00:00Z,asia-east2,0008-F633-76AA,g2-standard-4,L4,1,spot,USD,0.089004,GPU Per Hour,0.089004,machine_inclusive,accelerator $0.0705/GPU-hr plus 4 vCPU and 16 GB RAM
2026-08-11T12:08:03+00:00,gcp,2026-08-11T07:00:00Z,asia-east2,0008-F633-76AA,g2-standard-8,L4,1,spot,USD,0.107508,GPU Per Hour,0.107508,machine_inclusive,accelerator $0.0705/GPU-hr plus 8 vCPU and 32 GB RAM
2026-08-11T12:08:03+00:00,gcp,2026-08-11T07:00:00Z,asia-east2,0008-F633-76AA,g2-standard-12,L4,1,spot,USD,0.126012,GPU Per Hour,0.126012,machine_inclusive,accelerator $0.0705/GPU-hr plus 12 vCPU and 48 GB RAM
2026-08-11T12:08:03+00:00,gcp,2026-08-11T07:00:00Z,asia-east2,0008-F633-76AA,g2-standard-16,L4,1,spot,USD,0.144516,GPU Per Hour,0.144516,machine_inclusive,accelerator $0.0705/GPU-hr plus 16 vCPU and 64 GB RAM
2026-08-11T12:08:03+00:00,gcp,2026-08-11T07:00:00Z,asia-east2,0008-F633-76AA,g2-standard-24,L4,2,spot,USD,0.252024,Machine Per Hour,0.126012,machine_inclusive,accelerator $0.0705/GPU-hr plus 24 vCPU and 96 GB RAM
2026-08-11T12:08:03+00:00,gcp,2026-08-11T07:00:00Z,asia-east2,0008-F633-76AA,g2-standard-32,L4,1,spot,USD,0.218532,GPU Per Hour,0.218532,machine_inclusive,accelerator $0.0705/GPU-hr plus 32 vCPU and 128 GB RAM
2026-08-11T12:08:03+00:00,gcp,2026-08-11T07:00:00Z,asia-east2,0008-F633-76AA,g2-standard-48,L4,4,spot,USD,0.504048,Machine Per Hour,0.126012,machine_inclusive,accelerator $0.0705/GPU-hr plus 48 vCPU and 192 GB RAM
2026-08-11T12:08:03+00:00,gcp,2026-08-11T07:00:00Z,asia-east2,0008-F633-76AA,g2-standard-96,L4,8,spot,USD,1.008096,Machine Per Hour,0.126012,machine_inclusive,accelerator $0.0705/GPU-hr plus 96 vCPU and 384 GB RAM
2026-08-11T12:08:03+00:00,gcp,2026-08-11T07:00:00Z,northamerica-northeast1,0032-6F6D-C48E,g2-standard-4,L4,1,spot,USD,0.466984,GPU Per Hour,0.466984,machine_inclusive,accelerator $0.3700/GPU-hr plus 4 vCPU and 16 GB RAM
2026-08-11T12:08:03+00:00,gcp,2026-08-11T07:00:00Z,northamerica-northeast1,0032-6F6D-C48E,g2-standard-8,L4,1,spot,USD,0.563968,GPU Per Hour,0.563968,machine_inclusive,accelerator $0.3700/GPU-hr plus 8 vCPU and 32 GB RAM
2026-08-11T12:08:03+00:00,gcp,2026-08-11T07:00:00Z,northamerica-northeast1,0032-6F6D-C48E,g2-standard-12,L4,1,spot,USD,0.660952,GPU Per Hour,0.660952,machine_inclusive,accelerator $0.3700/GPU-hr plus 12 vCPU and 48 GB RAM
2026-08-11T12:08:03+00:00,gcp,2026-08-11T07:00:00Z,northamerica-northeast1,0032-6F6D-C48E,g2-standard-16,L4,1,spot,USD,0.757936,GPU Per Hour,0.757936,machine_inclusive,accelerator $0.3700/GPU-hr plus 16 vCPU and 64 GB RAM
2026-08-11T12:08:03+00:00,gcp,2026-08-11T07:00:00Z,northamerica-northeast1,0032-6F6D-C48E,g2-standard-24,L4,2,spot,USD,1.321904,Machine Per Hour,0.660952,machine_inclusive,accelerator $0.3700/GPU-hr plus 24 vCPU and 96 GB RAM
2026-08-11T12:08:03+00:00,gcp,2026-08-11T07:00:00Z,northamerica-northeast1,0032-6F6D-C48E,g2-standard-32,L4,1,spot,USD,1.145872,GPU Per Hour,1.145872,machine_inclusive,accelerator $0.3700/GPU-hr plus 32 vCPU and 128 GB RAM
2026-08-11T12:08:03+00:00,gcp,2026-08-11T07:00:00Z,northamerica-northeast1,0032-6F6D-C48E,g2-standard-48,L4,4,spot,USD,2.643808,Machine Per Hour,0.660952,machine_inclusive,accelerator $0.3700/GPU-hr plus 48 vCPU and 192 GB RAM
2026-08-11T12:08:03+00:00,gcp,2026-08-11T07:00:00Z,northamerica-northeast1,0032-6F6D-C48E,g2-standard-96,L4,8,spot,USD,5.287616,Machine Per Hour,0.660952,machine_inclusive,accelerator $0.3700/GPU-hr plus 96 vCPU and 384 GB RAM
2026-08-11T12:08:03+00:00,gcp,2026-08-11T07:00:00Z,asia-northeast3,003E-D940-4BC0,Nvidia Tesla P100 GPU,P100,1,on_demand,USD,1.6,GPU Per Hour,1.6,accelerator_only,"bare accelerator price; Google bills vCPU and RAM separately, so this is NOT comparable to Oracle or Azure"
2026-08-11T12:08:03+00:00,gcp,2026-08-11T07:00:00Z,europe-west4,0050-986A-2850,a3-ultragpu-8g,H200,8,1_year,USD,63.40144,Machine Per Hour,7.92518,machine_inclusive,accelerator $7.0745/GPU-hr plus 224 vCPU and 2952 GB RAM
2026-08-11T12:08:03+00:00,gcp,2026-08-11T07:00:00Z,australia-southeast1,005F-DC8C-CB19,a3-megagpu-8g,H100 Mega,8,on_demand,USD,115.928937,Machine Per Hour,14.491117,machine_inclusive,accelerator $12.9303/GPU-hr plus 208 vCPU and 1872 GB RAM
2026-08-11T12:08:03+00:00,gcp,2026-08-11T07:00:00Z,asia-east1,008E-3414-1336,a2-highgpu-1g,A100,1,3_year,USD,1.326577,GPU Per Hour,1.326577,machine_inclusive,accelerator $1.0269/GPU-hr plus 12 vCPU and 85 GB RAM
2026-08-11T12:08:03+00:00,gcp,2026-08-11T07:00:00Z,asia-east1,008E-3414-1336,a2-highgpu-2g,A100,2,3_year,USD,2.653154,Machine Per Hour,1.326577,machine_inclusive,accelerator $1.0269/GPU-hr plus 24 vCPU and 170 GB RAM
2026-08-11T12:08:03+00:00,gcp,2026-08-11T07:00:00Z,asia-east1,008E-3414-1336,a2-highgpu-4g,A100,4,3_year,USD,5.306308,Machine Per Hour,1.326577,machine_inclusive,accelerator $1.0269/GPU-hr plus 48 vCPU and 340 GB RAM
2026-08-11T12:08:03+00:00,gcp,2026-08-11T07:00:00Z,asia-east1,008E-3414-1336,a2-highgpu-8g,A100,8,3_year,USD,10.612616,Machine Per Hour,1.326577,machine_inclusive,accelerator $1.0269/GPU-hr plus 96 vCPU and 680 GB RAM
2026-08-11T12:08:03+00:00,gcp,2026-08-11T07:00:00Z,asia-east1,008E-3414-1336,a2-megagpu-16g,A100,16,3_year,USD,19.995398,Machine Per Hour,1.249712,machine_inclusive,accelerator $1.0269/GPU-hr plus 96 vCPU and 1360 GB RAM
2026-08-11T12:08:03+00:00,gcp,2026-08-11T07:00:00Z,europe-west10,00F8-A9C1-00D0,g2-standard-4,L4,1,3_year,USD,0.465959,GPU Per Hour,0.465959,machine_inclusive,accelerator $0.3881/GPU-hr plus 4 vCPU and 16 GB RAM
2026-08-11T12:08:03+00:00,gcp,2026-08-11T07:00:00Z,europe-west10,00F8-A9C1-00D0,g2-standard-8,L4,1,3_year,USD,0.543811,GPU Per Hour,0.543811,machine_inclusive,accelerator $0.3881/GPU-hr plus 8 vCPU and 32 GB RAM
2026-08-11T12:08:03+00:00,gcp,2026-08-11T07:00:00Z,europe-west10,00F8-A9C1-00D0,g2-standard-12,L4,1,3_year,USD,0.621663,GPU Per Hour,0.621663,machine_inclusive,accelerator $0.3881/GPU-hr plus 12 vCPU and 48 GB RAM
2026-08-11T12:08:03+00:00,gcp,2026-08-11T07:00:00Z,europe-west10,00F8-A9C1-00D0,g2-standard-16,L4,1,3_year,USD,0.699514,GPU Per Hour,0.699514,machine_inclusive,accelerator $0.3881/GPU-hr plus 16 vCPU and 64 GB RAM
2026-08-11T12:08:03+00:00,gcp,2026-08-11T07:00:00Z,europe-west10,00F8-A9C1-00D0,g2-standard-24,L4,2,3_year,USD,1.243325,Machine Per Hour,0.621663,machine_inclusive,accelerator $0.3881/GPU-hr plus 24 vCPU and 96 GB RAM
2026-08-11T12:08:03+00:00,gcp,2026-08-11T07:00:00Z,europe-west10,00F8-A9C1-00D0,g2-standard-32,L4,1,3_year,USD,1.010921,GPU Per Hour,1.010921,machine_inclusive,accelerator $0.3881/GPU-hr plus 32 vCPU and 128 GB RAM
2026-08-11T12:08:03+00:00,gcp,2026-08-11T07:00:00Z,europe-west10,00F8-A9C1-00D0,g2-standard-48,L4,4,3_year,USD,2.486651,Machine Per Hour,0.621663,machine_inclusive,accelerator $0.3881/GPU-hr plus 48 vCPU and 192 GB RAM
2026-08-11T12:08:03+00:00,gcp,2026-08-11T07:00:00Z,europe-west10,00F8-A9C1-00D0,g2-standard-96,L4,8,3_year,USD,4.973301,Machine Per Hour,0.621663,machine_inclusive,accelerator $0.3881/GPU-hr plus 96 vCPU and 384 GB RAM
2026-08-11T12:08:03+00:00,gcp,2026-08-11T07:00:00Z,asia-southeast1,0117-733F-6A96,g2-standard-4,L4,1,on_demand,USD,0.872019,GPU Per Hour,0.872019,machine_inclusive,accelerator $0.6909/GPU-hr plus 4 vCPU and 16 GB RAM
2026-08-11T12:08:03+00:00,gcp,2026-08-11T07:00:00Z,asia-southeast1,0117-733F-6A96,g2-standard-8,L4,1,on_demand,USD,1.053116,GPU Per Hour,1.053116,machine_inclusive,accelerator $0.6909/GPU-hr plus 8 vCPU and 32 GB RAM
2026-08-11T12:08:03+00:00,gcp,2026-08-11T07:00:00Z,asia-southeast1,0117-733F-6A96,g2-standard-12,L4,1,on_demand,USD,1.234214,GPU Per Hour,1.234214,machine_inclusive,accelerator $0.6909/GPU-hr plus 12 vCPU and 48 GB RAM
2026-08-11T12:08:03+00:00,gcp,2026-08-11T07:00:00Z,asia-southeast1,0117-733F-6A96,g2-standard-16,L4,1,on_demand,USD,1.415311,GPU Per Hour,1.415311,machine_inclusive,accelerator $0.6909/GPU-hr plus 16 vCPU and 64 GB RAM
2026-08-11T12:08:03+00:00,gcp,2026-08-11T07:00:00Z,asia-southeast1,0117-733F-6A96,g2-standard-24,L4,2,on_demand,USD,2.468427,Machine Per Hour,1.234214,machine_inclusive,accelerator $0.6909/GPU-hr plus 24 vCPU and 96 GB RAM
2026-08-11T12:08:03+00:00,gcp,2026-08-11T07:00:00Z,asia-southeast1,0117-733F-6A96,g2-standard-32,L4,1,on_demand,USD,2.1397,GPU Per Hour,2.1397,machine_inclusive,accelerator $0.6909/GPU-hr plus 32 vCPU and 128 GB RAM
2026-08-11T12:08:03+00:00,gcp,2026-08-11T07:00:00Z,asia-southeast1,0117-733F-6A96,g2-standard-48,L4,4,on_demand,USD,4.936854,Machine Per Hour,1.234214,machine_inclusive,accelerator $0.6909/GPU-hr plus 48 vCPU and 192 GB RAM
2026-08-11T12:08:03+00:00,gcp,2026-08-11T07:00:00Z,asia-southeast1,0117-733F-6A96,g2-standard-96,L4,8,on_demand,USD,9.873709,Machine Per Hour,1.234214,machine_inclusive,accelerator $0.6909/GPU-hr plus 96 vCPU and 384 GB RAM
2026-08-11T12:08:03+00:00,gcp,2026-08-11T07:00:00Z,europe-west6,013D-D201-82B4,A4 Nvidia B200 (1 gpu slice),B200,1,spot,USD,2.4091,GPU Per Hour,2.4091,machine_inclusive,Google publishes no separate A4 vCPU/RAM SKUs -- the per-slice price already covers the whole machine
2026-08-11T12:08:03+00:00,gcp,2026-08-11T07:00:00Z,asia-northeast3,01B7-7E2D-ACB7,Nvidia Tesla T4 GPU,T4,1,spot,USD,0.1928,GPU Per Hour,0.1928,accelerator_only,"bare accelerator price; Google bills vCPU and RAM separately, so this is NOT comparable to Oracle or Azure"
2026-08-11T12:08:03+00:00,gcp,2026-08-11T07:00:00Z,europe-west3,01BD-92E9-6A5C,1/8 vGPU no lssd,,,spot,USD,0.3105,GPU Per Hour,,,accelerator not in the lookup table -- add it to gcp.py
2026-08-11T12:08:03+00:00,gcp,2026-08-11T07:00:00Z,us-west4,01E4-32A7-A053,a2-ultragpu-1g,A100,1,3_year,USD,3.921151,GPU Per Hour,3.921151,machine_inclusive,accelerator $3.4877/GPU-hr plus 12 vCPU and 170 GB RAM
2026-08-11T12:08:03+00:00,gcp,2026-08-11T07:00:00Z,us-west4,01E4-32A7-A053,a2-ultragpu-2g,A100,2,3_year,USD,7.842302,Machine Per Hour,3.921151,machine_inclusive,accelerator $3.4877/GPU-hr plus 24 vCPU and 340 GB RAM
2026-08-11T12:08:03+00:00,gcp,2026-08-11T07:00:00Z,us-west4,01E4-32A7-A053,a2-ultragpu-4g,A100,4,3_year,USD,15.684605,Machine Per Hour,3.921151,machine_inclusive,accelerator $3.4877/GPU-hr plus 48 vCPU and 680 GB RAM
2026-08-11T12:08:03+00:00,gcp,2026-08-11T07:00:00Z,us-west4,01E4-32A7-A053,a2-ultragpu-8g,A100,8,3_year,USD,31.36921,Machine Per Hour,3.921151,machine_inclusive,accelerator $3.4877/GPU-hr plus 96 vCPU and 1360 GB RAM
2026-08-11T12:08:03+00:00,gcp,2026-08-11T07:00:00Z,asia-northeast1,01F6-D833-EC61,Nvidia Tesla T4 GPU,T4,1,on_demand,USD,0.37,GPU Per Hour,0.37,accelerator_only,"bare accelerator price; Google bills vCPU and RAM separately, so this is NOT comparable to Oracle or Azure"
2026-08-11T12:08:03+00:00,gcp,2026-08-11T07:00:00Z,us-west2,0209-593A-FB5F,A4 Nvidia B200 (1 gpu slice),B200,1,3_year,USD,7.0884,GPU Per Hour,7.0884,machine_inclusive,Google publishes no separate A4 vCPU/RAM SKUs -- the per-slice price already covers the whole machine
2026-08-11T12:08:03+00:00,gcp,2026-08-11T07:00:00Z,southamerica-west1,0256-9B50-E3E1,Nvidia Tesla P4 GPU,P4,1,1_year,USD,0.54054,GPU Per Hour,0.54054,accelerator_only,"bare accelerator price; Google bills vCPU and RAM separately, so this is NOT comparable to Oracle or Azure"
2026-08-11T12:08:03+00:00,gcp,2026-08-11T07:00:00Z,australia-southeast2,028C-2ADA-2A4A,Nvidia Tesla P100 GPU,P100,1,3_year,USD,0.93294,GPU Per Hour,0.93294,accelerator_only,"bare accelerator price; Google bills vCPU and RAM separately, so this is NOT comparable to Oracle or Azure"
2026-08-11T12:08:03+00:00,gcp,2026-08-11T07:00:00Z,asia-southeast2,02D0-3C0A-B826,RTX 6000 96GB,RTX PRO 6000,1,on_demand,USD,1.42435,GPU Per Hour,1.42435,accelerator_only,"bare accelerator price; Google bills vCPU and RAM separately, so this is NOT comparable to Oracle or Azure"
2026-08-11T12:08:03+00:00,gcp,2026-08-11T07:00:00Z,asia-east1,02D3-A0D2-FC93,Nvidia Tesla P100 GPU,P100,1,1_year,USD,1.008,GPU Per Hour,1.008,accelerator_only,"bare accelerator price; Google bills vCPU and RAM separately, so this is NOT comparable to Oracle or Azure"
2026-08-11T12:08:03+00:00,gcp,2026-08-11T07:00:00Z,us-central1,039F-D0DA-4055,a2-highgpu-1g,A100,1,on_demand,USD,3.673385,GPU Per Hour,3.673385,machine_inclusive,accelerator $2.9339/GPU-hr plus 12 vCPU and 85 GB RAM
2026-08-11T12:08:03+00:00,gcp,2026-08-11T07:00:00Z,us-central1,039F-D0DA-4055,a2-highgpu-2g,A100,2,on_demand,USD,7.34677,Machine Per Hour,3.673385,machine_inclusive,accelerator $2.9339/GPU-hr plus 24 vCPU and 170 GB RAM
2026-08-11T12:08:03+00:00,gcp,2026-08-11T07:00:00Z,us-central1,039F-D0DA-4055,a2-highgpu-4g,A100,4,on_demand,USD,14.69354,Machine Per Hour,3.673385,machine_inclusive,accelerator $2.9339/GPU-hr plus 48 vCPU and 340 GB RAM
2026-08-11T12:08:03+00:00,gcp,2026-08-11T07:00:00Z,us-central1,039F-D0DA-4055,a2-highgpu-8g,A100,8,on_demand,USD,29.38708,Machine Per Hour,3.673385,machine_inclusive,accelerator $2.9339/GPU-hr plus 96 vCPU and 680 GB RAM
2026-08-11T12:08:03+00:00,gcp,2026-08-11T07:00:00Z,us-central1,039F-D0DA-4055,a2-megagpu-16g,A100,16,on_demand,USD,55.739504,Machine Per Hour,3.483719,machine_inclusive,accelerator $2.9339/GPU-hr plus 96 vCPU and 1360 GB RAM
2026-08-11T12:08:03+00:00,gcp,2026-08-11T07:00:00Z,us-east1,039F-D0DA-4055,a2-highgpu-1g,A100,1,on_demand,USD,3.673385,GPU Per Hour,3.673385,machine_inclusive,accelerator $2.9339/GPU-hr plus 12 vCPU and 85 GB RAM
2026-08-11T12:08:03+00:00,gcp,2026-08-11T07:00:00Z,us-east1,039F-D0DA-4055,a2-highgpu-2g,A100,2,on_demand,USD,7.34677,Machine Per Hour,3.673385,machine_inclusive,accelerator $2.9339/GPU-hr plus 24 vCPU and 170 GB RAM
2026-08-11T12:08:03+00:00,gcp,2026-08-11T07:00:00Z,us-east1,039F-D0DA-4055,a2-highgpu-4g,A100,4,on_demand,USD,14.69354,Machine Per Hour,3.673385,machine_inclusive,accelerator $2.9339/GPU-hr plus 48 vCPU and 340 GB RAM
2026-08-11T12:08:03+00:00,gcp,2026-08-11T07:00:00Z,us-east1,039F-D0DA-4055,a2-highgpu-8g,A100,8,on_demand,USD,29.38708,Machine Per Hour,3.673385,machine_inclusive,accelerator $2.9339/GPU-hr plus 96 vCPU and 680 GB RAM
2026-08-11T12:08:03+00:00,gcp,2026-08-11T07:00:00Z,us-east1,039F-D0DA-4055,a2-megagpu-16g,A100,16,on_demand,USD,55.739504,Machine Per Hour,3.483719,machine_inclusive,accelerator $2.9339/GPU-hr plus 96 vCPU and 1360 GB RAM
2026-08-11T12:08:03+00:00,gcp,2026-08-11T07:00:00Z,us-west1,039F-D0DA-4055,a2-highgpu-1g,A100,1,on_demand,USD,3.673385,GPU Per Hour,3.673385,machine_inclusive,accelerator $2.9339/GPU-hr plus 12 vCPU and 85 GB RAM
2026-08-11T12:08:03+00:00,gcp,2026-08-11T07:00:00Z,us-west1,039F-D0DA-4055,a2-highgpu-2g,A100,2,on_demand,USD,7.34677,Machine Per Hour,3.673385,machine_inclusive,accelerator $2.9339/GPU-hr plus 24 vCPU and 170 GB RAM
2026-08-11T12:08:03+00:00,gcp,2026-08-11T07:00:00Z,us-west1,039F-D0DA-4055,a2-highgpu-4g,A100,4,on_demand,USD,14.69354,Machine Per Hour,3.673385,machine_inclusive,accelerator $2.9339/GPU-hr plus 48 vCPU and 340 GB RAM
2026-08-11T12:08:03+00:00,gcp,2026-08-11T07:00:00Z,us-west1,039F-D0DA-4055,a2-highgpu-8g,A100,8,on_demand,USD,29.38708,Machine Per Hour,3.673385,machine_inclusive,accelerator $2.9339/GPU-hr plus 96 vCPU and 680 GB RAM
2026-08-11T12:08:03+00:00,gcp,2026-08-11T07:00:00Z,us-west1,039F-D0DA-4055,a2-megagpu-16g,A100,16,on_demand,USD,55.739504,Machine Per Hour,3.483719,machine_inclusive,accelerator $2.9339/GPU-hr plus 96 vCPU and 1360 GB RAM
2026-08-11T12:08:03+00:00,gcp,2026-08-11T07:00:00Z,me-west1,03AB-BBB0-F9E3,Nvidia Tesla P100 GPU,P100,1,1_year,USD,1.0109,GPU Per Hour,1.0109,accelerator_only,"bare accelerator price; Google bills vCPU and RAM separately, so this is NOT comparable to Oracle or Azure"
2026-08-11T12:08:03+00:00,gcp,2026-08-11T07:00:00Z,us-west3,03D0-F0A3-AF2E,a2-ultragpu-1g,A100,1,3_year,USD,4.184741,GPU Per Hour,4.184741,machine_inclusive,accelerator $3.7224/GPU-hr plus 12 vCPU and 170 GB RAM
2026-08-11T12:08:03+00:00,gcp,2026-08-11T07:00:00Z,us-west3,03D0-F0A3-AF2E,a2-ultragpu-2g,A100,2,3_year,USD,8.369482,Machine Per Hour,4.184741,machine_inclusive,accelerator $3.7224/GPU-hr plus 24 vCPU and 340 GB RAM
2026-08-11T12:08:03+00:00,gcp,2026-08-11T07:00:00Z,us-west3,03D0-F0A3-AF2E,a2-ultragpu-4g,A100,4,3_year,USD,16.738964,Machine Per Hour,4.184741,machine_inclusive,accelerator $3.7224/GPU-hr plus 48 vCPU and 680 GB RAM
2026-08-11T12:08:03+00:00,gcp,2026-08-11T07:00:00Z,us-west3,03D0-F0A3-AF2E,a2-ultragpu-8g,A100,8,3_year,USD,33.477927,Machine Per Hour,4.184741,machine_inclusive,accelerator $3.7224/GPU-hr plus 96 vCPU and 1360 GB RAM
2026-08-11T12:08:03+00:00,gcp,2026-08-11T07:00:00Z,me-central1,03E9-141A-30EF,g2-standard-4,L4,1,3_year,USD,0.386461,GPU Per Hour,0.386461,machine_inclusive,accelerator $0.3062/GPU-hr plus 4 vCPU and 16 GB RAM
2026-08-11T12:08:03+00:00,gcp,2026-08-11T07:00:00Z,me-central1,03E9-141A-30EF,g2-standard-8,L4,1,3_year,USD,0.466719,GPU Per Hour,0.466719,machine_inclusive,accelerator $0.3062/GPU-hr plus 8 vCPU and 32 GB RAM
2026-08-11T12:08:03+00:00,gcp,2026-08-11T07:00:00Z,me-central1,03E9-141A-30EF,g2-standard-12,L4,1,3_year,USD,0.546978,GPU Per Hour,0.546978,machine_inclusive,accelerator $0.3062/GPU-hr plus 12 vCPU and 48 GB RAM
2026-08-11T12:08:03+00:00,gcp,2026-08-11T07:00:00Z,me-central1,03E9-141A-30EF,g2-standard-16,L4,1,3_year,USD,0.627236,GPU Per Hour,0.627236,machine_inclusive,accelerator $0.3062/GPU-hr plus 16 vCPU and 64 GB RAM
2026-08-11T12:08:03+00:00,gcp,2026-08-11T07:00:00Z,me-central1,03E9-141A-30EF,g2-standard-24,L4,2,3_year,USD,1.093955,Machine Per Hour,0.546978,machine_inclusive,accelerator $0.3062/GPU-hr plus 24 vCPU and 96 GB RAM
2026-08-11T12:08:03+00:00,gcp,2026-08-11T07:00:00Z,me-central1,03E9-141A-30EF,g2-standard-32,L4,1,3_year,USD,0.948271,GPU Per Hour,0.948271,machine_inclusive,accelerator $0.3062/GPU-hr plus 32 vCPU and 128 GB RAM
2026-08-11T12:08:03+00:00,gcp,2026-08-11T07:00:00Z,me-central1,03E9-141A-30EF,g2-standard-48,L4,4,3_year,USD,2.187911,Machine Per Hour,0.546978,machine_inclusive,accelerator $0.3062/GPU-hr plus 48 vCPU and 192 GB RAM
2026-08-11T12:08:03+00:00,gcp,2026-08-11T07:00:00Z,me-central1,03E9-141A-30EF,g2-standard-96,L4,8,3_year,USD,4.375822,Machine Per Hour,0.546978,machine_inclusive,accelerator $0.3062/GPU-hr plus 96 vCPU and 384 GB RAM
2026-08-11T12:08:03+00:00,gcp,2026-08-11T07:00:00Z,us-south1,042D-2487-8848,Nvidia Tesla P100 GPU,P100,1,spot,USD,0.1551,GPU Per Hour,0.1551,accelerator_only,"bare accelerator price; Google bills vCPU and RAM separately, so this is NOT comparable to Oracle or Azure"
2026-08-11T12:08:03+00:00,gcp,2026-08-11T07:00:00Z,us-west3,044E-8CD0-C9A5,Nvidia Tesla P100 GPU,P100,1,on_demand,USD,1.752,GPU Per Hour,1.752,accelerator_only,"bare accelerator price; Google bills vCPU and RAM separately, so this is NOT comparable to Oracle or Azure"
2026-08-11T12:08:03+00:00,gcp,2026-08-11T07:00:00Z,europe-west8,049A-C48A-D49A,RTX 6000 96GB,RTX PRO 6000,1,on_demand,USD,1.31478,GPU Per Hour,1.31478,accelerator_only,"bare accelerator price; Google bills vCPU and RAM separately, so this is NOT comparable to Oracle or Azure"
2026-08-11T12:08:03+00:00,gcp,2026-08-11T07:00:00Z,europe-west1,04D7-36F0-7E13,RTX 6000 96GB,RTX PRO 6000,1,1_year,USD,0.8316,GPU Per Hour,0.8316,accelerator_only,"bare accelerator price; Google bills vCPU and RAM separately, so this is NOT comparable to Oracle or Azure"
2026-08-11T12:08:03+00:00,gcp,2026-08-11T07:00:00Z,europe-west4,0525-CC34-3151,Nvidia Tesla V100 GPU,V100,1,on_demand,USD,2.55,GPU Per Hour,2.55,accelerator_only,"bare accelerator price; Google bills vCPU and RAM separately, so this is NOT comparable to Oracle or Azure"
2026-08-11T12:08:03+00:00,gcp,2026-08-11T07:00:00Z,southamerica-east1,0526-B904-9D8B,a3-highgpu-8g,H100,8,on_demand,USD,139.469151,Machine Per Hour,17.433644,machine_inclusive,accelerator $15.5559/GPU-hr plus 208 vCPU and 1872 GB RAM
2026-08-11T12:08:03+00:00,gcp,2026-08-11T07:00:00Z,europe-west9,0545-AFC9-E1C6,a3-highgpu-8g,H100,8,3_year,USD,44.739448,Machine Per Hour,5.592431,machine_inclusive,accelerator $4.9879/GPU-hr plus 208 vCPU and 1872 GB RAM
2026-08-11T12:08:03+00:00,gcp,2026-08-11T07:00:00Z,europe-west12,061E-8DDA-FAF3,Nvidia Tesla P100 GPU,P100,1,spot,USD,0.1695,GPU Per Hour,0.1695,accelerator_only,"bare accelerator price; Google bills vCPU and RAM separately, so this is NOT comparable to Oracle or Azure"
2026-08-11T12:08:03+00:00,gcp,2026-08-11T07:00:00Z,europe-west8,06E7-816A-94A1,Nvidia Tesla T4 GPU,T4,1,1_year,USD,0.2552,GPU Per Hour,0.2552,accelerator_only,"bare accelerator price; Google bills vCPU and RAM separately, so this is NOT comparable to Oracle or Azure"
2026-08-11T12:08:03+00:00,gcp,2026-08-11T07:00:00Z,southamerica-west1,06F6-1C8D-092C,Nvidia Tesla P100 GPU,P100,1,spot,USD,0.1879,GPU Per Hour,0.1879,accelerator_only,"bare accelerator price; Google bills vCPU and RAM separately, so this is NOT comparable to Oracle or Azure"
2026-08-11T12:08:03+00:00,gcp,2026-08-11T07:00:00Z,us-west8,0703-53FC-6237,Nvidia Tesla T4 GPU,T4,1,spot,USD,0.0642,GPU Per Hour,0.0642,accelerator_only,"bare accelerator price; Google bills vCPU and RAM separately, so this is NOT comparable to Oracle or Azure"
2026-08-11T12:08:03+00:00,gcp,2026-08-11T07:00:00Z,us-east5,0728-1251-34E1,Nvidia Tesla T4 GPU,T4,1,spot,USD,0.0331,GPU Per Hour,0.0331,accelerator_only,"bare accelerator price; Google bills vCPU and RAM separately, so this is NOT comparable to Oracle or Azure"
2026-08-11T12:08:03+00:00,gcp,2026-08-11T07:00:00Z,southamerica-east1,0773-51C2-96A8,g2-standard-4,L4,1,on_demand,USD,1.122379,GPU Per Hour,1.122379,machine_inclusive,accelerator $0.8893/GPU-hr plus 4 vCPU and 16 GB RAM
2026-08-11T12:08:03+00:00,gcp,2026-08-11T07:00:00Z,southamerica-east1,0773-51C2-96A8,g2-standard-8,L4,1,on_demand,USD,1.35547,GPU Per Hour,1.35547,machine_inclusive,accelerator $0.8893/GPU-hr plus 8 vCPU and 32 GB RAM
2026-08-11T12:08:03+00:00,gcp,2026-08-11T07:00:00Z,southamerica-east1,0773-51C2-96A8,g2-standard-12,L4,1,on_demand,USD,1.588561,GPU Per Hour,1.588561,machine_inclusive,accelerator $0.8893/GPU-hr plus 12 vCPU and 48 GB RAM
2026-08-11T12:08:03+00:00,gcp,2026-08-11T07:00:00Z,southamerica-east1,0773-51C2-96A8,g2-standard-16,L4,1,on_demand,USD,1.821652,GPU Per Hour,1.821652,machine_inclusive,accelerator $0.8893/GPU-hr plus 16 vCPU and 64 GB RAM
2026-08-11T12:08:03+00:00,gcp,2026-08-11T07:00:00Z,southamerica-east1,0773-51C2-96A8,g2-standard-24,L4,2,on_demand,USD,3.177122,Machine Per Hour,1.588561,machine_inclusive,accelerator $0.8893/GPU-hr plus 24 vCPU and 96 GB RAM
2026-08-11T12:08:03+00:00,gcp,2026-08-11T07:00:00Z,southamerica-east1,0773-51C2-96A8,g2-standard-32,L4,1,on_demand,USD,2.754016,GPU Per Hour,2.754016,machine_inclusive,accelerator $0.8893/GPU-hr plus 32 vCPU and 128 GB RAM
2026-08-11T12:08:03+00:00,gcp,2026-08-11T07:00:00Z,southamerica-east1,0773-51C2-96A8,g2-standard-48,L4,4,on_demand,USD,6.354244,Machine Per Hour,1.588561,machine_inclusive,accelerator $0.8893/GPU-hr plus 48 vCPU and 192 GB RAM
2026-08-11T12:08:03+00:00,gcp,2026-08-11T07:00:00Z,southamerica-east1,0773-51C2-96A8,g2-standard-96,L4,8,on_demand,USD,12.708489,Machine Per Hour,1.588561,machine_inclusive,accelerator $0.8893/GPU-hr plus 96 vCPU and 384 GB RAM
2026-08-11T12:08:03+00:00,gcp,2026-08-11T07:00:00Z,asia-southeast2,0799-07A0-6FEB,a2-highgpu-1g,A100,1,1_year,USD,2.732666,GPU Per Hour,2.732666,machine_inclusive,accelerator $2.1063/GPU-hr plus 12 vCPU and 85 GB RAM
2026-08-11T12:08:03+00:00,gcp,2026-08-11T07:00:00Z,asia-southeast2,0799-07A0-6FEB,a2-highgpu-2g,A100,2,1_year,USD,5.465333,Machine Per Hour,2.732666,machine_inclusive,accelerator $2.1063/GPU-hr plus 24 vCPU and 170 GB RAM
2026-08-11T12:08:03+00:00,gcp,2026-08-11T07:00:00Z,asia-southeast2,0799-07A0-6FEB,a2-highgpu-4g,A100,4,1_year,USD,10.930666,Machine Per Hour,2.732666,machine_inclusive,accelerator $2.1063/GPU-hr plus 48 vCPU and 340 GB RAM
2026-08-11T12:08:03+00:00,gcp,2026-08-11T07:00:00Z,asia-southeast2,0799-07A0-6FEB,a2-highgpu-8g,A100,8,1_year,USD,21.861332,Machine Per Hour,2.732666,machine_inclusive,accelerator $2.1063/GPU-hr plus 96 vCPU and 680 GB RAM
2026-08-11T12:08:03+00:00,gcp,2026-08-11T07:00:00Z,asia-southeast2,0799-07A0-6FEB,a2-megagpu-16g,A100,16,1_year,USD,41.151717,Machine Per Hour,2.571982,machine_inclusive,accelerator $2.1063/GPU-hr plus 96 vCPU and 1360 GB RAM
2026-08-11T12:08:03+00:00,gcp,2026-08-11T07:00:00Z,europe-west3,07C2-DD22-3536,a3-megagpu-8g,H100 Mega,8,1_year,USD,75.274926,Machine Per Hour,9.409366,machine_inclusive,accelerator $8.3940/GPU-hr plus 208 vCPU and 1872 GB RAM
2026-08-11T12:08:03+00:00,gcp,2026-08-11T07:00:00Z,europe-west12,07C8-D43B-A87E,a3-highgpu-8g,H100,8,on_demand,USD,113.303879,Machine Per Hour,14.162985,machine_inclusive,accelerator $12.6375/GPU-hr plus 208 vCPU and 1872 GB RAM
2026-08-11T12:08:03+00:00,gcp,2026-08-11T07:00:00Z,asia-northeast3,07E9-A038-2EDF,Nvidia Tesla P4 GPU,P4,1,on_demand,USD,0.65,GPU Per Hour,0.65,accelerator_only,"bare accelerator price; Google bills vCPU and RAM separately, so this is NOT comparable to Oracle or Azure"
2026-08-11T12:08:03+00:00,gcp,2026-08-11T07:00:00Z,europe-central2,0839-37A3-7571,a2-highgpu-1g,A100,1,3_year,USD,1.48872,GPU Per Hour,1.48872,machine_inclusive,accelerator $1.1552/GPU-hr plus 12 vCPU and 85 GB RAM
2026-08-11T12:08:03+00:00,gcp,2026-08-11T07:00:00Z,europe-central2,0839-37A3-7571,a2-highgpu-2g,A100,2,3_year,USD,2.97744,Machine Per Hour,1.48872,machine_inclusive,accelerator $1.1552/GPU-hr plus 24 vCPU and 170 GB RAM
2026-08-11T12:08:03+00:00,gcp,2026-08-11T07:00:00Z,europe-central2,0839-37A3-7571,a2-highgpu-4g,A100,4,3_year,USD,5.95488,Machine Per Hour,1.48872,machine_inclusive,accelerator $1.1552/GPU-hr plus 48 vCPU and 340 GB RAM
2026-08-11T12:08:03+00:00,gcp,2026-08-11T07:00:00Z,europe-central2,0839-37A3-7571,a2-highgpu-8g,A100,8,3_year,USD,11.909761,Machine Per Hour,1.48872,machine_inclusive,accelerator $1.1552/GPU-hr plus 96 vCPU and 680 GB RAM
2026-08-11T12:08:03+00:00,gcp,2026-08-11T07:00:00Z,europe-central2,0839-37A3-7571,a2-megagpu-16g,A100,16,3_year,USD,22.450986,Machine Per Hour,1.403187,machine_inclusive,accelerator $1.1552/GPU-hr plus 96 vCPU and 1360 GB RAM
2026-08-11T12:08:03+00:00,gcp,2026-08-11T07:00:00Z,southamerica-east1,085D-A208-A74B,a2-highgpu-1g,A100,1,1_year,USD,3.259941,GPU Per Hour,3.259941,machine_inclusive,accelerator $2.5205/GPU-hr plus 12 vCPU and 85 GB RAM
2026-08-11T12:08:03+00:00,gcp,2026-08-11T07:00:00Z,southamerica-east1,085D-A208-A74B,a2-highgpu-2g,A100,2,1_year,USD,6.519882,Machine Per Hour,3.259941,machine_inclusive,accelerator $2.5205/GPU-hr plus 24 vCPU and 170 GB RAM
2026-08-11T12:08:03+00:00,gcp,2026-08-11T07:00:00Z,southamerica-east1,085D-A208-A74B,a2-highgpu-4g,A100,4,1_year,USD,13.039765,Machine Per Hour,3.259941,machine_inclusive,accelerator $2.5205/GPU-hr plus 48 vCPU and 340 GB RAM
2026-08-11T12:08:03+00:00,gcp,2026-08-11T07:00:00Z,southamerica-east1,085D-A208-A74B,a2-highgpu-8g,A100,8,1_year,USD,26.079529,Machine Per Hour,3.259941,machine_inclusive,accelerator $2.5205/GPU-hr plus 96 vCPU and 680 GB RAM
2026-08-11T12:08:03+00:00,gcp,2026-08-11T07:00:00Z,southamerica-east1,085D-A208-A74B,a2-megagpu-16g,A100,16,1_year,USD,49.124163,Machine Per Hour,3.07026,machine_inclusive,accelerator $2.5205/GPU-hr plus 96 vCPU and 1360 GB RAM
2026-08-11T12:08:03+00:00,gcp,2026-08-11T07:00:00Z,me-central2,0885-7D3B-C13E,g2-standard-4,L4,1,1_year,USD,0.712487,GPU Per Hour,0.712487,machine_inclusive,accelerator $0.5645/GPU-hr plus 4 vCPU and 16 GB RAM
2026-08-11T12:08:03+00:00,gcp,2026-08-11T07:00:00Z,me-central2,0885-7D3B-C13E,g2-standard-8,L4,1,1_year,USD,0.860453,GPU Per Hour,0.860453,machine_inclusive,accelerator $0.5645/GPU-hr plus 8 vCPU and 32 GB RAM
2026-08-11T12:08:03+00:00,gcp,2026-08-11T07:00:00Z,me-central2,0885-7D3B-C13E,g2-standard-12,L4,1,1_year,USD,1.00842,GPU Per Hour,1.00842,machine_inclusive,accelerator $0.5645/GPU-hr plus 12 vCPU and 48 GB RAM
2026-08-11T12:08:03+00:00,gcp,2026-08-11T07:00:00Z,me-central2,0885-7D3B-C13E,g2-standard-16,L4,1,1_year,USD,1.156386,GPU Per Hour,1.156386,machine_inclusive,accelerator $0.5645/GPU-hr plus 16 vCPU and 64 GB RAM
2026-08-11T12:08:03+00:00,gcp,2026-08-11T07:00:00Z,me-central2,0885-7D3B-C13E,g2-standard-24,L4,2,1_year,USD,2.016839,Machine Per Hour,1.00842,machine_inclusive,accelerator $0.5645/GPU-hr plus 24 vCPU and 96 GB RAM
2026-08-11T12:08:03+00:00,gcp,2026-08-11T07:00:00Z,me-central2,0885-7D3B-C13E,g2-standard-32,L4,1,1_year,USD,1.748252,GPU Per Hour,1.748252,machine_inclusive,accelerator $0.5645/GPU-hr plus 32 vCPU and 128 GB RAM
2026-08-11T12:08:03+00:00,gcp,2026-08-11T07:00:00Z,me-central2,0885-7D3B-C13E,g2-standard-48,L4,4,1_year,USD,4.033679,Machine Per Hour,1.00842,machine_inclusive,accelerator $0.5645/GPU-hr plus 48 vCPU and 192 GB RAM
2026-08-11T12:08:03+00:00,gcp,2026-08-11T07:00:00Z,me-central2,0885-7D3B-C13E,g2-standard-96,L4,8,1_year,USD,8.067358,Machine Per Hour,1.00842,machine_inclusive,accelerator $0.5645/GPU-hr plus 96 vCPU and 384 GB RAM
2026-08-11T12:08:03+00:00,gcp,2026-08-11T07:00:00Z,europe-west4,088C-6492-3BB3,a3-highgpu-8g,H100,8,on_demand,USD,111.817192,Machine Per Hour,13.977149,machine_inclusive,accelerator $12.7355/GPU-hr plus 208 vCPU and 1872 GB RAM
2026-08-11T12:08:03+00:00,gcp,2026-08-11T07:00:00Z,me-west1,08A7-BDDD-E250,a2-highgpu-1g,A100,1,spot,USD,2.42438,GPU Per Hour,2.42438,machine_inclusive,accelerator $1.9364/GPU-hr plus 12 vCPU and 85 GB RAM
2026-08-11T12:08:03+00:00,gcp,2026-08-11T07:00:00Z,me-west1,08A7-BDDD-E250,a2-highgpu-2g,A100,2,spot,USD,4.84876,Machine Per Hour,2.42438,machine_inclusive,accelerator $1.9364/GPU-hr plus 24 vCPU and 170 GB RAM
2026-08-11T12:08:03+00:00,gcp,2026-08-11T07:00:00Z,me-west1,08A7-BDDD-E250,a2-highgpu-4g,A100,4,spot,USD,9.69752,Machine Per Hour,2.42438,machine_inclusive,accelerator $1.9364/GPU-hr plus 48 vCPU and 340 GB RAM
2026-08-11T12:08:03+00:00,gcp,2026-08-11T07:00:00Z,me-west1,08A7-BDDD-E250,a2-highgpu-8g,A100,8,spot,USD,19.39504,Machine Per Hour,2.42438,machine_inclusive,accelerator $1.9364/GPU-hr plus 96 vCPU and 680 GB RAM
2026-08-11T12:08:03+00:00,gcp,2026-08-11T07:00:00Z,me-west1,08A7-BDDD-E250,a2-megagpu-16g,A100,16,spot,USD,36.78752,Machine Per Hour,2.29922,machine_inclusive,accelerator $1.9364/GPU-hr plus 96 vCPU and 1360 GB RAM
2026-08-11T12:08:03+00:00,gcp,2026-08-11T07:00:00Z,europe-west9,08B1-55E8-AFB5,a2-ultragpu-1g,A100,1,spot,USD,0.66084,GPU Per Hour,0.66084,machine_inclusive,accelerator $0.5461/GPU-hr plus 12 vCPU and 170 GB RAM
2026-08-11T12:08:03+00:00,gcp,2026-08-11T07:00:00Z,europe-west9,08B1-55E8-AFB5,a2-ultragpu-2g,A100,2,spot,USD,1.32168,Machine Per Hour,0.66084,machine_inclusive,accelerator $0.5461/GPU-hr plus 24 vCPU and 340 GB RAM
2026-08-11T12:08:03+00:00,gcp,2026-08-11T07:00:00Z,europe-west9,08B1-55E8-AFB5,a2-ultragpu-4g,A100,4,spot,USD,2.64336,Machine Per Hour,0.66084,machine_inclusive,accelerator $0.5461/GPU-hr plus 48 vCPU and 680 GB RAM
2026-08-11T12:08:03+00:00,gcp,2026-08-11T07:00:00Z,europe-west9,08B1-55E8-AFB5,a2-ultragpu-8g,A100,8,spot,USD,5.28672,Machine Per Hour,0.66084,machine_inclusive,accelerator $0.5461/GPU-hr plus 96 vCPU and 1360 GB RAM
2026-08-11T12:08:03+00:00,gcp,2026-08-11T07:00:00Z,europe-west4,093E-7061-9626,1/8 vGPU no lssd,,,spot,USD,0.28463,GPU Per Hour,,,accelerator not in the lookup table -- add it to gcp.py
2026-08-11T12:08:03+00:00,gcp,2026-08-11T07:00:00Z,us-south1,0945-3B93-9ED9,Nvidia Tesla V100 GPU,V100,1,spot,USD,0.2634,GPU Per Hour,0.2634,accelerator_only,"bare accelerator price; Google bills vCPU and RAM separately, so this is NOT comparable to Oracle or Azure"
2026-08-11T12:08:03+00:00,gcp,2026-08-11T07:00:00Z,europe-west12,096A-F0D6-1ADC,Nvidia Tesla P4 GPU,P4,1,on_demand,USD,0.774,GPU Per Hour,0.774,accelerator_only,"bare accelerator price; Google bills vCPU and RAM separately, so this is NOT comparable to Oracle or Azure"
2026-08-11T12:08:03+00:00,gcp,2026-08-11T07:00:00Z,europe-west3,09AF-ED36-541A,a3-highgpu-8g,H100,8,3_year,USD,45.510817,Machine Per Hour,5.688852,machine_inclusive,accelerator $5.0739/GPU-hr plus 208 vCPU and 1872 GB RAM
2026-08-11T12:08:03+00:00,gcp,2026-08-11T07:00:00Z,northamerica-northeast1,09DD-77DA-37A9,Nvidia Tesla P4 GPU,P4,1,spot,USD,0.0585,GPU Per Hour,0.0585,accelerator_only,"bare accelerator price; Google bills vCPU and RAM separately, so this is NOT comparable to Oracle or Azure"
2026-08-11T12:08:03+00:00,gcp,2026-08-11T07:00:00Z,me-central1,0A85-E80E-A6FB,a2-highgpu-1g,A100,1,3_year,USD,1.562135,GPU Per Hour,1.562135,machine_inclusive,accelerator $1.2476/GPU-hr plus 12 vCPU and 85 GB RAM
2026-08-11T12:08:03+00:00,gcp,2026-08-11T07:00:00Z,me-central1,0A85-E80E-A6FB,a2-highgpu-2g,A100,2,3_year,USD,3.124271,Machine Per Hour,1.562135,machine_inclusive,accelerator $1.2476/GPU-hr plus 24 vCPU and 170 GB RAM
2026-08-11T12:08:03+00:00,gcp,2026-08-11T07:00:00Z,me-central1,0A85-E80E-A6FB,a2-highgpu-4g,A100,4,3_year,USD,6.248541,Machine Per Hour,1.562135,machine_inclusive,accelerator $1.2476/GPU-hr plus 48 vCPU and 340 GB RAM
2026-08-11T12:08:03+00:00,gcp,2026-08-11T07:00:00Z,me-central1,0A85-E80E-A6FB,a2-highgpu-8g,A100,8,3_year,USD,12.497083,Machine Per Hour,1.562135,machine_inclusive,accelerator $1.2476/GPU-hr plus 96 vCPU and 680 GB RAM
2026-08-11T12:08:03+00:00,gcp,2026-08-11T07:00:00Z,me-central1,0A85-E80E-A6FB,a2-megagpu-16g,A100,16,3_year,USD,23.703673,Machine Per Hour,1.48148,machine_inclusive,accelerator $1.2476/GPU-hr plus 96 vCPU and 1360 GB RAM
2026-08-11T12:08:03+00:00,gcp,2026-08-11T07:00:00Z,europe-west4,0A9E-E1DB-486C,RTX 6000 96GB,RTX PRO 6000,1,3_year,USD,0.530299,GPU Per Hour,0.530299,accelerator_only,"bare accelerator price; Google bills vCPU and RAM separately, so this is NOT comparable to Oracle or Azure"
2026-08-11T12:08:03+00:00,gcp,2026-08-11T07:00:00Z,europe-southwest1,0AA1-9606-97E3,a2-highgpu-1g,A100,1,on_demand,USD,4.334594,GPU Per Hour,4.334594,machine_inclusive,accelerator $3.4620/GPU-hr plus 12 vCPU and 85 GB RAM
2026-08-11T12:08:03+00:00,gcp,2026-08-11T07:00:00Z,europe-southwest1,0AA1-9606-97E3,a2-highgpu-2g,A100,2,on_demand,USD,8.669188,Machine Per Hour,4.334594,machine_inclusive,accelerator $3.4620/GPU-hr plus 24 vCPU and 170 GB RAM
2026-08-11T12:08:03+00:00,gcp,2026-08-11T07:00:00Z,europe-southwest1,0AA1-9606-97E3,a2-highgpu-4g,A100,4,on_demand,USD,17.338375,Machine Per Hour,4.334594,machine_inclusive,accelerator $3.4620/GPU-hr plus 48 vCPU and 340 GB RAM
2026-08-11T12:08:03+00:00,gcp,2026-08-11T07:00:00Z,europe-southwest1,0AA1-9606-97E3,a2-highgpu-8g,A100,8,on_demand,USD,34.676751,Machine Per Hour,4.334594,machine_inclusive,accelerator $3.4620/GPU-hr plus 96 vCPU and 680 GB RAM
2026-08-11T12:08:03+00:00,gcp,2026-08-11T07:00:00Z,europe-southwest1,0AA1-9606-97E3,a2-megagpu-16g,A100,16,on_demand,USD,65.772608,Machine Per Hour,4.110788,machine_inclusive,accelerator $3.4620/GPU-hr plus 96 vCPU and 1360 GB RAM
2026-08-11T12:08:03+00:00,gcp,2026-08-11T07:00:00Z,me-west1,0AC5-C084-1BE4,Nvidia Tesla V100 GPU,V100,1,on_demand,USD,2.728,GPU Per Hour,2.728,accelerator_only,"bare accelerator price; Google bills vCPU and RAM separately, so this is NOT comparable to Oracle or Azure"
2026-08-11T12:08:03+00:00,gcp,2026-08-11T07:00:00Z,asia-northeast1,0ACA-AF40-1A66,a3-megagpu-8g,H100 Mega,8,spot,USD,36.276464,Machine Per Hour,4.534558,machine_inclusive,accelerator $4.0462/GPU-hr plus 208 vCPU and 1872 GB RAM
2026-08-11T12:08:03+00:00,gcp,2026-08-11T07:00:00Z,us-west8,0AF9-2EA1-5BEE,Nvidia Tesla P100 GPU,P100,1,1_year,USD,0.919,GPU Per Hour,0.919,accelerator_only,"bare accelerator price; Google bills vCPU and RAM separately, so this is NOT comparable to Oracle or Azure"
2026-08-11T12:08:03+00:00,gcp,2026-08-11T07:00:00Z,asia-northeast1,0B49-EBFF-2E06,1/8 vGPU,,,1_year,USD,0.58024,GPU Per Hour,,,accelerator not in the lookup table -- add it to gcp.py
2026-08-11T12:08:03+00:00,gcp,2026-08-11T07:00:00Z,us-east4,0B85-B65B-0812,a3-highgpu-8g,H100,8,on_demand,USD,87.832468,Machine Per Hour,10.979059,machine_inclusive,accelerator $9.7966/GPU-hr plus 208 vCPU and 1872 GB RAM
2026-08-11T12:08:03+00:00,gcp,2026-08-11T07:00:00Z,me-central2,0B8F-3665-2FF2,g2-standard-4,L4,1,spot,USD,0.67852,GPU Per Hour,0.67852,machine_inclusive,accelerator $0.5376/GPU-hr plus 4 vCPU and 16 GB RAM
2026-08-11T12:08:03+00:00,gcp,2026-08-11T07:00:00Z,me-central2,0B8F-3665-2FF2,g2-standard-8,L4,1,spot,USD,0.81944,GPU Per Hour,0.81944,machine_inclusive,accelerator $0.5376/GPU-hr plus 8 vCPU and 32 GB RAM
2026-08-11T12:08:03+00:00,gcp,2026-08-11T07:00:00Z,me-central2,0B8F-3665-2FF2,g2-standard-12,L4,1,spot,USD,0.96036,GPU Per Hour,0.96036,machine_inclusive,accelerator $0.5376/GPU-hr plus 12 vCPU and 48 GB RAM
2026-08-11T12:08:03+00:00,gcp,2026-08-11T07:00:00Z,me-central2,0B8F-3665-2FF2,g2-standard-16,L4,1,spot,USD,1.10128,GPU Per Hour,1.10128,machine_inclusive,accelerator $0.5376/GPU-hr plus 16 vCPU and 64 GB RAM
2026-08-11T12:08:03+00:00,gcp,2026-08-11T07:00:00Z,me-central2,0B8F-3665-2FF2,g2-standard-24,L4,2,spot,USD,1.92072,Machine Per Hour,0.96036,machine_inclusive,accelerator $0.5376/GPU-hr plus 24 vCPU and 96 GB RAM
2026-08-11T12:08:03+00:00,gcp,2026-08-11T07:00:00Z,me-central2,0B8F-3665-2FF2,g2-standard-32,L4,1,spot,USD,1.66496,GPU Per Hour,1.66496,machine_inclusive,accelerator $0.5376/GPU-hr plus 32 vCPU and 128 GB RAM
2026-08-11T12:08:03+00:00,gcp,2026-08-11T07:00:00Z,me-central2,0B8F-3665-2FF2,g2-standard-48,L4,4,spot,USD,3.84144,Machine Per Hour,0.96036,machine_inclusive,accelerator $0.5376/GPU-hr plus 48 vCPU and 192 GB RAM
2026-08-11T12:08:03+00:00,gcp,2026-08-11T07:00:00Z,me-central2,0B8F-3665-2FF2,g2-standard-96,L4,8,spot,USD,7.68288,Machine Per Hour,0.96036,machine_inclusive,accelerator $0.5376/GPU-hr plus 96 vCPU and 384 GB RAM
2026-08-11T12:08:03+00:00,gcp,2026-08-11T07:00:00Z,europe-southwest1,0B94-5FED-D396,Nvidia Tesla P100 GPU,P100,1,on_demand,USD,1.7228,GPU Per Hour,1.7228,accelerator_only,"bare accelerator price; Google bills vCPU and RAM separately, so this is NOT comparable to Oracle or Azure"
2026-08-11T12:08:03+00:00,gcp,2026-08-11T07:00:00Z,asia-east1,0BE9-4C70-DE40,1/8 vGPU no lssd,,,spot,USD,0.33638,GPU Per Hour,,,accelerator not in the lookup table -- add it to gcp.py
2026-08-11T12:08:03+00:00,gcp,2026-08-11T07:00:00Z,europe-west1,0BEC-93C3-3036,a2-highgpu-1g,A100,1,spot,USD,0.876595,GPU Per Hour,0.876595,machine_inclusive,accelerator $0.6863/GPU-hr plus 12 vCPU and 85 GB RAM
2026-08-11T12:08:03+00:00,gcp,2026-08-11T07:00:00Z,europe-west1,0BEC-93C3-3036,a2-highgpu-2g,A100,2,spot,USD,1.75319,Machine Per Hour,0.876595,machine_inclusive,accelerator $0.6863/GPU-hr plus 24 vCPU and 170 GB RAM
2026-08-11T12:08:03+00:00,gcp,2026-08-11T07:00:00Z,europe-west1,0BEC-93C3-3036,a2-highgpu-4g,A100,4,spot,USD,3.50638,Machine Per Hour,0.876595,machine_inclusive,accelerator $0.6863/GPU-hr plus 48 vCPU and 340 GB RAM
2026-08-11T12:08:03+00:00,gcp,2026-08-11T07:00:00Z,europe-west1,0BEC-93C3-3036,a2-highgpu-8g,A100,8,spot,USD,7.01276,Machine Per Hour,0.876595,machine_inclusive,accelerator $0.6863/GPU-hr plus 96 vCPU and 680 GB RAM
2026-08-11T12:08:03+00:00,gcp,2026-08-11T07:00:00Z,europe-west1,0BEC-93C3-3036,a2-megagpu-16g,A100,16,spot,USD,13.24504,Machine Per Hour,0.827815,machine_inclusive,accelerator $0.6863/GPU-hr plus 96 vCPU and 1360 GB RAM
2026-08-11T12:08:03+00:00,gcp,2026-08-11T07:00:00Z,northamerica-northeast2,0BEE-9153-BAAF,a3-highgpu-8g,H100,8,3_year,USD,42.467763,Machine Per Hour,5.30847,machine_inclusive,accelerator $4.7346/GPU-hr plus 208 vCPU and 1872 GB RAM
2026-08-11T12:08:03+00:00,gcp,2026-08-11T07:00:00Z,us-west4,0BFC-D96C-F4D1,a2-ultragpu-1g,A100,1,on_demand,USD,5.662527,GPU Per Hour,5.662527,machine_inclusive,accelerator $4.4242/GPU-hr plus 12 vCPU and 170 GB RAM
2026-08-11T12:08:03+00:00,gcp,2026-08-11T07:00:00Z,us-west4,0BFC-D96C-F4D1,a2-ultragpu-2g,A100,2,on_demand,USD,11.325054,Machine Per Hour,5.662527,machine_inclusive,accelerator $4.4242/GPU-hr plus 24 vCPU and 340 GB RAM
2026-08-11T12:08:03+00:00,gcp,2026-08-11T07:00:00Z,us-west4,0BFC-D96C-F4D1,a2-ultragpu-4g,A100,4,on_demand,USD,22.650108,Machine Per Hour,5.662527,machine_inclusive,accelerator $4.4242/GPU-hr plus 48 vCPU and 680 GB RAM
2026-08-11T12:08:03+00:00,gcp,2026-08-11T07:00:00Z,us-west4,0BFC-D96C-F4D1,a2-ultragpu-8g,A100,8,on_demand,USD,45.300216,Machine Per Hour,5.662527,machine_inclusive,accelerator $4.4242/GPU-hr plus 96 vCPU and 1360 GB RAM
2026-08-11T12:08:03+00:00,gcp,2026-08-11T07:00:00Z,europe-west1,0C14-D702-D6D0,a3-highgpu-8g,H100,8,spot,USD,43.55792,Machine Per Hour,5.44474,machine_inclusive,accelerator $4.8587/GPU-hr plus 208 vCPU and 1872 GB RAM
2026-08-11T12:08:03+00:00,gcp,2026-08-11T07:00:00Z,me-central2,0C35-3E03-7F4B,Nvidia Tesla T4 GPU,T4,1,1_year,USD,0.352,GPU Per Hour,0.352,accelerator_only,"bare accelerator price; Google bills vCPU and RAM separately, so this is NOT comparable to Oracle or Azure"
2026-08-11T12:08:03+00:00,gcp,2026-08-11T07:00:00Z,australia-southeast2,0C36-AFF2-C0F1,Nvidia Tesla T4 GPU,T4,1,on_demand,USD,0.497,GPU Per Hour,0.497,accelerator_only,"bare accelerator price; Google bills vCPU and RAM separately, so this is NOT comparable to Oracle or Azure"
2026-08-11T12:08:03+00:00,gcp,2026-08-11T07:00:00Z,europe-west6,0C60-5B8F-65BF,Nvidia Tesla P4 GPU,P4,1,on_demand,USD,0.84,GPU Per Hour,0.84,accelerator_only,"bare accelerator price; Google bills vCPU and RAM separately, so this is NOT comparable to Oracle or Azure"
2026-08-11T12:08:03+00:00,gcp,2026-08-11T07:00:00Z,us-east5,0C7C-4928-2142,Nvidia Tesla P100 GPU,P100,1,on_demand,USD,1.46,GPU Per Hour,1.46,accelerator_only,"bare accelerator price; Google bills vCPU and RAM separately, so this is NOT comparable to Oracle or Azure"
2026-08-11T12:08:03+00:00,gcp,2026-08-11T07:00:00Z,europe-west10,0C8C-4107-7A5E,Nvidia Tesla V100 GPU,V100,1,1_year,USD,2.40548,GPU Per Hour,2.40548,accelerator_only,"bare accelerator price; Google bills vCPU and RAM separately, so this is NOT comparable to Oracle or Azure"
2026-08-11T12:08:03+00:00,gcp,2026-08-11T07:00:00Z,europe-west3,0CB5-75B1-6C16,a2-highgpu-1g,A100,1,3_year,USD,1.48872,GPU Per Hour,1.48872,machine_inclusive,accelerator $1.1552/GPU-hr plus 12 vCPU and 85 GB RAM
2026-08-11T12:08:03+00:00,gcp,2026-08-11T07:00:00Z,europe-west3,0CB5-75B1-6C16,a2-highgpu-2g,A100,2,3_year,USD,2.97744,Machine Per Hour,1.48872,machine_inclusive,accelerator $1.1552/GPU-hr plus 24 vCPU and 170 GB RAM
2026-08-11T12:08:03+00:00,gcp,2026-08-11T07:00:00Z,europe-west3,0CB5-75B1-6C16,a2-highgpu-4g,A100,4,3_year,USD,5.95488,Machine Per Hour,1.48872,machine_inclusive,accelerator $1.1552/GPU-hr plus 48 vCPU and 340 GB RAM
2026-08-11T12:08:03+00:00,gcp,2026-08-11T07:00:00Z,europe-west3,0CB5-75B1-6C16,a2-highgpu-8g,A100,8,3_year,USD,11.909761,Machine Per Hour,1.48872,machine_inclusive,accelerator $1.1552/GPU-hr plus 96 vCPU and 680 GB RAM
2026-08-11T12:08:03+00:00,gcp,2026-08-11T07:00:00Z,europe-west3,0CB5-75B1-6C16,a2-megagpu-16g,A100,16,3_year,USD,22.450986,Machine Per Hour,1.403187,machine_inclusive,accelerator $1.1552/GPU-hr plus 96 vCPU and 1360 GB RAM
2026-08-11T12:08:03+00:00,gcp,2026-08-11T07:00:00Z,europe-west10,0D20-538F-E94C,a3-highgpu-8g,H100,8,spot,USD,13.125984,Machine Per Hour,1.640748,machine_inclusive,accelerator $1.4640/GPU-hr plus 208 vCPU and 1872 GB RAM
2026-08-11T12:08:03+00:00,gcp,2026-08-11T07:00:00Z,asia-southeast1,0D2A-8332-825D,g2-standard-4,L4,1,1_year,USD,0.549372,GPU Per Hour,0.549372,machine_inclusive,accelerator $0.4353/GPU-hr plus 4 vCPU and 16 GB RAM
2026-08-11T12:08:03+00:00,gcp,2026-08-11T07:00:00Z,asia-southeast1,0D2A-8332-825D,g2-standard-8,L4,1,1_year,USD,0.663463,GPU Per Hour,0.663463,machine_inclusive,accelerator $0.4353/GPU-hr plus 8 vCPU and 32 GB RAM
2026-08-11T12:08:03+00:00,gcp,2026-08-11T07:00:00Z,asia-southeast1,0D2A-8332-825D,g2-standard-12,L4,1,1_year,USD,0.777555,GPU Per Hour,0.777555,machine_inclusive,accelerator $0.4353/GPU-hr plus 12 vCPU and 48 GB RAM
2026-08-11T12:08:03+00:00,gcp,2026-08-11T07:00:00Z,asia-southeast1,0D2A-8332-825D,g2-standard-16,L4,1,1_year,USD,0.891646,GPU Per Hour,0.891646,machine_inclusive,accelerator $0.4353/GPU-hr plus 16 vCPU and 64 GB RAM
2026-08-11T12:08:03+00:00,gcp,2026-08-11T07:00:00Z,asia-southeast1,0D2A-8332-825D,g2-standard-24,L4,2,1_year,USD,1.555109,Machine Per Hour,0.777555,machine_inclusive,accelerator $0.4353/GPU-hr plus 24 vCPU and 96 GB RAM
2026-08-11T12:08:03+00:00,gcp,2026-08-11T07:00:00Z,asia-southeast1,0D2A-8332-825D,g2-standard-32,L4,1,1_year,USD,1.348011,GPU Per Hour,1.348011,machine_inclusive,accelerator $0.4353/GPU-hr plus 32 vCPU and 128 GB RAM
2026-08-11T12:08:03+00:00,gcp,2026-08-11T07:00:00Z,asia-southeast1,0D2A-8332-825D,g2-standard-48,L4,4,1_year,USD,3.110218,Machine Per Hour,0.777555,machine_inclusive,accelerator $0.4353/GPU-hr plus 48 vCPU and 192 GB RAM
2026-08-11T12:08:03+00:00,gcp,2026-08-11T07:00:00Z,asia-southeast1,0D2A-8332-825D,g2-standard-96,L4,8,1_year,USD,6.220436,Machine Per Hour,0.777555,machine_inclusive,accelerator $0.4353/GPU-hr plus 96 vCPU and 384 GB RAM
2026-08-11T12:08:03+00:00,gcp,2026-08-11T07:00:00Z,us-west4,0D32-422E-FA43,Nvidia Tesla T4 GPU,T4,1,3_year,USD,0.17,GPU Per Hour,0.17,accelerator_only,"bare accelerator price; Google bills vCPU and RAM separately, so this is NOT comparable to Oracle or Azure"
2026-08-11T12:08:03+00:00,gcp,2026-08-11T07:00:00Z,me-west1,0D62-739D-40FC,Nvidia Tesla P4 GPU,P4,1,on_demand,USD,0.66,GPU Per Hour,0.66,accelerator_only,"bare accelerator price; Google bills vCPU and RAM separately, so this is NOT comparable to Oracle or Azure"
2026-08-11T12:08:03+00:00,gcp,2026-08-11T07:00:00Z,asia-northeast1,0D7D-2622-A1A0,Nvidia Tesla T4 GPU,T4,1,1_year,USD,0.23,GPU Per Hour,0.23,accelerator_only,"bare accelerator price; Google bills vCPU and RAM separately, so this is NOT comparable to Oracle or Azure"
2026-08-11T12:08:03+00:00,gcp,2026-08-11T07:00:00Z,us-west2,0D90-CC9E-5C98,a2-highgpu-1g,A100,1,on_demand,USD,4.325069,GPU Per Hour,4.325069,machine_inclusive,accelerator $3.4369/GPU-hr plus 12 vCPU and 85 GB RAM
2026-08-11T12:08:03+00:00,gcp,2026-08-11T07:00:00Z,us-west2,0D90-CC9E-5C98,a2-highgpu-2g,A100,2,on_demand,USD,8.650137,Machine Per Hour,4.325069,machine_inclusive,accelerator $3.4369/GPU-hr plus 24 vCPU and 170 GB RAM
2026-08-11T12:08:03+00:00,gcp,2026-08-11T07:00:00Z,us-west2,0D90-CC9E-5C98,a2-highgpu-4g,A100,4,on_demand,USD,17.300275,Machine Per Hour,4.325069,machine_inclusive,accelerator $3.4369/GPU-hr plus 48 vCPU and 340 GB RAM
2026-08-11T12:08:03+00:00,gcp,2026-08-11T07:00:00Z,us-west2,0D90-CC9E-5C98,a2-highgpu-8g,A100,8,on_demand,USD,34.600549,Machine Per Hour,4.325069,machine_inclusive,accelerator $3.4369/GPU-hr plus 96 vCPU and 680 GB RAM
2026-08-11T12:08:03+00:00,gcp,2026-08-11T07:00:00Z,us-west2,0D90-CC9E-5C98,a2-megagpu-16g,A100,16,on_demand,USD,65.555979,Machine Per Hour,4.097249,machine_inclusive,accelerator $3.4369/GPU-hr plus 96 vCPU and 1360 GB RAM
2026-08-11T12:08:03+00:00,gcp,2026-08-11T07:00:00Z,us-west3,0D92-FB55-1A3F,Nvidia Tesla P100 GPU,P100,1,3_year,USD,0.788,GPU Per Hour,0.788,accelerator_only,"bare accelerator price; Google bills vCPU and RAM separately, so this is NOT comparable to Oracle or Azure"
2026-08-11T12:08:03+00:00,gcp,2026-08-11T07:00:00Z,asia-south2,0E54-E9EC-6CA5,a2-ultragpu-1g,A100,1,1_year,USD,5.013058,GPU Per Hour,5.013058,machine_inclusive,accelerator $4.1811/GPU-hr plus 12 vCPU and 170 GB RAM
2026-08-11T12:08:03+00:00,gcp,2026-08-11T07:00:00Z,asia-south2,0E54-E9EC-6CA5,a2-ultragpu-2g,A100,2,1_year,USD,10.026117,Machine Per Hour,5.013058,machine_inclusive,accelerator $4.1811/GPU-hr plus 24 vCPU and 340 GB RAM
2026-08-11T12:08:03+00:00,gcp,2026-08-11T07:00:00Z,asia-south2,0E54-E9EC-6CA5,a2-ultragpu-4g,A100,4,1_year,USD,20.052234,Machine Per Hour,5.013058,machine_inclusive,accelerator $4.1811/GPU-hr plus 48 vCPU and 680 GB RAM
2026-08-11T12:08:03+00:00,gcp,2026-08-11T07:00:00Z,asia-south2,0E54-E9EC-6CA5,a2-ultragpu-8g,A100,8,1_year,USD,40.104467,Machine Per Hour,5.013058,machine_inclusive,accelerator $4.1811/GPU-hr plus 96 vCPU and 1360 GB RAM
2026-08-11T12:08:03+00:00,gcp,2026-08-11T07:00:00Z,europe-west9,0E57-B179-37BA,a2-ultragpu-1g,A100,1,on_demand,USD,5.832135,GPU Per Hour,5.832135,machine_inclusive,accelerator $4.5566/GPU-hr plus 12 vCPU and 170 GB RAM
2026-08-11T12:08:03+00:00,gcp,2026-08-11T07:00:00Z,europe-west9,0E57-B179-37BA,a2-ultragpu-2g,A100,2,on_demand,USD,11.664269,Machine Per Hour,5.832135,machine_inclusive,accelerator $4.5566/GPU-hr plus 24 vCPU and 340 GB RAM
2026-08-11T12:08:03+00:00,gcp,2026-08-11T07:00:00Z,europe-west9,0E57-B179-37BA,a2-ultragpu-4g,A100,4,on_demand,USD,23.328538,Machine Per Hour,5.832135,machine_inclusive,accelerator $4.5566/GPU-hr plus 48 vCPU and 680 GB RAM
2026-08-11T12:08:03+00:00,gcp,2026-08-11T07:00:00Z,europe-west9,0E57-B179-37BA,a2-ultragpu-8g,A100,8,on_demand,USD,46.657076,Machine Per Hour,5.832135,machine_inclusive,accelerator $4.5566/GPU-hr plus 96 vCPU and 1360 GB RAM
2026-08-11T12:08:03+00:00,gcp,2026-08-11T07:00:00Z,europe-west4,0E97-4AD5-6BF9,Nvidia Tesla T4 GPU,T4,1,3_year,USD,0.15,GPU Per Hour,0.15,accelerator_only,"bare accelerator price; Google bills vCPU and RAM separately, so this is NOT comparable to Oracle or Azure"
2026-08-11T12:08:03+00:00,gcp,2026-08-11T07:00:00Z,us-south1,0E9B-6E9B-8D85,a2-ultragpu-1g,A100,1,spot,USD,0.67212,GPU Per Hour,0.67212,machine_inclusive,accelerator $0.5553/GPU-hr plus 12 vCPU and 170 GB RAM
2026-08-11T12:08:03+00:00,gcp,2026-08-11T07:00:00Z,us-south1,0E9B-6E9B-8D85,a2-ultragpu-2g,A100,2,spot,USD,1.34424,Machine Per Hour,0.67212,machine_inclusive,accelerator $0.5553/GPU-hr plus 24 vCPU and 340 GB RAM
2026-08-11T12:08:03+00:00,gcp,2026-08-11T07:00:00Z,us-south1,0E9B-6E9B-8D85,a2-ultragpu-4g,A100,4,spot,USD,2.68848,Machine Per Hour,0.67212,machine_inclusive,accelerator $0.5553/GPU-hr plus 48 vCPU and 680 GB RAM
2026-08-11T12:08:03+00:00,gcp,2026-08-11T07:00:00Z,us-south1,0E9B-6E9B-8D85,a2-ultragpu-8g,A100,8,spot,USD,5.37696,Machine Per Hour,0.67212,machine_inclusive,accelerator $0.5553/GPU-hr plus 96 vCPU and 1360 GB RAM
2026-08-11T12:08:03+00:00,gcp,2026-08-11T07:00:00Z,us-south1,0EB6-A180-181A,Nvidia Tesla P4 GPU,P4,1,spot,USD,0.2185,GPU Per Hour,0.2185,accelerator_only,"bare accelerator price; Google bills vCPU and RAM separately, so this is NOT comparable to Oracle or Azure"
2026-08-11T12:08:03+00:00,gcp,2026-08-11T07:00:00Z,southamerica-west1,0EBE-8035-50B8,a2-ultragpu-1g,A100,1,3_year,USD,4.978552,GPU Per Hour,4.978552,machine_inclusive,accelerator $4.4281/GPU-hr plus 12 vCPU and 170 GB RAM
2026-08-11T12:08:03+00:00,gcp,2026-08-11T07:00:00Z,southamerica-west1,0EBE-8035-50B8,a2-ultragpu-2g,A100,2,3_year,USD,9.957103,Machine Per Hour,4.978552,machine_inclusive,accelerator $4.4281/GPU-hr plus 24 vCPU and 340 GB RAM
2026-08-11T12:08:03+00:00,gcp,2026-08-11T07:00:00Z,southamerica-west1,0EBE-8035-50B8,a2-ultragpu-4g,A100,4,3_year,USD,19.914206,Machine Per Hour,4.978552,machine_inclusive,accelerator $4.4281/GPU-hr plus 48 vCPU and 680 GB RAM
2026-08-11T12:08:03+00:00,gcp,2026-08-11T07:00:00Z,southamerica-west1,0EBE-8035-50B8,a2-ultragpu-8g,A100,8,3_year,USD,39.828412,Machine Per Hour,4.978552,machine_inclusive,accelerator $4.4281/GPU-hr plus 96 vCPU and 1360 GB RAM
2026-08-11T12:08:03+00:00,gcp,2026-08-11T07:00:00Z,asia-northeast2,0EED-20E8-4F18,a2-highgpu-1g,A100,1,3_year,USD,1.422898,GPU Per Hour,1.422898,machine_inclusive,accelerator $1.0911/GPU-hr plus 12 vCPU and 85 GB RAM
2026-08-11T12:08:03+00:00,gcp,2026-08-11T07:00:00Z,asia-northeast2,0EED-20E8-4F18,a2-highgpu-2g,A100,2,3_year,USD,2.845796,Machine Per Hour,1.422898,machine_inclusive,accelerator $1.0911/GPU-hr plus 24 vCPU and 170 GB RAM
2026-08-11T12:08:03+00:00,gcp,2026-08-11T07:00:00Z,asia-northeast2,0EED-20E8-4F18,a2-highgpu-4g,A100,4,3_year,USD,5.691591,Machine Per Hour,1.422898,machine_inclusive,accelerator $1.0911/GPU-hr plus 48 vCPU and 340 GB RAM
2026-08-11T12:08:03+00:00,gcp,2026-08-11T07:00:00Z,asia-northeast2,0EED-20E8-4F18,a2-highgpu-8g,A100,8,3_year,USD,11.383182,Machine Per Hour,1.422898,machine_inclusive,accelerator $1.0911/GPU-hr plus 96 vCPU and 680 GB RAM
2026-08-11T12:08:03+00:00,gcp,2026-08-11T07:00:00Z,asia-northeast2,0EED-20E8-4F18,a2-megagpu-16g,A100,16,3_year,USD,21.401592,Machine Per Hour,1.3376,machine_inclusive,accelerator $1.0911/GPU-hr plus 96 vCPU and 1360 GB RAM
2026-08-11T12:08:03+00:00,gcp,2026-08-11T07:00:00Z,us-west8,0F12-8A74-9EA6,a3-highgpu-8g,H100,8,3_year,USD,38.568495,Machine Per Hour,4.821062,machine_inclusive,accelerator $4.2999/GPU-hr plus 208 vCPU and 1872 GB RAM
2026-08-11T12:08:03+00:00,gcp,2026-08-11T07:00:00Z,us-west2,0F63-D36A-1622,a2-highgpu-1g,A100,1,3_year,USD,1.466147,GPU Per Hour,1.466147,machine_inclusive,accelerator $1.1552/GPU-hr plus 12 vCPU and 85 GB RAM
2026-08-11T12:08:03+00:00,gcp,2026-08-11T07:00:00Z,us-west2,0F63-D36A-1622,a2-highgpu-2g,A100,2,3_year,USD,2.932294,Machine Per Hour,1.466147,machine_inclusive,accelerator $1.1552/GPU-hr plus 24 vCPU and 170 GB RAM
2026-08-11T12:08:03+00:00,gcp,2026-08-11T07:00:00Z,us-west2,0F63-D36A-1622,a2-highgpu-4g,A100,4,3_year,USD,5.864588,Machine Per Hour,1.466147,machine_inclusive,accelerator $1.1552/GPU-hr plus 48 vCPU and 340 GB RAM
2026-08-11T12:08:03+00:00,gcp,2026-08-11T07:00:00Z,us-west2,0F63-D36A-1622,a2-highgpu-8g,A100,8,3_year,USD,11.729177,Machine Per Hour,1.466147,machine_inclusive,accelerator $1.1552/GPU-hr plus 96 vCPU and 680 GB RAM
2026-08-11T12:08:03+00:00,gcp,2026-08-11T07:00:00Z,us-west2,0F63-D36A-1622,a2-megagpu-16g,A100,16,3_year,USD,22.182554,Machine Per Hour,1.38641,machine_inclusive,accelerator $1.1552/GPU-hr plus 96 vCPU and 1360 GB RAM
2026-08-11T12:08:03+00:00,gcp,2026-08-11T07:00:00Z,europe-north1,0F65-29A4-7662,a2-highgpu-1g,A100,1,3_year,USD,1.311834,GPU Per Hour,1.311834,machine_inclusive,accelerator $1.0269/GPU-hr plus 12 vCPU and 85 GB RAM
2026-08-11T12:08:03+00:00,gcp,2026-08-11T07:00:00Z,europe-north1,0F65-29A4-7662,a2-highgpu-2g,A100,2,3_year,USD,2.623669,Machine Per Hour,1.311834,machine_inclusive,accelerator $1.0269/GPU-hr plus 24 vCPU and 170 GB RAM
2026-08-11T12:08:03+00:00,gcp,2026-08-11T07:00:00Z,europe-north1,0F65-29A4-7662,a2-highgpu-4g,A100,4,3_year,USD,5.247337,Machine Per Hour,1.311834,machine_inclusive,accelerator $1.0269/GPU-hr plus 48 vCPU and 340 GB RAM
2026-08-11T12:08:03+00:00,gcp,2026-08-11T07:00:00Z,europe-north1,0F65-29A4-7662,a2-highgpu-8g,A100,8,3_year,USD,10.494675,Machine Per Hour,1.311834,machine_inclusive,accelerator $1.0269/GPU-hr plus 96 vCPU and 680 GB RAM
2026-08-11T12:08:03+00:00,gcp,2026-08-11T07:00:00Z,europe-north1,0F65-29A4-7662,a2-megagpu-16g,A100,16,3_year,USD,19.819861,Machine Per Hour,1.238741,machine_inclusive,accelerator $1.0269/GPU-hr plus 96 vCPU and 1360 GB RAM
2026-08-11T12:08:03+00:00,gcp,2026-08-11T07:00:00Z,us-west4,0F72-2134-6F78,Nvidia Tesla P100 GPU,P100,1,1_year,USD,0.919,GPU Per Hour,0.919,accelerator_only,"bare accelerator price; Google bills vCPU and RAM separately, so this is NOT comparable to Oracle or Azure"
2026-08-11T12:08:03+00:00,gcp,2026-08-11T07:00:00Z,asia-northeast1,0F9C-3328-58B9,g2-standard-4,L4,1,3_year,USD,0.408471,GPU Per Hour,0.408471,machine_inclusive,accelerator $0.3236/GPU-hr plus 4 vCPU and 16 GB RAM
2026-08-11T12:08:03+00:00,gcp,2026-08-11T07:00:00Z,asia-northeast1,0F9C-3328-58B9,g2-standard-8,L4,1,3_year,USD,0.493301,GPU Per Hour,0.493301,machine_inclusive,accelerator $0.3236/GPU-hr plus 8 vCPU and 32 GB RAM
2026-08-11T12:08:03+00:00,gcp,2026-08-11T07:00:00Z,asia-northeast1,0F9C-3328-58B9,g2-standard-12,L4,1,3_year,USD,0.578131,GPU Per Hour,0.578131,machine_inclusive,accelerator $0.3236/GPU-hr plus 12 vCPU and 48 GB RAM
2026-08-11T12:08:03+00:00,gcp,2026-08-11T07:00:00Z,asia-northeast1,0F9C-3328-58B9,g2-standard-16,L4,1,3_year,USD,0.66296,GPU Per Hour,0.66296,machine_inclusive,accelerator $0.3236/GPU-hr plus 16 vCPU and 64 GB RAM
2026-08-11T12:08:03+00:00,gcp,2026-08-11T07:00:00Z,asia-northeast1,0F9C-3328-58B9,g2-standard-24,L4,2,3_year,USD,1.156261,Machine Per Hour,0.578131,machine_inclusive,accelerator $0.3236/GPU-hr plus 24 vCPU and 96 GB RAM
2026-08-11T12:08:03+00:00,gcp,2026-08-11T07:00:00Z,asia-northeast1,0F9C-3328-58B9,g2-standard-32,L4,1,3_year,USD,1.002279,GPU Per Hour,1.002279,machine_inclusive,accelerator $0.3236/GPU-hr plus 32 vCPU and 128 GB RAM
2026-08-11T12:08:03+00:00,gcp,2026-08-11T07:00:00Z,asia-northeast1,0F9C-3328-58B9,g2-standard-48,L4,4,3_year,USD,2.312523,Machine Per Hour,0.578131,machine_inclusive,accelerator $0.3236/GPU-hr plus 48 vCPU and 192 GB RAM
2026-08-11T12:08:03+00:00,gcp,2026-08-11T07:00:00Z,asia-northeast1,0F9C-3328-58B9,g2-standard-96,L4,8,3_year,USD,4.625045,Machine Per Hour,0.578131,machine_inclusive,accelerator $0.3236/GPU-hr plus 96 vCPU and 384 GB RAM
2026-08-11T12:08:03+00:00,gcp,2026-08-11T07:00:00Z,me-central2,0FB8-DEC0-3D83,a3-highgpu-8g,H100,8,on_demand,USD,140.531939,Machine Per Hour,17.566492,machine_inclusive,accelerator $15.6745/GPU-hr plus 208 vCPU and 1872 GB RAM
2026-08-11T12:08:03+00:00,gcp,2026-08-11T07:00:00Z,europe-west6,0FC3-E99B-0E22,Nvidia Tesla V100 GPU,V100,1,on_demand,USD,3.472,GPU Per Hour,3.472,accelerator_only,"bare accelerator price; Google bills vCPU and RAM separately, so this is NOT comparable to Oracle or Azure"
2026-08-11T12:08:03+00:00,gcp,2026-08-11T07:00:00Z,asia-south2,0FC8-A8C3-2DAC,Nvidia Tesla P4 GPU,P4,1,1_year,USD,0.4536,GPU Per Hour,0.4536,accelerator_only,"bare accelerator price; Google bills vCPU and RAM separately, so this is NOT comparable to Oracle or Azure"
2026-08-11T12:08:03+00:00,gcp,2026-08-11T07:00:00Z,europe-west4,1016-BA50-944D,a3-ultragpu-8g,H200,8,3_year,USD,40.28192,Machine Per Hour,5.03524,machine_inclusive,accelerator $4.4913/GPU-hr plus 224 vCPU and 2952 GB RAM
2026-08-11T12:08:03+00:00,gcp,2026-08-11T07:00:00Z,europe-west4,106E-FD92-377B,RTX 6000 96GB,RTX PRO 6000,1,spot,USD,0.4821,GPU Per Hour,0.4821,accelerator_only,"bare accelerator price; Google bills vCPU and RAM separately, so this is NOT comparable to Oracle or Azure"
2026-08-11T12:08:03+00:00,gcp,2026-08-11T07:00:00Z,me-central2,10CB-FB91-33CF,a2-ultragpu-1g,A100,1,1_year,USD,6.67808,GPU Per Hour,6.67808,machine_inclusive,accelerator $5.5697/GPU-hr plus 12 vCPU and 170 GB RAM
2026-08-11T12:08:03+00:00,gcp,2026-08-11T07:00:00Z,me-central2,10CB-FB91-33CF,a2-ultragpu-2g,A100,2,1_year,USD,13.35616,Machine Per Hour,6.67808,machine_inclusive,accelerator $5.5697/GPU-hr plus 24 vCPU and 340 GB RAM
2026-08-11T12:08:03+00:00,gcp,2026-08-11T07:00:00Z,me-central2,10CB-FB91-33CF,a2-ultragpu-4g,A100,4,1_year,USD,26.71232,Machine Per Hour,6.67808,machine_inclusive,accelerator $5.5697/GPU-hr plus 48 vCPU and 680 GB RAM
2026-08-11T12:08:03+00:00,gcp,2026-08-11T07:00:00Z,me-central2,10CB-FB91-33CF,a2-ultragpu-8g,A100,8,1_year,USD,53.42464,Machine Per Hour,6.67808,machine_inclusive,accelerator $5.5697/GPU-hr plus 96 vCPU and 1360 GB RAM
2026-08-11T12:08:03+00:00,gcp,2026-08-11T07:00:00Z,asia-northeast3,1169-8457-3F17,g2-standard-4,L4,1,3_year,USD,0.408471,GPU Per Hour,0.408471,machine_inclusive,accelerator $0.3236/GPU-hr plus 4 vCPU and 16 GB RAM
2026-08-11T12:08:03+00:00,gcp,2026-08-11T07:00:00Z,asia-northeast3,1169-8457-3F17,g2-standard-8,L4,1,3_year,USD,0.493301,GPU Per Hour,0.493301,machine_inclusive,accelerator $0.3236/GPU-hr plus 8 vCPU and 32 GB RAM
2026-08-11T12:08:03+00:00,gcp,2026-08-11T07:00:00Z,asia-northeast3,1169-8457-3F17,g2-standard-12,L4,1,3_year,USD,0.578131,GPU Per Hour,0.578131,machine_inclusive,accelerator $0.3236/GPU-hr plus 12 vCPU and 48 GB RAM
2026-08-11T12:08:03+00:00,gcp,2026-08-11T07:00:00Z,asia-northeast3,1169-8457-3F17,g2-standard-16,L4,1,3_year,USD,0.66296,GPU Per Hour,0.66296,machine_inclusive,accelerator $0.3236/GPU-hr plus 16 vCPU and 64 GB RAM
2026-08-11T12:08:03+00:00,gcp,2026-08-11T07:00:00Z,asia-northeast3,1169-8457-3F17,g2-standard-24,L4,2,3_year,USD,1.156261,Machine Per Hour,0.578131,machine_inclusive,accelerator $0.3236/GPU-hr plus 24 vCPU and 96 GB RAM
2026-08-11T12:08:03+00:00,gcp,2026-08-11T07:00:00Z,asia-northeast3,1169-8457-3F17,g2-standard-32,L4,1,3_year,USD,1.002279,GPU Per Hour,1.002279,machine_inclusive,accelerator $0.3236/GPU-hr plus 32 vCPU and 128 GB RAM
2026-08-11T12:08:03+00:00,gcp,2026-08-11T07:00:00Z,asia-northeast3,1169-8457-3F17,g2-standard-48,L4,4,3_year,USD,2.312523,Machine Per Hour,0.578131,machine_inclusive,accelerator $0.3236/GPU-hr plus 48 vCPU and 192 GB RAM
2026-08-11T12:08:03+00:00,gcp,2026-08-11T07:00:00Z,asia-northeast3,1169-8457-3F17,g2-standard-96,L4,8,3_year,USD,4.625045,Machine Per Hour,0.578131,machine_inclusive,accelerator $0.3236/GPU-hr plus 96 vCPU and 384 GB RAM
2026-08-11T12:08:03+00:00,gcp,2026-08-11T07:00:00Z,us-east4,11A1-17CA-448D,a2-highgpu-1g,A100,1,3_year,USD,1.382558,GPU Per Hour,1.382558,machine_inclusive,accelerator $1.0911/GPU-hr plus 12 vCPU and 85 GB RAM
2026-08-11T12:08:03+00:00,gcp,2026-08-11T07:00:00Z,us-east4,11A1-17CA-448D,a2-highgpu-2g,A100,2,3_year,USD,2.765116,Machine Per Hour,1.382558,machine_inclusive,accelerator $1.0911/GPU-hr plus 24 vCPU and 170 GB RAM
2026-08-11T12:08:03+00:00,gcp,2026-08-11T07:00:00Z,us-east4,11A1-17CA-448D,a2-highgpu-4g,A100,4,3_year,USD,5.530232,Machine Per Hour,1.382558,machine_inclusive,accelerator $1.0911/GPU-hr plus 48 vCPU and 340 GB RAM
2026-08-11T12:08:03+00:00,gcp,2026-08-11T07:00:00Z,us-east4,11A1-17CA-448D,a2-highgpu-8g,A100,8,3_year,USD,11.060465,Machine Per Hour,1.382558,machine_inclusive,accelerator $1.0911/GPU-hr plus 96 vCPU and 680 GB RAM
2026-08-11T12:08:03+00:00,gcp,2026-08-11T07:00:00Z,us-east4,11A1-17CA-448D,a2-megagpu-16g,A100,16,3_year,USD,20.924597,Machine Per Hour,1.307787,machine_inclusive,accelerator $1.0911/GPU-hr plus 96 vCPU and 1360 GB RAM
2026-08-11T12:08:03+00:00,gcp,2026-08-11T07:00:00Z,southamerica-east1,11D4-2A96-5A85,a3-highgpu-8g,H100,8,1_year,USD,96.813368,Machine Per Hour,12.101671,machine_inclusive,accelerator $10.7958/GPU-hr plus 208 vCPU and 1872 GB RAM
2026-08-11T12:08:03+00:00,gcp,2026-08-11T07:00:00Z,us-west8,11E5-5364-0752,Nvidia Tesla V100 GPU,V100,1,spot,USD,0.7662,GPU Per Hour,0.7662,accelerator_only,"bare accelerator price; Google bills vCPU and RAM separately, so this is NOT comparable to Oracle or Azure"
2026-08-11T12:08:03+00:00,gcp,2026-08-11T07:00:00Z,europe-west9,1202-5183-B3A6,g2-standard-4,L4,1,on_demand,USD,0.819925,GPU Per Hour,0.819925,machine_inclusive,accelerator $0.6496/GPU-hr plus 4 vCPU and 16 GB RAM
2026-08-11T12:08:03+00:00,gcp,2026-08-11T07:00:00Z,europe-west9,1202-5183-B3A6,g2-standard-8,L4,1,on_demand,USD,0.990204,GPU Per Hour,0.990204,machine_inclusive,accelerator $0.6496/GPU-hr plus 8 vCPU and 32 GB RAM
2026-08-11T12:08:03+00:00,gcp,2026-08-11T07:00:00Z,europe-west9,1202-5183-B3A6,g2-standard-12,L4,1,on_demand,USD,1.160483,GPU Per Hour,1.160483,machine_inclusive,accelerator $0.6496/GPU-hr plus 12 vCPU and 48 GB RAM
2026-08-11T12:08:03+00:00,gcp,2026-08-11T07:00:00Z,europe-west9,1202-5183-B3A6,g2-standard-16,L4,1,on_demand,USD,1.330762,GPU Per Hour,1.330762,machine_inclusive,accelerator $0.6496/GPU-hr plus 16 vCPU and 64 GB RAM
2026-08-11T12:08:03+00:00,gcp,2026-08-11T07:00:00Z,europe-west9,1202-5183-B3A6,g2-standard-24,L4,2,on_demand,USD,2.320966,Machine Per Hour,1.160483,machine_inclusive,accelerator $0.6496/GPU-hr plus 24 vCPU and 96 GB RAM
2026-08-11T12:08:03+00:00,gcp,2026-08-11T07:00:00Z,europe-west9,1202-5183-B3A6,g2-standard-32,L4,1,on_demand,USD,2.011877,GPU Per Hour,2.011877,machine_inclusive,accelerator $0.6496/GPU-hr plus 32 vCPU and 128 GB RAM
2026-08-11T12:08:03+00:00,gcp,2026-08-11T07:00:00Z,europe-west9,1202-5183-B3A6,g2-standard-48,L4,4,on_demand,USD,4.641932,Machine Per Hour,1.160483,machine_inclusive,accelerator $0.6496/GPU-hr plus 48 vCPU and 192 GB RAM
2026-08-11T12:08:03+00:00,gcp,2026-08-11T07:00:00Z,europe-west9,1202-5183-B3A6,g2-standard-96,L4,8,on_demand,USD,9.283864,Machine Per Hour,1.160483,machine_inclusive,accelerator $0.6496/GPU-hr plus 96 vCPU and 384 GB RAM
2026-08-11T12:08:03+00:00,gcp,2026-08-11T07:00:00Z,us-west2,1202-8C77-8DA1,a3-highgpu-8g,H100,8,1_year,USD,73.291351,Machine Per Hour,9.161419,machine_inclusive,accelerator $8.1728/GPU-hr plus 208 vCPU and 1872 GB RAM
2026-08-11T12:08:03+00:00,gcp,2026-08-11T07:00:00Z,me-west1,1202-A5A7-6A03,Nvidia Tesla P4 GPU,P4,1,spot,USD,0.0712,GPU Per Hour,0.0712,accelerator_only,"bare accelerator price; Google bills vCPU and RAM separately, so this is NOT comparable to Oracle or Azure"
2026-08-11T12:08:03+00:00,gcp,2026-08-11T07:00:00Z,us-west4,1210-C78E-9569,Nvidia Tesla P4 GPU,P4,1,on_demand,USD,0.6,GPU Per Hour,0.6,accelerator_only,"bare accelerator price; Google bills vCPU and RAM separately, so this is NOT comparable to Oracle or Azure"
2026-08-11T12:08:03+00:00,gcp,2026-08-11T07:00:00Z,asia-southeast1,1218-5439-743E,Nvidia Tesla T4 GPU,T4,1,spot,USD,0.0931,GPU Per Hour,0.0931,accelerator_only,"bare accelerator price; Google bills vCPU and RAM separately, so this is NOT comparable to Oracle or Azure"
2026-08-11T12:08:03+00:00,gcp,2026-08-11T07:00:00Z,europe-central2,121C-94A1-C50A,Nvidia Tesla P100 GPU,P100,1,spot,USD,0.144,GPU Per Hour,0.144,accelerator_only,"bare accelerator price; Google bills vCPU and RAM separately, so this is NOT comparable to Oracle or Azure"
2026-08-11T12:08:03+00:00,gcp,2026-08-11T07:00:00Z,us-south1,1270-52F8-4AE3,Nvidia Tesla T4 GPU,T4,1,1_year,USD,0.2596,GPU Per Hour,0.2596,accelerator_only,"bare accelerator price; Google bills vCPU and RAM separately, so this is NOT comparable to Oracle or Azure"
2026-08-11T12:08:03+00:00,gcp,2026-08-11T07:00:00Z,us-west1,1287-B492-90D1,1/8 vGPU no lssd,,,spot,USD,0.25875,GPU Per Hour,,,accelerator not in the lookup table -- add it to gcp.py
2026-08-11T12:08:03+00:00,gcp,2026-08-11T07:00:00Z,europe-west10,12B8-8A65-94B5,1/8 vGPU no lssd,,,on_demand,USD,0.77626,GPU Per Hour,,,accelerator not in the lookup table -- add it to gcp.py
2026-08-11T12:08:03+00:00,gcp,2026-08-11T07:00:00Z,us-west4,12C4-DCE7-0D91,RTX 6000 96GB,RTX PRO 6000,1,spot,USD,0.4821,GPU Per Hour,0.4821,accelerator_only,"bare accelerator price; Google bills vCPU and RAM separately, so this is NOT comparable to Oracle or Azure"
2026-08-11T12:08:03+00:00,gcp,2026-08-11T07:00:00Z,asia-east1,12E2-9EC3-63C6,a3-highgpu-8g,H100,8,3_year,USD,44.658461,Machine Per Hour,5.582308,machine_inclusive,accelerator $4.9789/GPU-hr plus 208 vCPU and 1872 GB RAM
2026-08-11T12:08:03+00:00,gcp,2026-08-11T07:00:00Z,europe-north1,135C-642C-597D,g2-standard-4,L4,1,on_demand,USD,0.778293,GPU Per Hour,0.778293,machine_inclusive,accelerator $0.6167/GPU-hr plus 4 vCPU and 16 GB RAM
2026-08-11T12:08:03+00:00,gcp,2026-08-11T07:00:00Z,europe-north1,135C-642C-597D,g2-standard-8,L4,1,on_demand,USD,0.939926,GPU Per Hour,0.939926,machine_inclusive,accelerator $0.6167/GPU-hr plus 8 vCPU and 32 GB RAM
2026-08-11T12:08:03+00:00,gcp,2026-08-11T07:00:00Z,europe-north1,135C-642C-597D,g2-standard-12,L4,1,on_demand,USD,1.101558,GPU Per Hour,1.101558,machine_inclusive,accelerator $0.6167/GPU-hr plus 12 vCPU and 48 GB RAM
2026-08-11T12:08:03+00:00,gcp,2026-08-11T07:00:00Z,europe-north1,135C-642C-597D,g2-standard-16,L4,1,on_demand,USD,1.263191,GPU Per Hour,1.263191,machine_inclusive,accelerator $0.6167/GPU-hr plus 16 vCPU and 64 GB RAM
2026-08-11T12:08:03+00:00,gcp,2026-08-11T07:00:00Z,europe-north1,135C-642C-597D,g2-standard-24,L4,2,on_demand,USD,2.203117,Machine Per Hour,1.101558,machine_inclusive,accelerator $0.6167/GPU-hr plus 24 vCPU and 96 GB RAM
2026-08-11T12:08:03+00:00,gcp,2026-08-11T07:00:00Z,europe-north1,135C-642C-597D,g2-standard-32,L4,1,on_demand,USD,1.909722,GPU Per Hour,1.909722,machine_inclusive,accelerator $0.6167/GPU-hr plus 32 vCPU and 128 GB RAM
2026-08-11T12:08:03+00:00,gcp,2026-08-11T07:00:00Z,europe-north1,135C-642C-597D,g2-standard-48,L4,4,on_demand,USD,4.406234,Machine Per Hour,1.101558,machine_inclusive,accelerator $0.6167/GPU-hr plus 48 vCPU and 192 GB RAM
2026-08-11T12:08:03+00:00,gcp,2026-08-11T07:00:00Z,europe-north1,135C-642C-597D,g2-standard-96,L4,8,on_demand,USD,8.812467,Machine Per Hour,1.101558,machine_inclusive,accelerator $0.6167/GPU-hr plus 96 vCPU and 384 GB RAM
2026-08-11T12:08:03+00:00,gcp,2026-08-11T07:00:00Z,us-west4,1385-2E8F-DE64,1/8 vGPU no lssd,,,on_demand,USD,0.71157,GPU Per Hour,,,accelerator not in the lookup table -- add it to gcp.py
2026-08-11T12:08:03+00:00,gcp,2026-08-11T07:00:00Z,me-west1,13AF-B50D-41E5,Nvidia Tesla V100 GPU,V100,1,spot,USD,0.2455,GPU Per Hour,0.2455,accelerator_only,"bare accelerator price; Google bills vCPU and RAM separately, so this is NOT comparable to Oracle or Azure"
2026-08-11T12:08:03+00:00,gcp,2026-08-11T07:00:00Z,asia-south2,1404-F992-CE3F,Nvidia Tesla P4 GPU,P4,1,3_year,USD,0.324,GPU Per Hour,0.324,accelerator_only,"bare accelerator price; Google bills vCPU and RAM separately, so this is NOT comparable to Oracle or Azure"
2026-08-11T12:08:03+00:00,gcp,2026-08-11T07:00:00Z,europe-west10,1405-7751-ACE9,Nvidia Tesla V100 GPU,V100,1,spot,USD,0.3584,GPU Per Hour,0.3584,accelerator_only,"bare accelerator price; Google bills vCPU and RAM separately, so this is NOT comparable to Oracle or Azure"
2026-08-11T12:08:03+00:00,gcp,2026-08-11T07:00:00Z,asia-southeast1,140C-64D5-15DF,Nvidia Tesla P4 GPU,P4,1,3_year,USD,0.292,GPU Per Hour,0.292,accelerator_only,"bare accelerator price; Google bills vCPU and RAM separately, so this is NOT comparable to Oracle or Azure"
2026-08-11T12:08:03+00:00,gcp,2026-08-11T07:00:00Z,europe-west12,14AD-C85F-1D80,g2-standard-4,L4,1,3_year,USD,0.410316,GPU Per Hour,0.410316,machine_inclusive,accelerator $0.3251/GPU-hr plus 4 vCPU and 16 GB RAM
2026-08-11T12:08:03+00:00,gcp,2026-08-11T07:00:00Z,europe-west12,14AD-C85F-1D80,g2-standard-8,L4,1,3_year,USD,0.495529,GPU Per Hour,0.495529,machine_inclusive,accelerator $0.3251/GPU-hr plus 8 vCPU and 32 GB RAM
2026-08-11T12:08:03+00:00,gcp,2026-08-11T07:00:00Z,europe-west12,14AD-C85F-1D80,g2-standard-12,L4,1,3_year,USD,0.580742,GPU Per Hour,0.580742,machine_inclusive,accelerator $0.3251/GPU-hr plus 12 vCPU and 48 GB RAM
2026-08-11T12:08:03+00:00,gcp,2026-08-11T07:00:00Z,europe-west12,14AD-C85F-1D80,g2-standard-16,L4,1,3_year,USD,0.665955,GPU Per Hour,0.665955,machine_inclusive,accelerator $0.3251/GPU-hr plus 16 vCPU and 64 GB RAM
2026-08-11T12:08:03+00:00,gcp,2026-08-11T07:00:00Z,europe-west12,14AD-C85F-1D80,g2-standard-24,L4,2,3_year,USD,1.161484,Machine Per Hour,0.580742,machine_inclusive,accelerator $0.3251/GPU-hr plus 24 vCPU and 96 GB RAM
2026-08-11T12:08:03+00:00,gcp,2026-08-11T07:00:00Z,europe-west12,14AD-C85F-1D80,g2-standard-32,L4,1,3_year,USD,1.006806,GPU Per Hour,1.006806,machine_inclusive,accelerator $0.3251/GPU-hr plus 32 vCPU and 128 GB RAM
2026-08-11T12:08:03+00:00,gcp,2026-08-11T07:00:00Z,europe-west12,14AD-C85F-1D80,g2-standard-48,L4,4,3_year,USD,2.322967,Machine Per Hour,0.580742,machine_inclusive,accelerator $0.3251/GPU-hr plus 48 vCPU and 192 GB RAM
2026-08-11T12:08:03+00:00,gcp,2026-08-11T07:00:00Z,europe-west12,14AD-C85F-1D80,g2-standard-96,L4,8,3_year,USD,4.645934,Machine Per Hour,0.580742,machine_inclusive,accelerator $0.3251/GPU-hr plus 96 vCPU and 384 GB RAM
2026-08-11T12:08:03+00:00,gcp,2026-08-11T07:00:00Z,us-west8,14DF-EC9E-9723,Nvidia Tesla V100 GPU,V100,1,1_year,USD,1.562,GPU Per Hour,1.562,accelerator_only,"bare accelerator price; Google bills vCPU and RAM separately, so this is NOT comparable to Oracle or Azure"
2026-08-11T12:08:03+00:00,gcp,2026-08-11T07:00:00Z,us-west4,14FF-F463-7C83,a3-highgpu-8g,H100,8,3_year,USD,43.439694,Machine Per Hour,5.429962,machine_inclusive,accelerator $4.8430/GPU-hr plus 208 vCPU and 1872 GB RAM
2026-08-11T12:08:03+00:00,gcp,2026-08-11T07:00:00Z,us-south1,152C-A96A-7390,Nvidia Tesla P100 GPU,P100,1,3_year,USD,0.77526,GPU Per Hour,0.77526,accelerator_only,"bare accelerator price; Google bills vCPU and RAM separately, so this is NOT comparable to Oracle or Azure"
2026-08-11T12:08:03+00:00,gcp,2026-08-11T07:00:00Z,australia-southeast2,1552-D759-5799,Nvidia Tesla P100 GPU,P100,1,spot,USD,0.1866,GPU Per Hour,0.1866,accelerator_only,"bare accelerator price; Google bills vCPU and RAM separately, so this is NOT comparable to Oracle or Azure"
2026-08-11T12:08:03+00:00,gcp,2026-08-11T07:00:00Z,us-west2,1591-5D61-8F16,a2-highgpu-1g,A100,1,spot,USD,0.38927,GPU Per Hour,0.38927,machine_inclusive,accelerator $0.3093/GPU-hr plus 12 vCPU and 85 GB RAM
2026-08-11T12:08:03+00:00,gcp,2026-08-11T07:00:00Z,us-west2,1591-5D61-8F16,a2-highgpu-2g,A100,2,spot,USD,0.77854,Machine Per Hour,0.38927,machine_inclusive,accelerator $0.3093/GPU-hr plus 24 vCPU and 170 GB RAM
2026-08-11T12:08:03+00:00,gcp,2026-08-11T07:00:00Z,us-west2,1591-5D61-8F16,a2-highgpu-4g,A100,4,spot,USD,1.55708,Machine Per Hour,0.38927,machine_inclusive,accelerator $0.3093/GPU-hr plus 48 vCPU and 340 GB RAM
2026-08-11T12:08:03+00:00,gcp,2026-08-11T07:00:00Z,us-west2,1591-5D61-8F16,a2-highgpu-8g,A100,8,spot,USD,3.11416,Machine Per Hour,0.38927,machine_inclusive,accelerator $0.3093/GPU-hr plus 96 vCPU and 680 GB RAM
2026-08-11T12:08:03+00:00,gcp,2026-08-11T07:00:00Z,us-west2,1591-5D61-8F16,a2-megagpu-16g,A100,16,spot,USD,5.9,Machine Per Hour,0.36875,machine_inclusive,accelerator $0.3093/GPU-hr plus 96 vCPU and 1360 GB RAM
2026-08-11T12:08:03+00:00,gcp,2026-08-11T07:00:00Z,australia-southeast2,1598-4F1B-C9B3,g2-standard-4,L4,1,on_demand,USD,0.918558,GPU Per Hour,0.918558,machine_inclusive,accelerator $0.7278/GPU-hr plus 4 vCPU and 16 GB RAM
2026-08-11T12:08:03+00:00,gcp,2026-08-11T07:00:00Z,australia-southeast2,1598-4F1B-C9B3,g2-standard-8,L4,1,on_demand,USD,1.109321,GPU Per Hour,1.109321,machine_inclusive,accelerator $0.7278/GPU-hr plus 8 vCPU and 32 GB RAM
2026-08-11T12:08:03+00:00,gcp,2026-08-11T07:00:00Z,australia-southeast2,1598-4F1B-C9B3,g2-standard-12,L4,1,on_demand,USD,1.300083,GPU Per Hour,1.300083,machine_inclusive,accelerator $0.7278/GPU-hr plus 12 vCPU and 48 GB RAM
2026-08-11T12:08:03+00:00,gcp,2026-08-11T07:00:00Z,australia-southeast2,1598-4F1B-C9B3,g2-standard-16,L4,1,on_demand,USD,1.490846,GPU Per Hour,1.490846,machine_inclusive,accelerator $0.7278/GPU-hr plus 16 vCPU and 64 GB RAM
2026-08-11T12:08:03+00:00,gcp,2026-08-11T07:00:00Z,australia-southeast2,1598-4F1B-C9B3,g2-standard-24,L4,2,on_demand,USD,2.600166,Machine Per Hour,1.300083,machine_inclusive,accelerator $0.7278/GPU-hr plus 24 vCPU and 96 GB RAM
2026-08-11T12:08:03+00:00,gcp,2026-08-11T07:00:00Z,australia-southeast2,1598-4F1B-C9B3,g2-standard-32,L4,1,on_demand,USD,2.253895,GPU Per Hour,2.253895,machine_inclusive,accelerator $0.7278/GPU-hr plus 32 vCPU and 128 GB RAM
2026-08-11T12:08:03+00:00,gcp,2026-08-11T07:00:00Z,australia-southeast2,1598-4F1B-C9B3,g2-standard-48,L4,4,on_demand,USD,5.200333,Machine Per Hour,1.300083,machine_inclusive,accelerator $0.7278/GPU-hr plus 48 vCPU and 192 GB RAM
2026-08-11T12:08:03+00:00,gcp,2026-08-11T07:00:00Z,australia-southeast2,1598-4F1B-C9B3,g2-standard-96,L4,8,on_demand,USD,10.400666,Machine Per Hour,1.300083,machine_inclusive,accelerator $0.7278/GPU-hr plus 96 vCPU and 384 GB RAM
2026-08-11T12:08:03+00:00,gcp,2026-08-11T07:00:00Z,asia-northeast1,15AB-B356-7F49,1/8 vGPU no lssd,,,spot,USD,0.33638,GPU Per Hour,,,accelerator not in the lookup table -- add it to gcp.py
2026-08-11T12:08:03+00:00,gcp,2026-08-11T07:00:00Z,asia-east1,15E4-D2CD-A10A,a2-ultragpu-1g,A100,1,spot,USD,0.56679,GPU Per Hour,0.56679,machine_inclusive,accelerator $0.4320/GPU-hr plus 12 vCPU and 170 GB RAM
2026-08-11T12:08:03+00:00,gcp,2026-08-11T07:00:00Z,asia-east1,15E4-D2CD-A10A,a2-ultragpu-2g,A100,2,spot,USD,1.13358,Machine Per Hour,0.56679,machine_inclusive,accelerator $0.4320/GPU-hr plus 24 vCPU and 340 GB RAM
2026-08-11T12:08:03+00:00,gcp,2026-08-11T07:00:00Z,asia-east1,15E4-D2CD-A10A,a2-ultragpu-4g,A100,4,spot,USD,2.26716,Machine Per Hour,0.56679,machine_inclusive,accelerator $0.4320/GPU-hr plus 48 vCPU and 680 GB RAM
2026-08-11T12:08:03+00:00,gcp,2026-08-11T07:00:00Z,asia-east1,15E4-D2CD-A10A,a2-ultragpu-8g,A100,8,spot,USD,4.53432,Machine Per Hour,0.56679,machine_inclusive,accelerator $0.4320/GPU-hr plus 96 vCPU and 1360 GB RAM
2026-08-11T12:08:03+00:00,gcp,2026-08-11T07:00:00Z,europe-west12,1608-80A3-1C91,g2-standard-4,L4,1,spot,USD,0.08214,GPU Per Hour,0.08214,machine_inclusive,accelerator $0.0651/GPU-hr plus 4 vCPU and 16 GB RAM
2026-08-11T12:08:03+00:00,gcp,2026-08-11T07:00:00Z,europe-west12,1608-80A3-1C91,g2-standard-8,L4,1,spot,USD,0.09918,GPU Per Hour,0.09918,machine_inclusive,accelerator $0.0651/GPU-hr plus 8 vCPU and 32 GB RAM
2026-08-11T12:08:03+00:00,gcp,2026-08-11T07:00:00Z,europe-west12,1608-80A3-1C91,g2-standard-12,L4,1,spot,USD,0.11622,GPU Per Hour,0.11622,machine_inclusive,accelerator $0.0651/GPU-hr plus 12 vCPU and 48 GB RAM
2026-08-11T12:08:03+00:00,gcp,2026-08-11T07:00:00Z,europe-west12,1608-80A3-1C91,g2-standard-16,L4,1,spot,USD,0.13326,GPU Per Hour,0.13326,machine_inclusive,accelerator $0.0651/GPU-hr plus 16 vCPU and 64 GB RAM
2026-08-11T12:08:03+00:00,gcp,2026-08-11T07:00:00Z,europe-west12,1608-80A3-1C91,g2-standard-24,L4,2,spot,USD,0.23244,Machine Per Hour,0.11622,machine_inclusive,accelerator $0.0651/GPU-hr plus 24 vCPU and 96 GB RAM
2026-08-11T12:08:03+00:00,gcp,2026-08-11T07:00:00Z,europe-west12,1608-80A3-1C91,g2-standard-32,L4,1,spot,USD,0.20142,GPU Per Hour,0.20142,machine_inclusive,accelerator $0.0651/GPU-hr plus 32 vCPU and 128 GB RAM
2026-08-11T12:08:03+00:00,gcp,2026-08-11T07:00:00Z,europe-west12,1608-80A3-1C91,g2-standard-48,L4,4,spot,USD,0.46488,Machine Per Hour,0.11622,machine_inclusive,accelerator $0.0651/GPU-hr plus 48 vCPU and 192 GB RAM
2026-08-11T12:08:03+00:00,gcp,2026-08-11T07:00:00Z,europe-west12,1608-80A3-1C91,g2-standard-96,L4,8,spot,USD,0.92976,Machine Per Hour,0.11622,machine_inclusive,accelerator $0.0651/GPU-hr plus 96 vCPU and 384 GB RAM
2026-08-11T12:08:03+00:00,gcp,2026-08-11T07:00:00Z,us-east5,1632-A9E4-7907,RTX 6000 96GB,RTX PRO 6000,1,3_year,USD,0.530299,GPU Per Hour,0.530299,accelerator_only,"bare accelerator price; Google bills vCPU and RAM separately, so this is NOT comparable to Oracle or Azure"
2026-08-11T12:08:03+00:00,gcp,2026-08-11T07:00:00Z,me-west1,1671-A945-D3DA,Nvidia Tesla P4 GPU,P4,1,1_year,USD,0.4158,GPU Per Hour,0.4158,accelerator_only,"bare accelerator price; Google bills vCPU and RAM separately, so this is NOT comparable to Oracle or Azure"
2026-08-11T12:08:03+00:00,gcp,2026-08-11T07:00:00Z,us-west3,1680-48F2-E111,Nvidia Tesla P4 GPU,P4,1,1_year,USD,0.453,GPU Per Hour,0.453,accelerator_only,"bare accelerator price; Google bills vCPU and RAM separately, so this is NOT comparable to Oracle or Azure"
2026-08-11T12:08:03+00:00,gcp,2026-08-11T07:00:00Z,europe-west10,1699-D1F1-5A60,Nvidia Tesla P100 GPU,P100,1,3_year,USD,1.01178,GPU Per Hour,1.01178,accelerator_only,"bare accelerator price; Google bills vCPU and RAM separately, so this is NOT comparable to Oracle or Azure"
2026-08-11T12:08:03+00:00,gcp,2026-08-11T07:00:00Z,us-west2,16AA-9113-F2DE,a3-highgpu-8g,H100,8,on_demand,USD,105.58338,Machine Per Hour,13.197923,machine_inclusive,accelerator $11.7764/GPU-hr plus 208 vCPU and 1872 GB RAM
2026-08-11T12:08:03+00:00,gcp,2026-08-11T07:00:00Z,europe-west3,16C5-08D8-05BE,a2-highgpu-1g,A100,1,1_year,USD,2.784586,GPU Per Hour,2.784586,machine_inclusive,accelerator $2.1844/GPU-hr plus 12 vCPU and 85 GB RAM
2026-08-11T12:08:03+00:00,gcp,2026-08-11T07:00:00Z,europe-west3,16C5-08D8-05BE,a2-highgpu-2g,A100,2,1_year,USD,5.569173,Machine Per Hour,2.784586,machine_inclusive,accelerator $2.1844/GPU-hr plus 24 vCPU and 170 GB RAM
2026-08-11T12:08:03+00:00,gcp,2026-08-11T07:00:00Z,europe-west3,16C5-08D8-05BE,a2-highgpu-4g,A100,4,1_year,USD,11.138345,Machine Per Hour,2.784586,machine_inclusive,accelerator $2.1844/GPU-hr plus 48 vCPU and 340 GB RAM
2026-08-11T12:08:03+00:00,gcp,2026-08-11T07:00:00Z,europe-west3,16C5-08D8-05BE,a2-highgpu-8g,A100,8,1_year,USD,22.276691,Machine Per Hour,2.784586,machine_inclusive,accelerator $2.1844/GPU-hr plus 96 vCPU and 680 GB RAM
2026-08-11T12:08:03+00:00,gcp,2026-08-11T07:00:00Z,europe-west3,16C5-08D8-05BE,a2-megagpu-16g,A100,16,1_year,USD,42.090022,Machine Per Hour,2.630626,machine_inclusive,accelerator $2.1844/GPU-hr plus 96 vCPU and 1360 GB RAM
2026-08-11T12:08:03+00:00,gcp,2026-08-11T07:00:00Z,us-west8,172E-E43B-5049,a2-ultragpu-1g,A100,1,spot,USD,1.54729,GPU Per Hour,1.54729,machine_inclusive,accelerator $1.3471/GPU-hr plus 12 vCPU and 170 GB RAM
2026-08-11T12:08:03+00:00,gcp,2026-08-11T07:00:00Z,us-west8,172E-E43B-5049,a2-ultragpu-2g,A100,2,spot,USD,3.09458,Machine Per Hour,1.54729,machine_inclusive,accelerator $1.3471/GPU-hr plus 24 vCPU and 340 GB RAM
2026-08-11T12:08:03+00:00,gcp,2026-08-11T07:00:00Z,us-west8,172E-E43B-5049,a2-ultragpu-4g,A100,4,spot,USD,6.18916,Machine Per Hour,1.54729,machine_inclusive,accelerator $1.3471/GPU-hr plus 48 vCPU and 680 GB RAM
2026-08-11T12:08:03+00:00,gcp,2026-08-11T07:00:00Z,us-west8,172E-E43B-5049,a2-ultragpu-8g,A100,8,spot,USD,12.37832,Machine Per Hour,1.54729,machine_inclusive,accelerator $1.3471/GPU-hr plus 96 vCPU and 1360 GB RAM
2026-08-11T12:08:03+00:00,gcp,2026-08-11T07:00:00Z,me-central1,1741-D2FC-9D5A,a2-highgpu-1g,A100,1,1_year,USD,2.811762,GPU Per Hour,2.811762,machine_inclusive,accelerator $2.2458/GPU-hr plus 12 vCPU and 85 GB RAM
2026-08-11T12:08:03+00:00,gcp,2026-08-11T07:00:00Z,me-central1,1741-D2FC-9D5A,a2-highgpu-2g,A100,2,1_year,USD,5.623523,Machine Per Hour,2.811762,machine_inclusive,accelerator $2.2458/GPU-hr plus 24 vCPU and 170 GB RAM
2026-08-11T12:08:03+00:00,gcp,2026-08-11T07:00:00Z,me-central1,1741-D2FC-9D5A,a2-highgpu-4g,A100,4,1_year,USD,11.247046,Machine Per Hour,2.811762,machine_inclusive,accelerator $2.2458/GPU-hr plus 48 vCPU and 340 GB RAM
2026-08-11T12:08:03+00:00,gcp,2026-08-11T07:00:00Z,me-central1,1741-D2FC-9D5A,a2-highgpu-8g,A100,8,1_year,USD,22.494093,Machine Per Hour,2.811762,machine_inclusive,accelerator $2.2458/GPU-hr plus 96 vCPU and 680 GB RAM
2026-08-11T12:08:03+00:00,gcp,2026-08-11T07:00:00Z,me-central1,1741-D2FC-9D5A,a2-megagpu-16g,A100,16,1_year,USD,42.665301,Machine Per Hour,2.666581,machine_inclusive,accelerator $2.2458/GPU-hr plus 96 vCPU and 1360 GB RAM
2026-08-11T12:08:03+00:00,gcp,2026-08-11T07:00:00Z,asia-southeast2,174B-853C-28F0,1/8 vGPU,,,1_year,USD,0.58024,GPU Per Hour,,,accelerator not in the lookup table -- add it to gcp.py
2026-08-11T12:08:03+00:00,gcp,2026-08-11T07:00:00Z,australia-southeast1,1765-8A4D-ED44,a2-ultragpu-1g,A100,1,3_year,USD,4.94172,GPU Per Hour,4.94172,machine_inclusive,accelerator $4.3956/GPU-hr plus 12 vCPU and 170 GB RAM
2026-08-11T12:08:03+00:00,gcp,2026-08-11T07:00:00Z,australia-southeast1,1765-8A4D-ED44,a2-ultragpu-2g,A100,2,3_year,USD,9.88344,Machine Per Hour,4.94172,machine_inclusive,accelerator $4.3956/GPU-hr plus 24 vCPU and 340 GB RAM
2026-08-11T12:08:03+00:00,gcp,2026-08-11T07:00:00Z,australia-southeast1,1765-8A4D-ED44,a2-ultragpu-4g,A100,4,3_year,USD,19.76688,Machine Per Hour,4.94172,machine_inclusive,accelerator $4.3956/GPU-hr plus 48 vCPU and 680 GB RAM
2026-08-11T12:08:03+00:00,gcp,2026-08-11T07:00:00Z,australia-southeast1,1765-8A4D-ED44,a2-ultragpu-8g,A100,8,3_year,USD,39.533761,Machine Per Hour,4.94172,machine_inclusive,accelerator $4.3956/GPU-hr plus 96 vCPU and 1360 GB RAM
2026-08-11T12:08:03+00:00,gcp,2026-08-11T07:00:00Z,australia-southeast1,1768-E1B9-B0EC,a3-highgpu-8g,H100,8,spot,USD,27.49288,Machine Per Hour,3.43661,machine_inclusive,accelerator $3.0665/GPU-hr plus 208 vCPU and 1872 GB RAM
2026-08-11T12:08:03+00:00,gcp,2026-08-11T07:00:00Z,asia-southeast2,176E-7B2D-55CE,a2-ultragpu-1g,A100,1,on_demand,USD,6.760567,GPU Per Hour,6.760567,machine_inclusive,accelerator $5.2821/GPU-hr plus 12 vCPU and 170 GB RAM
2026-08-11T12:08:03+00:00,gcp,2026-08-11T07:00:00Z,asia-southeast2,176E-7B2D-55CE,a2-ultragpu-2g,A100,2,on_demand,USD,13.521134,Machine Per Hour,6.760567,machine_inclusive,accelerator $5.2821/GPU-hr plus 24 vCPU and 340 GB RAM
2026-08-11T12:08:03+00:00,gcp,2026-08-11T07:00:00Z,asia-southeast2,176E-7B2D-55CE,a2-ultragpu-4g,A100,4,on_demand,USD,27.042267,Machine Per Hour,6.760567,machine_inclusive,accelerator $5.2821/GPU-hr plus 48 vCPU and 680 GB RAM
2026-08-11T12:08:03+00:00,gcp,2026-08-11T07:00:00Z,asia-southeast2,176E-7B2D-55CE,a2-ultragpu-8g,A100,8,on_demand,USD,54.084534,Machine Per Hour,6.760567,machine_inclusive,accelerator $5.2821/GPU-hr plus 96 vCPU and 1360 GB RAM
2026-08-11T12:08:03+00:00,gcp,2026-08-11T07:00:00Z,europe-west9,1792-E323-9863,Nvidia Tesla P100 GPU,P100,1,3_year,USD,0.76212,GPU Per Hour,0.76212,accelerator_only,"bare accelerator price; Google bills vCPU and RAM separately, so this is NOT comparable to Oracle or Azure"
2026-08-11T12:08:03+00:00,gcp,2026-08-11T07:00:00Z,asia-northeast1,17B0-C099-E702,g2-standard-4,L4,1,1_year,USD,0.57186,GPU Per Hour,0.57186,machine_inclusive,accelerator $0.4531/GPU-hr plus 4 vCPU and 16 GB RAM
2026-08-11T12:08:03+00:00,gcp,2026-08-11T07:00:00Z,asia-northeast1,17B0-C099-E702,g2-standard-8,L4,1,1_year,USD,0.690621,GPU Per Hour,0.690621,machine_inclusive,accelerator $0.4531/GPU-hr plus 8 vCPU and 32 GB RAM
2026-08-11T12:08:03+00:00,gcp,2026-08-11T07:00:00Z,asia-northeast1,17B0-C099-E702,g2-standard-12,L4,1,1_year,USD,0.809383,GPU Per Hour,0.809383,machine_inclusive,accelerator $0.4531/GPU-hr plus 12 vCPU and 48 GB RAM
2026-08-11T12:08:03+00:00,gcp,2026-08-11T07:00:00Z,asia-northeast1,17B0-C099-E702,g2-standard-16,L4,1,1_year,USD,0.928144,GPU Per Hour,0.928144,machine_inclusive,accelerator $0.4531/GPU-hr plus 16 vCPU and 64 GB RAM
2026-08-11T12:08:03+00:00,gcp,2026-08-11T07:00:00Z,asia-northeast1,17B0-C099-E702,g2-standard-24,L4,2,1_year,USD,1.618766,Machine Per Hour,0.809383,machine_inclusive,accelerator $0.4531/GPU-hr plus 24 vCPU and 96 GB RAM
2026-08-11T12:08:03+00:00,gcp,2026-08-11T07:00:00Z,asia-northeast1,17B0-C099-E702,g2-standard-32,L4,1,1_year,USD,1.40319,GPU Per Hour,1.40319,machine_inclusive,accelerator $0.4531/GPU-hr plus 32 vCPU and 128 GB RAM
2026-08-11T12:08:03+00:00,gcp,2026-08-11T07:00:00Z,asia-northeast1,17B0-C099-E702,g2-standard-48,L4,4,1_year,USD,3.237531,Machine Per Hour,0.809383,machine_inclusive,accelerator $0.4531/GPU-hr plus 48 vCPU and 192 GB RAM
2026-08-11T12:08:03+00:00,gcp,2026-08-11T07:00:00Z,asia-northeast1,17B0-C099-E702,g2-standard-96,L4,8,1_year,USD,6.475062,Machine Per Hour,0.809383,machine_inclusive,accelerator $0.4531/GPU-hr plus 96 vCPU and 384 GB RAM
2026-08-11T12:08:03+00:00,gcp,2026-08-11T07:00:00Z,me-central2,17CD-C74F-7377,Nvidia Tesla P100 GPU,P100,1,spot,USD,0.2102,GPU Per Hour,0.2102,accelerator_only,"bare accelerator price; Google bills vCPU and RAM separately, so this is NOT comparable to Oracle or Azure"
2026-08-11T12:08:03+00:00,gcp,2026-08-11T07:00:00Z,europe-west12,17FB-A25A-F02D,Nvidia Tesla V100 GPU,V100,1,on_demand,USD,3.1992,GPU Per Hour,3.1992,accelerator_only,"bare accelerator price; Google bills vCPU and RAM separately, so this is NOT comparable to Oracle or Azure"
2026-08-11T12:08:03+00:00,gcp,2026-08-11T07:00:00Z,australia-southeast2,183E-3147-F180,a2-ultragpu-1g,A100,1,3_year,USD,4.94172,GPU Per Hour,4.94172,machine_inclusive,accelerator $4.3956/GPU-hr plus 12 vCPU and 170 GB RAM
2026-08-11T12:08:03+00:00,gcp,2026-08-11T07:00:00Z,australia-southeast2,183E-3147-F180,a2-ultragpu-2g,A100,2,3_year,USD,9.88344,Machine Per Hour,4.94172,machine_inclusive,accelerator $4.3956/GPU-hr plus 24 vCPU and 340 GB RAM
2026-08-11T12:08:03+00:00,gcp,2026-08-11T07:00:00Z,australia-southeast2,183E-3147-F180,a2-ultragpu-4g,A100,4,3_year,USD,19.766881,Machine Per Hour,4.94172,machine_inclusive,accelerator $4.3956/GPU-hr plus 48 vCPU and 680 GB RAM
2026-08-11T12:08:03+00:00,gcp,2026-08-11T07:00:00Z,australia-southeast2,183E-3147-F180,a2-ultragpu-8g,A100,8,3_year,USD,39.533761,Machine Per Hour,4.94172,machine_inclusive,accelerator $4.3956/GPU-hr plus 96 vCPU and 1360 GB RAM
2026-08-11T12:08:03+00:00,gcp,2026-08-11T07:00:00Z,europe-west2,185A-1FE5-A071,1/8 vGPU no lssd,,,spot,USD,0.3105,GPU Per Hour,,,accelerator not in the lookup table -- add it to gcp.py
2026-08-11T12:08:03+00:00,gcp,2026-08-11T07:00:00Z,us-west8,185A-A40E-EDC5,Nvidia Tesla P100 GPU,P100,1,on_demand,USD,1.46,GPU Per Hour,1.46,accelerator_only,"bare accelerator price; Google bills vCPU and RAM separately, so this is NOT comparable to Oracle or Azure"
2026-08-11T12:08:03+00:00,gcp,2026-08-11T07:00:00Z,europe-west1,18D5-3E47-5F23,Nvidia Tesla P100 GPU,P100,1,3_year,USD,0.72,GPU Per Hour,0.72,accelerator_only,"bare accelerator price; Google bills vCPU and RAM separately, so this is NOT comparable to Oracle or Azure"
2026-08-11T12:08:03+00:00,gcp,2026-08-11T07:00:00Z,us-west3,18DB-5EFF-CABE,g2-standard-4,L4,1,on_demand,USD,0.849683,GPU Per Hour,0.849683,machine_inclusive,accelerator $0.6732/GPU-hr plus 4 vCPU and 16 GB RAM
2026-08-11T12:08:03+00:00,gcp,2026-08-11T07:00:00Z,us-west3,18DB-5EFF-CABE,g2-standard-8,L4,1,on_demand,USD,1.026142,GPU Per Hour,1.026142,machine_inclusive,accelerator $0.6732/GPU-hr plus 8 vCPU and 32 GB RAM
2026-08-11T12:08:03+00:00,gcp,2026-08-11T07:00:00Z,us-west3,18DB-5EFF-CABE,g2-standard-12,L4,1,on_demand,USD,1.2026,GPU Per Hour,1.2026,machine_inclusive,accelerator $0.6732/GPU-hr plus 12 vCPU and 48 GB RAM
2026-08-11T12:08:03+00:00,gcp,2026-08-11T07:00:00Z,us-west3,18DB-5EFF-CABE,g2-standard-16,L4,1,on_demand,USD,1.379059,GPU Per Hour,1.379059,machine_inclusive,accelerator $0.6732/GPU-hr plus 16 vCPU and 64 GB RAM
2026-08-11T12:08:03+00:00,gcp,2026-08-11T07:00:00Z,us-west3,18DB-5EFF-CABE,g2-standard-24,L4,2,on_demand,USD,2.405201,Machine Per Hour,1.2026,machine_inclusive,accelerator $0.6732/GPU-hr plus 24 vCPU and 96 GB RAM
2026-08-11T12:08:03+00:00,gcp,2026-08-11T07:00:00Z,us-west3,18DB-5EFF-CABE,g2-standard-32,L4,1,on_demand,USD,2.084894,GPU Per Hour,2.084894,machine_inclusive,accelerator $0.6732/GPU-hr plus 32 vCPU and 128 GB RAM
2026-08-11T12:08:03+00:00,gcp,2026-08-11T07:00:00Z,us-west3,18DB-5EFF-CABE,g2-standard-48,L4,4,on_demand,USD,4.810402,Machine Per Hour,1.2026,machine_inclusive,accelerator $0.6732/GPU-hr plus 48 vCPU and 192 GB RAM
2026-08-11T12:08:03+00:00,gcp,2026-08-11T07:00:00Z,us-west3,18DB-5EFF-CABE,g2-standard-96,L4,8,on_demand,USD,9.620804,Machine Per Hour,1.2026,machine_inclusive,accelerator $0.6732/GPU-hr plus 96 vCPU and 384 GB RAM
2026-08-11T12:08:03+00:00,gcp,2026-08-11T07:00:00Z,europe-west12,1902-3E2C-59D3,Nvidia Tesla V100 GPU,V100,1,spot,USD,0.2879,GPU Per Hour,0.2879,accelerator_only,"bare accelerator price; Google bills vCPU and RAM separately, so this is NOT comparable to Oracle or Azure"
2026-08-11T12:08:03+00:00,gcp,2026-08-11T07:00:00Z,europe-west6,194C-ED35-34B9,a2-highgpu-1g,A100,1,1_year,USD,3.004255,GPU Per Hour,3.004255,machine_inclusive,accelerator $2.3525/GPU-hr plus 12 vCPU and 85 GB RAM
2026-08-11T12:08:03+00:00,gcp,2026-08-11T07:00:00Z,europe-west6,194C-ED35-34B9,a2-highgpu-2g,A100,2,1_year,USD,6.00851,Machine Per Hour,3.004255,machine_inclusive,accelerator $2.3525/GPU-hr plus 24 vCPU and 170 GB RAM
2026-08-11T12:08:03+00:00,gcp,2026-08-11T07:00:00Z,europe-west6,194C-ED35-34B9,a2-highgpu-4g,A100,4,1_year,USD,12.01702,Machine Per Hour,3.004255,machine_inclusive,accelerator $2.3525/GPU-hr plus 48 vCPU and 340 GB RAM
2026-08-11T12:08:03+00:00,gcp,2026-08-11T07:00:00Z,europe-west6,194C-ED35-34B9,a2-highgpu-8g,A100,8,1_year,USD,24.03404,Machine Per Hour,3.004255,machine_inclusive,accelerator $2.3525/GPU-hr plus 96 vCPU and 680 GB RAM
2026-08-11T12:08:03+00:00,gcp,2026-08-11T07:00:00Z,europe-west6,194C-ED35-34B9,a2-megagpu-16g,A100,16,1_year,USD,45.392983,Machine Per Hour,2.837061,machine_inclusive,accelerator $2.3525/GPU-hr plus 96 vCPU and 1360 GB RAM
2026-08-11T12:08:03+00:00,gcp,2026-08-11T07:00:00Z,us-east1,195C-8FB9-4248,1/8 vGPU no lssd,,,on_demand,USD,0.64688,GPU Per Hour,,,accelerator not in the lookup table -- add it to gcp.py
2026-08-11T12:08:03+00:00,gcp,2026-08-11T07:00:00Z,us-central1,199A-AB36-1FAA,RTX 6000 96GB,RTX PRO 6000,1,spot,USD,0.4383,GPU Per Hour,0.4383,accelerator_only,"bare accelerator price; Google bills vCPU and RAM separately, so this is NOT comparable to Oracle or Azure"
2026-08-11T12:08:03+00:00,gcp,2026-08-11T07:00:00Z,europe-west8,19CA-CC53-D7AF,a3-highgpu-8g,H100,8,on_demand,USD,101.885669,Machine Per Hour,12.735709,machine_inclusive,accelerator $11.3640/GPU-hr plus 208 vCPU and 1872 GB RAM
2026-08-11T12:08:03+00:00,gcp,2026-08-11T07:00:00Z,me-west1,19D1-4792-C5D5,a3-highgpu-8g,H100,8,3_year,USD,42.425338,Machine Per Hour,5.303167,machine_inclusive,accelerator $4.7299/GPU-hr plus 208 vCPU and 1872 GB RAM
2026-08-11T12:08:03+00:00,gcp,2026-08-11T07:00:00Z,asia-south1,19DF-AAD4-185A,a3-highgpu-8g,H100,8,spot,USD,43.225296,Machine Per Hour,5.403162,machine_inclusive,accelerator $4.8211/GPU-hr plus 208 vCPU and 1872 GB RAM
2026-08-11T12:08:03+00:00,gcp,2026-08-11T07:00:00Z,us-central1,1A25-07A3-AB6D,Nvidia Tesla T4 GPU,T4,1,spot,USD,0.1814,GPU Per Hour,0.1814,accelerator_only,"bare accelerator price; Google bills vCPU and RAM separately, so this is NOT comparable to Oracle or Azure"
2026-08-11T12:08:03+00:00,gcp,2026-08-11T07:00:00Z,us-east1,1A25-07A3-AB6D,Nvidia Tesla T4 GPU,T4,1,spot,USD,0.1814,GPU Per Hour,0.1814,accelerator_only,"bare accelerator price; Google bills vCPU and RAM separately, so this is NOT comparable to Oracle or Azure"
2026-08-11T12:08:03+00:00,gcp,2026-08-11T07:00:00Z,us-west1,1A25-07A3-AB6D,Nvidia Tesla T4 GPU,T4,1,spot,USD,0.1814,GPU Per Hour,0.1814,accelerator_only,"bare accelerator price; Google bills vCPU and RAM separately, so this is NOT comparable to Oracle or Azure"
2026-08-11T12:08:03+00:00,gcp,2026-08-11T07:00:00Z,asia-northeast3,1A86-3BB7-659B,a3-highgpu-8g,H100,8,1_year,USD,78.296939,Machine Per Hour,9.787117,machine_inclusive,accelerator $8.7310/GPU-hr plus 208 vCPU and 1872 GB RAM
2026-08-11T12:08:03+00:00,gcp,2026-08-11T07:00:00Z,us-west4,1A8D-F4F0-7DFD,Nvidia Tesla V100 GPU,V100,1,on_demand,USD,2.48,GPU Per Hour,2.48,accelerator_only,"bare accelerator price; Google bills vCPU and RAM separately, so this is NOT comparable to Oracle or Azure"
2026-08-11T12:08:03+00:00,gcp,2026-08-11T07:00:00Z,northamerica-south1,1AB2-C4CE-6E79,a2-ultragpu-1g,A100,1,1_year,USD,3.794388,GPU Per Hour,,,no A2 vCPU/RAM rate published for this price type -- cannot assemble
2026-08-11T12:08:03+00:00,gcp,2026-08-11T07:00:00Z,northamerica-south1,1AB2-C4CE-6E79,a2-ultragpu-2g,A100,2,1_year,USD,3.794388,GPU Per Hour,,,no A2 vCPU/RAM rate published for this price type -- cannot assemble
2026-08-11T12:08:03+00:00,gcp,2026-08-11T07:00:00Z,northamerica-south1,1AB2-C4CE-6E79,a2-ultragpu-4g,A100,4,1_year,USD,3.794388,GPU Per Hour,,,no A2 vCPU/RAM rate published for this price type -- cannot assemble
2026-08-11T12:08:03+00:00,gcp,2026-08-11T07:00:00Z,northamerica-south1,1AB2-C4CE-6E79,a2-ultragpu-8g,A100,8,1_year,USD,3.794388,GPU Per Hour,,,no A2 vCPU/RAM rate published for this price type -- cannot assemble
2026-08-11T12:08:03+00:00,gcp,2026-08-11T07:00:00Z,asia-east2,1AD7-B399-5D65,a3-highgpu-8g,H100,8,3_year,USD,53.953462,Machine Per Hour,6.744183,machine_inclusive,accelerator $6.0151/GPU-hr plus 208 vCPU and 1872 GB RAM
2026-08-11T12:08:03+00:00,gcp,2026-08-11T07:00:00Z,us-east4,1AF9-A9FA-2F0D,Nvidia Tesla P4 GPU,P4,1,3_year,USD,0.27,GPU Per Hour,0.27,accelerator_only,"bare accelerator price; Google bills vCPU and RAM separately, so this is NOT comparable to Oracle or Azure"
2026-08-11T12:08:03+00:00,gcp,2026-08-11T07:00:00Z,northamerica-northeast1,1B06-35DE-E59A,Nvidia Tesla T4 GPU,T4,1,3_year,USD,0.17,GPU Per Hour,0.17,accelerator_only,"bare accelerator price; Google bills vCPU and RAM separately, so this is NOT comparable to Oracle or Azure"
2026-08-11T12:08:03+00:00,gcp,2026-08-11T07:00:00Z,asia-east1,1B26-A552-4AC8,Nvidia Tesla P100 GPU,P100,1,3_year,USD,0.72,GPU Per Hour,0.72,accelerator_only,"bare accelerator price; Google bills vCPU and RAM separately, so this is NOT comparable to Oracle or Azure"
2026-08-11T12:08:03+00:00,gcp,2026-08-11T07:00:00Z,europe-west10,1B2C-6911-92A4,RTX 6000 96GB,RTX PRO 6000,1,spot,USD,0.5785,GPU Per Hour,0.5785,accelerator_only,"bare accelerator price; Google bills vCPU and RAM separately, so this is NOT comparable to Oracle or Azure"
2026-08-11T12:08:03+00:00,gcp,2026-08-11T07:00:00Z,europe-west6,1B71-16F6-B1C0,a3-highgpu-8g,H100,8,on_demand,USD,122.868801,Machine Per Hour,15.3586,machine_inclusive,accelerator $13.7044/GPU-hr plus 208 vCPU and 1872 GB RAM
2026-08-11T12:08:03+00:00,gcp,2026-08-11T07:00:00Z,europe-west6,1BAE-28E7-BCD3,g2-standard-4,L4,1,1_year,USD,0.614713,GPU Per Hour,0.614713,machine_inclusive,accelerator $0.4936/GPU-hr plus 4 vCPU and 16 GB RAM
2026-08-11T12:08:03+00:00,gcp,2026-08-11T07:00:00Z,europe-west6,1BAE-28E7-BCD3,g2-standard-8,L4,1,1_year,USD,0.735858,GPU Per Hour,0.735858,machine_inclusive,accelerator $0.4936/GPU-hr plus 8 vCPU and 32 GB RAM
2026-08-11T12:08:03+00:00,gcp,2026-08-11T07:00:00Z,europe-west6,1BAE-28E7-BCD3,g2-standard-12,L4,1,1_year,USD,0.857003,GPU Per Hour,0.857003,machine_inclusive,accelerator $0.4936/GPU-hr plus 12 vCPU and 48 GB RAM
2026-08-11T12:08:03+00:00,gcp,2026-08-11T07:00:00Z,europe-west6,1BAE-28E7-BCD3,g2-standard-16,L4,1,1_year,USD,0.978148,GPU Per Hour,0.978148,machine_inclusive,accelerator $0.4936/GPU-hr plus 16 vCPU and 64 GB RAM
2026-08-11T12:08:03+00:00,gcp,2026-08-11T07:00:00Z,europe-west6,1BAE-28E7-BCD3,g2-standard-24,L4,2,1_year,USD,1.714005,Machine Per Hour,0.857003,machine_inclusive,accelerator $0.4936/GPU-hr plus 24 vCPU and 96 GB RAM
2026-08-11T12:08:03+00:00,gcp,2026-08-11T07:00:00Z,europe-west6,1BAE-28E7-BCD3,g2-standard-32,L4,1,1_year,USD,1.462728,GPU Per Hour,1.462728,machine_inclusive,accelerator $0.4936/GPU-hr plus 32 vCPU and 128 GB RAM
2026-08-11T12:08:03+00:00,gcp,2026-08-11T07:00:00Z,europe-west6,1BAE-28E7-BCD3,g2-standard-48,L4,4,1_year,USD,3.428011,Machine Per Hour,0.857003,machine_inclusive,accelerator $0.4936/GPU-hr plus 48 vCPU and 192 GB RAM
2026-08-11T12:08:03+00:00,gcp,2026-08-11T07:00:00Z,europe-west6,1BAE-28E7-BCD3,g2-standard-96,L4,8,1_year,USD,6.856022,Machine Per Hour,0.857003,machine_inclusive,accelerator $0.4936/GPU-hr plus 96 vCPU and 384 GB RAM
2026-08-11T12:08:03+00:00,gcp,2026-08-11T07:00:00Z,southamerica-east1,1BB6-C249-C81F,a2-highgpu-1g,A100,1,3_year,USD,1.758598,GPU Per Hour,1.758598,machine_inclusive,accelerator $1.3477/GPU-hr plus 12 vCPU and 85 GB RAM
2026-08-11T12:08:03+00:00,gcp,2026-08-11T07:00:00Z,southamerica-east1,1BB6-C249-C81F,a2-highgpu-2g,A100,2,3_year,USD,3.517197,Machine Per Hour,1.758598,machine_inclusive,accelerator $1.3477/GPU-hr plus 24 vCPU and 170 GB RAM
2026-08-11T12:08:03+00:00,gcp,2026-08-11T07:00:00Z,southamerica-east1,1BB6-C249-C81F,a2-highgpu-4g,A100,4,3_year,USD,7.034393,Machine Per Hour,1.758598,machine_inclusive,accelerator $1.3477/GPU-hr plus 48 vCPU and 340 GB RAM
2026-08-11T12:08:03+00:00,gcp,2026-08-11T07:00:00Z,southamerica-east1,1BB6-C249-C81F,a2-highgpu-8g,A100,8,3_year,USD,14.068787,Machine Per Hour,1.758598,machine_inclusive,accelerator $1.3477/GPU-hr plus 96 vCPU and 680 GB RAM
2026-08-11T12:08:03+00:00,gcp,2026-08-11T07:00:00Z,southamerica-east1,1BB6-C249-C81F,a2-megagpu-16g,A100,16,3_year,USD,26.451518,Machine Per Hour,1.65322,machine_inclusive,accelerator $1.3477/GPU-hr plus 96 vCPU and 1360 GB RAM
2026-08-11T12:08:03+00:00,gcp,2026-08-11T07:00:00Z,us-east5,1BBE-D828-4747,g2-standard-4,L4,1,on_demand,USD,0.796105,GPU Per Hour,0.796105,machine_inclusive,accelerator $0.6308/GPU-hr plus 4 vCPU and 16 GB RAM
2026-08-11T12:08:03+00:00,gcp,2026-08-11T07:00:00Z,us-east5,1BBE-D828-4747,g2-standard-8,L4,1,on_demand,USD,0.961437,GPU Per Hour,0.961437,machine_inclusive,accelerator $0.6308/GPU-hr plus 8 vCPU and 32 GB RAM
2026-08-11T12:08:03+00:00,gcp,2026-08-11T07:00:00Z,us-east5,1BBE-D828-4747,g2-standard-12,L4,1,on_demand,USD,1.126769,GPU Per Hour,1.126769,machine_inclusive,accelerator $0.6308/GPU-hr plus 12 vCPU and 48 GB RAM
2026-08-11T12:08:03+00:00,gcp,2026-08-11T07:00:00Z,us-east5,1BBE-D828-4747,g2-standard-16,L4,1,on_demand,USD,1.292101,GPU Per Hour,1.292101,machine_inclusive,accelerator $0.6308/GPU-hr plus 16 vCPU and 64 GB RAM
2026-08-11T12:08:03+00:00,gcp,2026-08-11T07:00:00Z,us-east5,1BBE-D828-4747,g2-standard-24,L4,2,on_demand,USD,2.253538,Machine Per Hour,1.126769,machine_inclusive,accelerator $0.6308/GPU-hr plus 24 vCPU and 96 GB RAM
2026-08-11T12:08:03+00:00,gcp,2026-08-11T07:00:00Z,us-east5,1BBE-D828-4747,g2-standard-32,L4,1,on_demand,USD,1.953428,GPU Per Hour,1.953428,machine_inclusive,accelerator $0.6308/GPU-hr plus 32 vCPU and 128 GB RAM
2026-08-11T12:08:03+00:00,gcp,2026-08-11T07:00:00Z,us-east5,1BBE-D828-4747,g2-standard-48,L4,4,on_demand,USD,4.507075,Machine Per Hour,1.126769,machine_inclusive,accelerator $0.6308/GPU-hr plus 48 vCPU and 192 GB RAM
2026-08-11T12:08:03+00:00,gcp,2026-08-11T07:00:00Z,us-east5,1BBE-D828-4747,g2-standard-96,L4,8,on_demand,USD,9.014151,Machine Per Hour,1.126769,machine_inclusive,accelerator $0.6308/GPU-hr plus 96 vCPU and 384 GB RAM
2026-08-11T12:08:03+00:00,gcp,2026-08-11T07:00:00Z,us-west8,1BDB-6B06-0518,a2-highgpu-1g,A100,1,on_demand,USD,3.673385,GPU Per Hour,3.673385,machine_inclusive,accelerator $2.9339/GPU-hr plus 12 vCPU and 85 GB RAM
2026-08-11T12:08:03+00:00,gcp,2026-08-11T07:00:00Z,us-west8,1BDB-6B06-0518,a2-highgpu-2g,A100,2,on_demand,USD,7.34677,Machine Per Hour,3.673385,machine_inclusive,accelerator $2.9339/GPU-hr plus 24 vCPU and 170 GB RAM
2026-08-11T12:08:03+00:00,gcp,2026-08-11T07:00:00Z,us-west8,1BDB-6B06-0518,a2-highgpu-4g,A100,4,on_demand,USD,14.69354,Machine Per Hour,3.673385,machine_inclusive,accelerator $2.9339/GPU-hr plus 48 vCPU and 340 GB RAM
2026-08-11T12:08:03+00:00,gcp,2026-08-11T07:00:00Z,us-west8,1BDB-6B06-0518,a2-highgpu-8g,A100,8,on_demand,USD,29.38708,Machine Per Hour,3.673385,machine_inclusive,accelerator $2.9339/GPU-hr plus 96 vCPU and 680 GB RAM
2026-08-11T12:08:03+00:00,gcp,2026-08-11T07:00:00Z,us-west8,1BDB-6B06-0518,a2-megagpu-16g,A100,16,on_demand,USD,55.739504,Machine Per Hour,3.483719,machine_inclusive,accelerator $2.9339/GPU-hr plus 96 vCPU and 1360 GB RAM
2026-08-11T12:08:03+00:00,gcp,2026-08-11T07:00:00Z,australia-southeast1,1BDD-58A3-A462,Nvidia Tesla T4 GPU,T4,1,on_demand,USD,0.44,GPU Per Hour,0.44,accelerator_only,"bare accelerator price; Google bills vCPU and RAM separately, so this is NOT comparable to Oracle or Azure"
2026-08-11T12:08:03+00:00,gcp,2026-08-11T07:00:00Z,europe-north1,1BE6-56E4-7E45,a2-highgpu-1g,A100,1,spot,USD,0.33897,GPU Per Hour,0.33897,machine_inclusive,accelerator $0.2653/GPU-hr plus 12 vCPU and 85 GB RAM
2026-08-11T12:08:03+00:00,gcp,2026-08-11T07:00:00Z,europe-north1,1BE6-56E4-7E45,a2-highgpu-2g,A100,2,spot,USD,0.67794,Machine Per Hour,0.33897,machine_inclusive,accelerator $0.2653/GPU-hr plus 24 vCPU and 170 GB RAM
2026-08-11T12:08:03+00:00,gcp,2026-08-11T07:00:00Z,europe-north1,1BE6-56E4-7E45,a2-highgpu-4g,A100,4,spot,USD,1.35588,Machine Per Hour,0.33897,machine_inclusive,accelerator $0.2653/GPU-hr plus 48 vCPU and 340 GB RAM
2026-08-11T12:08:03+00:00,gcp,2026-08-11T07:00:00Z,europe-north1,1BE6-56E4-7E45,a2-highgpu-8g,A100,8,spot,USD,2.71176,Machine Per Hour,0.33897,machine_inclusive,accelerator $0.2653/GPU-hr plus 96 vCPU and 680 GB RAM
2026-08-11T12:08:03+00:00,gcp,2026-08-11T07:00:00Z,europe-north1,1BE6-56E4-7E45,a2-megagpu-16g,A100,16,spot,USD,5.12112,Machine Per Hour,0.32007,machine_inclusive,accelerator $0.2653/GPU-hr plus 96 vCPU and 1360 GB RAM
2026-08-11T12:08:03+00:00,gcp,2026-08-11T07:00:00Z,asia-southeast1,1C49-8ADA-54A8,a2-ultragpu-1g,A100,1,on_demand,USD,6.20248,GPU Per Hour,6.20248,machine_inclusive,accelerator $4.8461/GPU-hr plus 12 vCPU and 170 GB RAM
2026-08-11T12:08:03+00:00,gcp,2026-08-11T07:00:00Z,asia-southeast1,1C49-8ADA-54A8,a2-ultragpu-2g,A100,2,on_demand,USD,12.40496,Machine Per Hour,6.20248,machine_inclusive,accelerator $4.8461/GPU-hr plus 24 vCPU and 340 GB RAM
2026-08-11T12:08:03+00:00,gcp,2026-08-11T07:00:00Z,asia-southeast1,1C49-8ADA-54A8,a2-ultragpu-4g,A100,4,on_demand,USD,24.80992,Machine Per Hour,6.20248,machine_inclusive,accelerator $4.8461/GPU-hr plus 48 vCPU and 680 GB RAM
2026-08-11T12:08:03+00:00,gcp,2026-08-11T07:00:00Z,asia-southeast1,1C49-8ADA-54A8,a2-ultragpu-8g,A100,8,on_demand,USD,49.61984,Machine Per Hour,6.20248,machine_inclusive,accelerator $4.8461/GPU-hr plus 96 vCPU and 1360 GB RAM
2026-08-11T12:08:03+00:00,gcp,2026-08-11T07:00:00Z,asia-southeast2,1C60-9FA3-EE20,a3-highgpu-8g,H100,8,on_demand,USD,118.108305,Machine Per Hour,14.763538,machine_inclusive,accelerator $13.1734/GPU-hr plus 208 vCPU and 1872 GB RAM
2026-08-11T12:08:03+00:00,gcp,2026-08-11T07:00:00Z,europe-west3,1C68-3C80-5061,a3-megagpu-8g,H100 Mega,8,spot,USD,65.02808,Machine Per Hour,8.12851,machine_inclusive,accelerator $7.2527/GPU-hr plus 208 vCPU and 1872 GB RAM
2026-08-11T12:08:03+00:00,gcp,2026-08-11T07:00:00Z,southamerica-west1,1C7C-7DA0-B01A,a3-highgpu-8g,H100,8,3_year,USD,55.152945,Machine Per Hour,6.894118,machine_inclusive,accelerator $6.1489/GPU-hr plus 208 vCPU and 1872 GB RAM
2026-08-11T12:08:03+00:00,gcp,2026-08-11T07:00:00Z,europe-west3,1C8B-EF6A-1FF4,Nvidia Tesla T4 GPU,T4,1,spot,USD,0.1885,GPU Per Hour,0.1885,accelerator_only,"bare accelerator price; Google bills vCPU and RAM separately, so this is NOT comparable to Oracle or Azure"
2026-08-11T12:08:03+00:00,gcp,2026-08-11T07:00:00Z,us-east5,1CFC-C57A-B266,RTX 6000 96GB,RTX PRO 6000,1,on_demand,USD,1.205215,GPU Per Hour,1.205215,accelerator_only,"bare accelerator price; Google bills vCPU and RAM separately, so this is NOT comparable to Oracle or Azure"
2026-08-11T12:08:03+00:00,gcp,2026-08-11T07:00:00Z,asia-south2,1CFD-1845-BBC6,a2-highgpu-1g,A100,1,on_demand,USD,4.40881,GPU Per Hour,4.40881,machine_inclusive,accelerator $3.5207/GPU-hr plus 12 vCPU and 85 GB RAM
2026-08-11T12:08:03+00:00,gcp,2026-08-11T07:00:00Z,asia-south2,1CFD-1845-BBC6,a2-highgpu-2g,A100,2,on_demand,USD,8.817619,Machine Per Hour,4.40881,machine_inclusive,accelerator $3.5207/GPU-hr plus 24 vCPU and 170 GB RAM
2026-08-11T12:08:03+00:00,gcp,2026-08-11T07:00:00Z,asia-south2,1CFD-1845-BBC6,a2-highgpu-4g,A100,4,on_demand,USD,17.635238,Machine Per Hour,4.40881,machine_inclusive,accelerator $3.5207/GPU-hr plus 48 vCPU and 340 GB RAM
2026-08-11T12:08:03+00:00,gcp,2026-08-11T07:00:00Z,asia-south2,1CFD-1845-BBC6,a2-highgpu-8g,A100,8,on_demand,USD,35.270477,Machine Per Hour,4.40881,machine_inclusive,accelerator $3.5207/GPU-hr plus 96 vCPU and 680 GB RAM
2026-08-11T12:08:03+00:00,gcp,2026-08-11T07:00:00Z,asia-south2,1CFD-1845-BBC6,a2-megagpu-16g,A100,16,on_demand,USD,66.895834,Machine Per Hour,4.18099,machine_inclusive,accelerator $3.5207/GPU-hr plus 96 vCPU and 1360 GB RAM
2026-08-11T12:08:03+00:00,gcp,2026-08-11T07:00:00Z,asia-east2,1D06-1999-70AF,a2-ultragpu-1g,A100,1,3_year,USD,4.870373,GPU Per Hour,4.870373,machine_inclusive,accelerator $4.3318/GPU-hr plus 12 vCPU and 170 GB RAM
2026-08-11T12:08:03+00:00,gcp,2026-08-11T07:00:00Z,asia-east2,1D06-1999-70AF,a2-ultragpu-2g,A100,2,3_year,USD,9.740745,Machine Per Hour,4.870373,machine_inclusive,accelerator $4.3318/GPU-hr plus 24 vCPU and 340 GB RAM
2026-08-11T12:08:03+00:00,gcp,2026-08-11T07:00:00Z,asia-east2,1D06-1999-70AF,a2-ultragpu-4g,A100,4,3_year,USD,19.48149,Machine Per Hour,4.870373,machine_inclusive,accelerator $4.3318/GPU-hr plus 48 vCPU and 680 GB RAM
2026-08-11T12:08:03+00:00,gcp,2026-08-11T07:00:00Z,asia-east2,1D06-1999-70AF,a2-ultragpu-8g,A100,8,3_year,USD,38.962981,Machine Per Hour,4.870373,machine_inclusive,accelerator $4.3318/GPU-hr plus 96 vCPU and 1360 GB RAM
2026-08-11T12:08:03+00:00,gcp,2026-08-11T07:00:00Z,me-central2,1D1E-543B-A0CF,Nvidia Tesla P4 GPU,P4,1,spot,USD,0.1139,GPU Per Hour,0.1139,accelerator_only,"bare accelerator price; Google bills vCPU and RAM separately, so this is NOT comparable to Oracle or Azure"
2026-08-11T12:08:03+00:00,gcp,2026-08-11T07:00:00Z,us-east4,1D4C-3419-0297,g2-standard-4,L4,1,on_demand,USD,0.704518,GPU Per Hour,0.704518,machine_inclusive,accelerator $0.5582/GPU-hr plus 4 vCPU and 16 GB RAM
2026-08-11T12:08:03+00:00,gcp,2026-08-11T07:00:00Z,us-east4,1D4C-3419-0297,g2-standard-8,L4,1,on_demand,USD,0.850829,GPU Per Hour,0.850829,machine_inclusive,accelerator $0.5582/GPU-hr plus 8 vCPU and 32 GB RAM
2026-08-11T12:08:03+00:00,gcp,2026-08-11T07:00:00Z,us-east4,1D4C-3419-0297,g2-standard-12,L4,1,on_demand,USD,0.997141,GPU Per Hour,0.997141,machine_inclusive,accelerator $0.5582/GPU-hr plus 12 vCPU and 48 GB RAM
2026-08-11T12:08:03+00:00,gcp,2026-08-11T07:00:00Z,us-east4,1D4C-3419-0297,g2-standard-16,L4,1,on_demand,USD,1.143452,GPU Per Hour,1.143452,machine_inclusive,accelerator $0.5582/GPU-hr plus 16 vCPU and 64 GB RAM
2026-08-11T12:08:03+00:00,gcp,2026-08-11T07:00:00Z,us-east4,1D4C-3419-0297,g2-standard-24,L4,2,on_demand,USD,1.994281,Machine Per Hour,0.997141,machine_inclusive,accelerator $0.5582/GPU-hr plus 24 vCPU and 96 GB RAM
2026-08-11T12:08:03+00:00,gcp,2026-08-11T07:00:00Z,us-east4,1D4C-3419-0297,g2-standard-32,L4,1,on_demand,USD,1.728697,GPU Per Hour,1.728697,machine_inclusive,accelerator $0.5582/GPU-hr plus 32 vCPU and 128 GB RAM
2026-08-11T12:08:03+00:00,gcp,2026-08-11T07:00:00Z,us-east4,1D4C-3419-0297,g2-standard-48,L4,4,on_demand,USD,3.988562,Machine Per Hour,0.997141,machine_inclusive,accelerator $0.5582/GPU-hr plus 48 vCPU and 192 GB RAM
2026-08-11T12:08:03+00:00,gcp,2026-08-11T07:00:00Z,us-east4,1D4C-3419-0297,g2-standard-96,L4,8,on_demand,USD,7.977124,Machine Per Hour,0.997141,machine_inclusive,accelerator $0.5582/GPU-hr plus 96 vCPU and 384 GB RAM
2026-08-11T12:08:03+00:00,gcp,2026-08-11T07:00:00Z,us-south1,1DB4-809C-B082,a3-highgpu-8g,H100,8,3_year,USD,45.510817,Machine Per Hour,5.688852,machine_inclusive,accelerator $5.0739/GPU-hr plus 208 vCPU and 1872 GB RAM
2026-08-11T12:08:03+00:00,gcp,2026-08-11T07:00:00Z,asia-south2,1DB9-8B77-7BAA,Nvidia Tesla T4 GPU,T4,1,1_year,USD,0.264,GPU Per Hour,0.264,accelerator_only,"bare accelerator price; Google bills vCPU and RAM separately, so this is NOT comparable to Oracle or Azure"
2026-08-11T12:08:03+00:00,gcp,2026-08-11T07:00:00Z,us-west1,1DBB-13D9-B0DE,A4 Nvidia B200 (1 gpu slice),B200,1,1_year,USD,11.1159,GPU Per Hour,11.1159,machine_inclusive,Google publishes no separate A4 vCPU/RAM SKUs -- the per-slice price already covers the whole machine
2026-08-11T12:08:03+00:00,gcp,2026-08-11T07:00:00Z,us-central1,1DBB-13D9-B0DE,A4 Nvidia B200 (1 gpu slice),B200,1,1_year,USD,11.1159,GPU Per Hour,11.1159,machine_inclusive,Google publishes no separate A4 vCPU/RAM SKUs -- the per-slice price already covers the whole machine
2026-08-11T12:08:03+00:00,gcp,2026-08-11T07:00:00Z,us-east1,1DBB-13D9-B0DE,A4 Nvidia B200 (1 gpu slice),B200,1,1_year,USD,11.1159,GPU Per Hour,11.1159,machine_inclusive,Google publishes no separate A4 vCPU/RAM SKUs -- the per-slice price already covers the whole machine
2026-08-11T12:08:03+00:00,gcp,2026-08-11T07:00:00Z,europe-southwest1,1DD1-070E-70CC,g2-standard-4,L4,1,spot,USD,0.128216,GPU Per Hour,0.128216,machine_inclusive,accelerator $0.1016/GPU-hr plus 4 vCPU and 16 GB RAM
2026-08-11T12:08:03+00:00,gcp,2026-08-11T07:00:00Z,europe-southwest1,1DD1-070E-70CC,g2-standard-8,L4,1,spot,USD,0.154832,GPU Per Hour,0.154832,machine_inclusive,accelerator $0.1016/GPU-hr plus 8 vCPU and 32 GB RAM
2026-08-11T12:08:03+00:00,gcp,2026-08-11T07:00:00Z,europe-southwest1,1DD1-070E-70CC,g2-standard-12,L4,1,spot,USD,0.181448,GPU Per Hour,0.181448,machine_inclusive,accelerator $0.1016/GPU-hr plus 12 vCPU and 48 GB RAM
2026-08-11T12:08:03+00:00,gcp,2026-08-11T07:00:00Z,europe-southwest1,1DD1-070E-70CC,g2-standard-16,L4,1,spot,USD,0.208064,GPU Per Hour,0.208064,machine_inclusive,accelerator $0.1016/GPU-hr plus 16 vCPU and 64 GB RAM
2026-08-11T12:08:03+00:00,gcp,2026-08-11T07:00:00Z,europe-southwest1,1DD1-070E-70CC,g2-standard-24,L4,2,spot,USD,0.362896,Machine Per Hour,0.181448,machine_inclusive,accelerator $0.1016/GPU-hr plus 24 vCPU and 96 GB RAM
2026-08-11T12:08:03+00:00,gcp,2026-08-11T07:00:00Z,europe-southwest1,1DD1-070E-70CC,g2-standard-32,L4,1,spot,USD,0.314528,GPU Per Hour,0.314528,machine_inclusive,accelerator $0.1016/GPU-hr plus 32 vCPU and 128 GB RAM
2026-08-11T12:08:03+00:00,gcp,2026-08-11T07:00:00Z,europe-southwest1,1DD1-070E-70CC,g2-standard-48,L4,4,spot,USD,0.725792,Machine Per Hour,0.181448,machine_inclusive,accelerator $0.1016/GPU-hr plus 48 vCPU and 192 GB RAM
2026-08-11T12:08:03+00:00,gcp,2026-08-11T07:00:00Z,europe-southwest1,1DD1-070E-70CC,g2-standard-96,L4,8,spot,USD,1.451584,Machine Per Hour,0.181448,machine_inclusive,accelerator $0.1016/GPU-hr plus 96 vCPU and 384 GB RAM
2026-08-11T12:08:03+00:00,gcp,2026-08-11T07:00:00Z,asia-east2,1DDE-E5A2-77DD,a3-highgpu-8g,H100,8,on_demand,USD,122.868801,Machine Per Hour,15.3586,machine_inclusive,accelerator $13.7044/GPU-hr plus 208 vCPU and 1872 GB RAM
2026-08-11T12:08:03+00:00,gcp,2026-08-11T07:00:00Z,me-central2,1E1B-0229-0EE2,a2-ultragpu-1g,A100,1,on_demand,USD,8.044323,GPU Per Hour,8.044323,machine_inclusive,accelerator $6.2849/GPU-hr plus 12 vCPU and 170 GB RAM
2026-08-11T12:08:03+00:00,gcp,2026-08-11T07:00:00Z,me-central2,1E1B-0229-0EE2,a2-ultragpu-2g,A100,2,on_demand,USD,16.088646,Machine Per Hour,8.044323,machine_inclusive,accelerator $6.2849/GPU-hr plus 24 vCPU and 340 GB RAM
2026-08-11T12:08:03+00:00,gcp,2026-08-11T07:00:00Z,me-central2,1E1B-0229-0EE2,a2-ultragpu-4g,A100,4,on_demand,USD,32.177293,Machine Per Hour,8.044323,machine_inclusive,accelerator $6.2849/GPU-hr plus 48 vCPU and 680 GB RAM
2026-08-11T12:08:03+00:00,gcp,2026-08-11T07:00:00Z,me-central2,1E1B-0229-0EE2,a2-ultragpu-8g,A100,8,on_demand,USD,64.354586,Machine Per Hour,8.044323,machine_inclusive,accelerator $6.2849/GPU-hr plus 96 vCPU and 1360 GB RAM
2026-08-11T12:08:03+00:00,gcp,2026-08-11T07:00:00Z,asia-southeast2,1EE3-A40C-2C49,a2-highgpu-1g,A100,1,spot,USD,0.499735,GPU Per Hour,0.499735,machine_inclusive,accelerator $0.3862/GPU-hr plus 12 vCPU and 85 GB RAM
2026-08-11T12:08:03+00:00,gcp,2026-08-11T07:00:00Z,asia-southeast2,1EE3-A40C-2C49,a2-highgpu-2g,A100,2,spot,USD,0.99947,Machine Per Hour,0.499735,machine_inclusive,accelerator $0.3862/GPU-hr plus 24 vCPU and 170 GB RAM
2026-08-11T12:08:03+00:00,gcp,2026-08-11T07:00:00Z,asia-southeast2,1EE3-A40C-2C49,a2-highgpu-4g,A100,4,spot,USD,1.99894,Machine Per Hour,0.499735,machine_inclusive,accelerator $0.3862/GPU-hr plus 48 vCPU and 340 GB RAM
2026-08-11T12:08:03+00:00,gcp,2026-08-11T07:00:00Z,asia-southeast2,1EE3-A40C-2C49,a2-highgpu-8g,A100,8,spot,USD,3.99788,Machine Per Hour,0.499735,machine_inclusive,accelerator $0.3862/GPU-hr plus 96 vCPU and 680 GB RAM
2026-08-11T12:08:03+00:00,gcp,2026-08-11T07:00:00Z,asia-southeast2,1EE3-A40C-2C49,a2-megagpu-16g,A100,16,spot,USD,7.53016,Machine Per Hour,0.470635,machine_inclusive,accelerator $0.3862/GPU-hr plus 96 vCPU and 1360 GB RAM
2026-08-11T12:08:03+00:00,gcp,2026-08-11T07:00:00Z,europe-west4,1EF5-CFF5-F246,Nvidia Tesla T4 GPU,T4,1,1_year,USD,0.22,GPU Per Hour,0.22,accelerator_only,"bare accelerator price; Google bills vCPU and RAM separately, so this is NOT comparable to Oracle or Azure"
2026-08-11T12:08:03+00:00,gcp,2026-08-11T07:00:00Z,me-central1,1F93-8B29-F170,a3-highgpu-8g,H100,8,3_year,USD,46.86072,Machine Per Hour,5.85759,machine_inclusive,accelerator $5.2244/GPU-hr plus 208 vCPU and 1872 GB RAM
2026-08-11T12:08:03+00:00,gcp,2026-08-11T07:00:00Z,europe-west12,1FBC-D11E-5680,a2-highgpu-1g,A100,1,on_demand,USD,4.738666,GPU Per Hour,4.738666,machine_inclusive,accelerator $3.7847/GPU-hr plus 12 vCPU and 85 GB RAM
2026-08-11T12:08:03+00:00,gcp,2026-08-11T07:00:00Z,europe-west12,1FBC-D11E-5680,a2-highgpu-2g,A100,2,on_demand,USD,9.477333,Machine Per Hour,4.738666,machine_inclusive,accelerator $3.7847/GPU-hr plus 24 vCPU and 170 GB RAM
2026-08-11T12:08:03+00:00,gcp,2026-08-11T07:00:00Z,europe-west12,1FBC-D11E-5680,a2-highgpu-4g,A100,4,on_demand,USD,18.954665,Machine Per Hour,4.738666,machine_inclusive,accelerator $3.7847/GPU-hr plus 48 vCPU and 340 GB RAM
2026-08-11T12:08:03+00:00,gcp,2026-08-11T07:00:00Z,europe-west12,1FBC-D11E-5680,a2-highgpu-8g,A100,8,on_demand,USD,37.909331,Machine Per Hour,4.738666,machine_inclusive,accelerator $3.7847/GPU-hr plus 96 vCPU and 680 GB RAM
2026-08-11T12:08:03+00:00,gcp,2026-08-11T07:00:00Z,europe-west12,1FBC-D11E-5680,a2-megagpu-16g,A100,16,on_demand,USD,71.903955,Machine Per Hour,4.493997,machine_inclusive,accelerator $3.7847/GPU-hr plus 96 vCPU and 1360 GB RAM
2026-08-11T12:08:03+00:00,gcp,2026-08-11T07:00:00Z,europe-west12,1FBD-72D8-649C,a2-ultragpu-1g,A100,1,spot,USD,1.8656,GPU Per Hour,1.8656,machine_inclusive,accelerator $1.7378/GPU-hr plus 12 vCPU and 170 GB RAM
2026-08-11T12:08:03+00:00,gcp,2026-08-11T07:00:00Z,europe-west12,1FBD-72D8-649C,a2-ultragpu-2g,A100,2,spot,USD,3.7312,Machine Per Hour,1.8656,machine_inclusive,accelerator $1.7378/GPU-hr plus 24 vCPU and 340 GB RAM
2026-08-11T12:08:03+00:00,gcp,2026-08-11T07:00:00Z,europe-west12,1FBD-72D8-649C,a2-ultragpu-4g,A100,4,spot,USD,7.4624,Machine Per Hour,1.8656,machine_inclusive,accelerator $1.7378/GPU-hr plus 48 vCPU and 680 GB RAM
2026-08-11T12:08:03+00:00,gcp,2026-08-11T07:00:00Z,europe-west12,1FBD-72D8-649C,a2-ultragpu-8g,A100,8,spot,USD,14.9248,Machine Per Hour,1.8656,machine_inclusive,accelerator $1.7378/GPU-hr plus 96 vCPU and 1360 GB RAM
2026-08-11T12:08:03+00:00,gcp,2026-08-11T07:00:00Z,us-central1,204F-FA84-6E50,a2-ultragpu-1g,A100,1,1_year,USD,4.1738,GPU Per Hour,4.1738,machine_inclusive,accelerator $3.4811/GPU-hr plus 12 vCPU and 170 GB RAM
2026-08-11T12:08:03+00:00,gcp,2026-08-11T07:00:00Z,us-central1,204F-FA84-6E50,a2-ultragpu-2g,A100,2,1_year,USD,8.3476,Machine Per Hour,4.1738,machine_inclusive,accelerator $3.4811/GPU-hr plus 24 vCPU and 340 GB RAM
2026-08-11T12:08:03+00:00,gcp,2026-08-11T07:00:00Z,us-central1,204F-FA84-6E50,a2-ultragpu-4g,A100,4,1_year,USD,16.6952,Machine Per Hour,4.1738,machine_inclusive,accelerator $3.4811/GPU-hr plus 48 vCPU and 680 GB RAM
2026-08-11T12:08:03+00:00,gcp,2026-08-11T07:00:00Z,us-central1,204F-FA84-6E50,a2-ultragpu-8g,A100,8,1_year,USD,33.3904,Machine Per Hour,4.1738,machine_inclusive,accelerator $3.4811/GPU-hr plus 96 vCPU and 1360 GB RAM
2026-08-11T12:08:03+00:00,gcp,2026-08-11T07:00:00Z,us-east1,204F-FA84-6E50,a2-ultragpu-1g,A100,1,1_year,USD,4.1738,GPU Per Hour,4.1738,machine_inclusive,accelerator $3.4811/GPU-hr plus 12 vCPU and 170 GB RAM
2026-08-11T12:08:03+00:00,gcp,2026-08-11T07:00:00Z,us-east1,204F-FA84-6E50,a2-ultragpu-2g,A100,2,1_year,USD,8.3476,Machine Per Hour,4.1738,machine_inclusive,accelerator $3.4811/GPU-hr plus 24 vCPU and 340 GB RAM
2026-08-11T12:08:03+00:00,gcp,2026-08-11T07:00:00Z,us-east1,204F-FA84-6E50,a2-ultragpu-4g,A100,4,1_year,USD,16.6952,Machine Per Hour,4.1738,machine_inclusive,accelerator $3.4811/GPU-hr plus 48 vCPU and 680 GB RAM
2026-08-11T12:08:03+00:00,gcp,2026-08-11T07:00:00Z,us-east1,204F-FA84-6E50,a2-ultragpu-8g,A100,8,1_year,USD,33.3904,Machine Per Hour,4.1738,machine_inclusive,accelerator $3.4811/GPU-hr plus 96 vCPU and 1360 GB RAM
2026-08-11T12:08:03+00:00,gcp,2026-08-11T07:00:00Z,us-west1,204F-FA84-6E50,a2-ultragpu-1g,A100,1,1_year,USD,4.1738,GPU Per Hour,4.1738,machine_inclusive,accelerator $3.4811/GPU-hr plus 12 vCPU and 170 GB RAM
2026-08-11T12:08:03+00:00,gcp,2026-08-11T07:00:00Z,us-west1,204F-FA84-6E50,a2-ultragpu-2g,A100,2,1_year,USD,8.3476,Machine Per Hour,4.1738,machine_inclusive,accelerator $3.4811/GPU-hr plus 24 vCPU and 340 GB RAM
2026-08-11T12:08:03+00:00,gcp,2026-08-11T07:00:00Z,us-west1,204F-FA84-6E50,a2-ultragpu-4g,A100,4,1_year,USD,16.6952,Machine Per Hour,4.1738,machine_inclusive,accelerator $3.4811/GPU-hr plus 48 vCPU and 680 GB RAM
2026-08-11T12:08:03+00:00,gcp,2026-08-11T07:00:00Z,us-west1,204F-FA84-6E50,a2-ultragpu-8g,A100,8,1_year,USD,33.3904,Machine Per Hour,4.1738,machine_inclusive,accelerator $3.4811/GPU-hr plus 96 vCPU and 1360 GB RAM
2026-08-11T12:08:03+00:00,gcp,2026-08-11T07:00:00Z,australia-southeast1,2069-D2E0-5C78,a3-megagpu-8g,H100 Mega,8,spot,USD,43.12144,Machine Per Hour,5.39018,machine_inclusive,accelerator $4.8096/GPU-hr plus 208 vCPU and 1872 GB RAM
2026-08-11T12:08:03+00:00,gcp,2026-08-11T07:00:00Z,us-west3,206A-A920-2481,Nvidia Tesla V100 GPU,V100,1,spot,USD,0.2678,GPU Per Hour,0.2678,accelerator_only,"bare accelerator price; Google bills vCPU and RAM separately, so this is NOT comparable to Oracle or Azure"
2026-08-11T12:08:03+00:00,gcp,2026-08-11T07:00:00Z,northamerica-northeast1,2084-4B1C-9D86,g2-standard-4,L4,1,1_year,USD,0.490325,GPU Per Hour,0.490325,machine_inclusive,accelerator $0.3885/GPU-hr plus 4 vCPU and 16 GB RAM
2026-08-11T12:08:03+00:00,gcp,2026-08-11T07:00:00Z,northamerica-northeast1,2084-4B1C-9D86,g2-standard-8,L4,1,1_year,USD,0.592153,GPU Per Hour,0.592153,machine_inclusive,accelerator $0.3885/GPU-hr plus 8 vCPU and 32 GB RAM
2026-08-11T12:08:03+00:00,gcp,2026-08-11T07:00:00Z,northamerica-northeast1,2084-4B1C-9D86,g2-standard-12,L4,1,1_year,USD,0.693982,GPU Per Hour,0.693982,machine_inclusive,accelerator $0.3885/GPU-hr plus 12 vCPU and 48 GB RAM
2026-08-11T12:08:03+00:00,gcp,2026-08-11T07:00:00Z,northamerica-northeast1,2084-4B1C-9D86,g2-standard-16,L4,1,1_year,USD,0.79581,GPU Per Hour,0.79581,machine_inclusive,accelerator $0.3885/GPU-hr plus 16 vCPU and 64 GB RAM
2026-08-11T12:08:03+00:00,gcp,2026-08-11T07:00:00Z,northamerica-northeast1,2084-4B1C-9D86,g2-standard-24,L4,2,1_year,USD,1.387964,Machine Per Hour,0.693982,machine_inclusive,accelerator $0.3885/GPU-hr plus 24 vCPU and 96 GB RAM
2026-08-11T12:08:03+00:00,gcp,2026-08-11T07:00:00Z,northamerica-northeast1,2084-4B1C-9D86,g2-standard-32,L4,1,1_year,USD,1.203125,GPU Per Hour,1.203125,machine_inclusive,accelerator $0.3885/GPU-hr plus 32 vCPU and 128 GB RAM
2026-08-11T12:08:03+00:00,gcp,2026-08-11T07:00:00Z,northamerica-northeast1,2084-4B1C-9D86,g2-standard-48,L4,4,1_year,USD,2.775927,Machine Per Hour,0.693982,machine_inclusive,accelerator $0.3885/GPU-hr plus 48 vCPU and 192 GB RAM
2026-08-11T12:08:03+00:00,gcp,2026-08-11T07:00:00Z,northamerica-northeast1,2084-4B1C-9D86,g2-standard-96,L4,8,1_year,USD,5.551855,Machine Per Hour,0.693982,machine_inclusive,accelerator $0.3885/GPU-hr plus 96 vCPU and 384 GB RAM
2026-08-11T12:08:03+00:00,gcp,2026-08-11T07:00:00Z,asia-southeast1,20B6-4FD3-F81D,A4 Nvidia B200 (1 gpu slice),B200,1,on_demand,USD,19.332,GPU Per Hour,19.332,machine_inclusive,Google publishes no separate A4 vCPU/RAM SKUs -- the per-slice price already covers the whole machine
2026-08-11T12:08:03+00:00,gcp,2026-08-11T07:00:00Z,europe-central2,20CB-232E-74DE,Nvidia Tesla P100 GPU,P100,1,1_year,USD,1.008,GPU Per Hour,1.008,accelerator_only,"bare accelerator price; Google bills vCPU and RAM separately, so this is NOT comparable to Oracle or Azure"
2026-08-11T12:08:03+00:00,gcp,2026-08-11T07:00:00Z,asia-south2,210D-010C-A35D,RTX 6000 96GB,RTX PRO 6000,1,3_year,USD,0.626717,GPU Per Hour,0.626717,accelerator_only,"bare accelerator price; Google bills vCPU and RAM separately, so this is NOT comparable to Oracle or Azure"
2026-08-11T12:08:03+00:00,gcp,2026-08-11T07:00:00Z,europe-north1,2123-F609-F391,g2-standard-4,L4,1,spot,USD,0.07006,GPU Per Hour,0.07006,machine_inclusive,accelerator $0.0555/GPU-hr plus 4 vCPU and 16 GB RAM
2026-08-11T12:08:03+00:00,gcp,2026-08-11T07:00:00Z,europe-north1,2123-F609-F391,g2-standard-8,L4,1,spot,USD,0.08462,GPU Per Hour,0.08462,machine_inclusive,accelerator $0.0555/GPU-hr plus 8 vCPU and 32 GB RAM
2026-08-11T12:08:03+00:00,gcp,2026-08-11T07:00:00Z,europe-north1,2123-F609-F391,g2-standard-12,L4,1,spot,USD,0.09918,GPU Per Hour,0.09918,machine_inclusive,accelerator $0.0555/GPU-hr plus 12 vCPU and 48 GB RAM
2026-08-11T12:08:03+00:00,gcp,2026-08-11T07:00:00Z,europe-north1,2123-F609-F391,g2-standard-16,L4,1,spot,USD,0.11374,GPU Per Hour,0.11374,machine_inclusive,accelerator $0.0555/GPU-hr plus 16 vCPU and 64 GB RAM
2026-08-11T12:08:03+00:00,gcp,2026-08-11T07:00:00Z,europe-north1,2123-F609-F391,g2-standard-24,L4,2,spot,USD,0.19836,Machine Per Hour,0.09918,machine_inclusive,accelerator $0.0555/GPU-hr plus 24 vCPU and 96 GB RAM
2026-08-11T12:08:03+00:00,gcp,2026-08-11T07:00:00Z,europe-north1,2123-F609-F391,g2-standard-32,L4,1,spot,USD,0.17198,GPU Per Hour,0.17198,machine_inclusive,accelerator $0.0555/GPU-hr plus 32 vCPU and 128 GB RAM
2026-08-11T12:08:03+00:00,gcp,2026-08-11T07:00:00Z,europe-north1,2123-F609-F391,g2-standard-48,L4,4,spot,USD,0.39672,Machine Per Hour,0.09918,machine_inclusive,accelerator $0.0555/GPU-hr plus 48 vCPU and 192 GB RAM
2026-08-11T12:08:03+00:00,gcp,2026-08-11T07:00:00Z,europe-north1,2123-F609-F391,g2-standard-96,L4,8,spot,USD,0.79344,Machine Per Hour,0.09918,machine_inclusive,accelerator $0.0555/GPU-hr plus 96 vCPU and 384 GB RAM
2026-08-11T12:08:03+00:00,gcp,2026-08-11T07:00:00Z,asia-northeast2,215F-B4E5-2140,Nvidia Tesla V100 GPU,V100,1,spot,USD,0.74,GPU Per Hour,0.74,accelerator_only,"bare accelerator price; Google bills vCPU and RAM separately, so this is NOT comparable to Oracle or Azure"
2026-08-11T12:08:03+00:00,gcp,2026-08-11T07:00:00Z,me-central2,218D-50F5-218B,Nvidia Tesla P100 GPU,P100,1,1_year,USD,1.4704,GPU Per Hour,1.4704,accelerator_only,"bare accelerator price; Google bills vCPU and RAM separately, so this is NOT comparable to Oracle or Azure"
2026-08-11T12:08:03+00:00,gcp,2026-08-11T07:00:00Z,europe-west2,21B4-6980-6F53,g2-standard-4,L4,1,3_year,USD,0.362155,GPU Per Hour,0.362155,machine_inclusive,accelerator $0.2869/GPU-hr plus 4 vCPU and 16 GB RAM
2026-08-11T12:08:03+00:00,gcp,2026-08-11T07:00:00Z,europe-west2,21B4-6980-6F53,g2-standard-8,L4,1,3_year,USD,0.437366,GPU Per Hour,0.437366,machine_inclusive,accelerator $0.2869/GPU-hr plus 8 vCPU and 32 GB RAM
2026-08-11T12:08:03+00:00,gcp,2026-08-11T07:00:00Z,europe-west2,21B4-6980-6F53,g2-standard-12,L4,1,3_year,USD,0.512577,GPU Per Hour,0.512577,machine_inclusive,accelerator $0.2869/GPU-hr plus 12 vCPU and 48 GB RAM
2026-08-11T12:08:03+00:00,gcp,2026-08-11T07:00:00Z,europe-west2,21B4-6980-6F53,g2-standard-16,L4,1,3_year,USD,0.587788,GPU Per Hour,0.587788,machine_inclusive,accelerator $0.2869/GPU-hr plus 16 vCPU and 64 GB RAM
2026-08-11T12:08:03+00:00,gcp,2026-08-11T07:00:00Z,europe-west2,21B4-6980-6F53,g2-standard-24,L4,2,3_year,USD,1.025154,Machine Per Hour,0.512577,machine_inclusive,accelerator $0.2869/GPU-hr plus 24 vCPU and 96 GB RAM
2026-08-11T12:08:03+00:00,gcp,2026-08-11T07:00:00Z,europe-west2,21B4-6980-6F53,g2-standard-32,L4,1,3_year,USD,0.888632,GPU Per Hour,0.888632,machine_inclusive,accelerator $0.2869/GPU-hr plus 32 vCPU and 128 GB RAM
2026-08-11T12:08:03+00:00,gcp,2026-08-11T07:00:00Z,europe-west2,21B4-6980-6F53,g2-standard-48,L4,4,3_year,USD,2.050308,Machine Per Hour,0.512577,machine_inclusive,accelerator $0.2869/GPU-hr plus 48 vCPU and 192 GB RAM
2026-08-11T12:08:03+00:00,gcp,2026-08-11T07:00:00Z,europe-west2,21B4-6980-6F53,g2-standard-96,L4,8,3_year,USD,4.100616,Machine Per Hour,0.512577,machine_inclusive,accelerator $0.2869/GPU-hr plus 96 vCPU and 384 GB RAM
2026-08-11T12:08:03+00:00,gcp,2026-08-11T07:00:00Z,asia-south1,21E0-8CB5-3712,a2-highgpu-1g,A100,1,1_year,USD,2.743916,GPU Per Hour,2.743916,machine_inclusive,accelerator $2.1844/GPU-hr plus 12 vCPU and 85 GB RAM
2026-08-11T12:08:03+00:00,gcp,2026-08-11T07:00:00Z,asia-south1,21E0-8CB5-3712,a2-highgpu-2g,A100,2,1_year,USD,5.487832,Machine Per Hour,2.743916,machine_inclusive,accelerator $2.1844/GPU-hr plus 24 vCPU and 170 GB RAM
2026-08-11T12:08:03+00:00,gcp,2026-08-11T07:00:00Z,asia-south1,21E0-8CB5-3712,a2-highgpu-4g,A100,4,1_year,USD,10.975663,Machine Per Hour,2.743916,machine_inclusive,accelerator $2.1844/GPU-hr plus 48 vCPU and 340 GB RAM
2026-08-11T12:08:03+00:00,gcp,2026-08-11T07:00:00Z,asia-south1,21E0-8CB5-3712,a2-highgpu-8g,A100,8,1_year,USD,21.951326,Machine Per Hour,2.743916,machine_inclusive,accelerator $2.1844/GPU-hr plus 96 vCPU and 680 GB RAM
2026-08-11T12:08:03+00:00,gcp,2026-08-11T07:00:00Z,asia-south1,21E0-8CB5-3712,a2-megagpu-16g,A100,16,1_year,USD,41.606217,Machine Per Hour,2.600389,machine_inclusive,accelerator $2.1844/GPU-hr plus 96 vCPU and 1360 GB RAM
2026-08-11T12:08:03+00:00,gcp,2026-08-11T07:00:00Z,europe-west1,21F8-F4C5-F869,Nvidia Tesla T4 GPU,T4,1,spot,USD,0.1326,GPU Per Hour,0.1326,accelerator_only,"bare accelerator price; Google bills vCPU and RAM separately, so this is NOT comparable to Oracle or Azure"
2026-08-11T12:08:03+00:00,gcp,2026-08-11T07:00:00Z,europe-southwest1,21F8-FD85-FE3E,Nvidia Tesla T4 GPU,T4,1,1_year,USD,0.2596,GPU Per Hour,0.2596,accelerator_only,"bare accelerator price; Google bills vCPU and RAM separately, so this is NOT comparable to Oracle or Azure"
2026-08-11T12:08:03+00:00,gcp,2026-08-11T07:00:00Z,europe-southwest1,220F-053F-985E,a2-ultragpu-1g,A100,1,spot,USD,1.37692,GPU Per Hour,1.37692,machine_inclusive,accelerator $1.2601/GPU-hr plus 12 vCPU and 170 GB RAM
2026-08-11T12:08:03+00:00,gcp,2026-08-11T07:00:00Z,europe-southwest1,220F-053F-985E,a2-ultragpu-2g,A100,2,spot,USD,2.75384,Machine Per Hour,1.37692,machine_inclusive,accelerator $1.2601/GPU-hr plus 24 vCPU and 340 GB RAM
2026-08-11T12:08:03+00:00,gcp,2026-08-11T07:00:00Z,europe-southwest1,220F-053F-985E,a2-ultragpu-4g,A100,4,spot,USD,5.50768,Machine Per Hour,1.37692,machine_inclusive,accelerator $1.2601/GPU-hr plus 48 vCPU and 680 GB RAM
2026-08-11T12:08:03+00:00,gcp,2026-08-11T07:00:00Z,europe-southwest1,220F-053F-985E,a2-ultragpu-8g,A100,8,spot,USD,11.01536,Machine Per Hour,1.37692,machine_inclusive,accelerator $1.2601/GPU-hr plus 96 vCPU and 1360 GB RAM
2026-08-11T12:08:03+00:00,gcp,2026-08-11T07:00:00Z,europe-west10,222E-0926-3B07,a3-highgpu-8g,H100,8,3_year,USD,59.395479,Machine Per Hour,7.424435,machine_inclusive,accelerator $6.6218/GPU-hr plus 208 vCPU and 1872 GB RAM
2026-08-11T12:08:03+00:00,gcp,2026-08-11T07:00:00Z,us-east5,222F-8EBD-AC22,A4 Nvidia B200 (1 gpu slice),B200,1,spot,USD,2.0076,GPU Per Hour,2.0076,machine_inclusive,Google publishes no separate A4 vCPU/RAM SKUs -- the per-slice price already covers the whole machine
2026-08-11T12:08:03+00:00,gcp,2026-08-11T07:00:00Z,us-west3,229F-226E-AB3E,g2-standard-4,L4,1,spot,USD,0.076472,GPU Per Hour,0.076472,machine_inclusive,accelerator $0.0606/GPU-hr plus 4 vCPU and 16 GB RAM
2026-08-11T12:08:03+00:00,gcp,2026-08-11T07:00:00Z,us-west3,229F-226E-AB3E,g2-standard-8,L4,1,spot,USD,0.092344,GPU Per Hour,0.092344,machine_inclusive,accelerator $0.0606/GPU-hr plus 8 vCPU and 32 GB RAM
2026-08-11T12:08:03+00:00,gcp,2026-08-11T07:00:00Z,us-west3,229F-226E-AB3E,g2-standard-12,L4,1,spot,USD,0.108216,GPU Per Hour,0.108216,machine_inclusive,accelerator $0.0606/GPU-hr plus 12 vCPU and 48 GB RAM
2026-08-11T12:08:03+00:00,gcp,2026-08-11T07:00:00Z,us-west3,229F-226E-AB3E,g2-standard-16,L4,1,spot,USD,0.124088,GPU Per Hour,0.124088,machine_inclusive,accelerator $0.0606/GPU-hr plus 16 vCPU and 64 GB RAM
2026-08-11T12:08:03+00:00,gcp,2026-08-11T07:00:00Z,us-west3,229F-226E-AB3E,g2-standard-24,L4,2,spot,USD,0.216432,Machine Per Hour,0.108216,machine_inclusive,accelerator $0.0606/GPU-hr plus 24 vCPU and 96 GB RAM
2026-08-11T12:08:03+00:00,gcp,2026-08-11T07:00:00Z,us-west3,229F-226E-AB3E,g2-standard-32,L4,1,spot,USD,0.187576,GPU Per Hour,0.187576,machine_inclusive,accelerator $0.0606/GPU-hr plus 32 vCPU and 128 GB RAM
2026-08-11T12:08:03+00:00,gcp,2026-08-11T07:00:00Z,us-west3,229F-226E-AB3E,g2-standard-48,L4,4,spot,USD,0.432864,Machine Per Hour,0.108216,machine_inclusive,accelerator $0.0606/GPU-hr plus 48 vCPU and 192 GB RAM
2026-08-11T12:08:03+00:00,gcp,2026-08-11T07:00:00Z,us-west3,229F-226E-AB3E,g2-standard-96,L4,8,spot,USD,0.865728,Machine Per Hour,0.108216,machine_inclusive,accelerator $0.0606/GPU-hr plus 96 vCPU and 384 GB RAM
2026-08-11T12:08:03+00:00,gcp,2026-08-11T07:00:00Z,europe-west4,22AF-4955-FFF9,RTX 6000 96GB,RTX PRO 6000,1,1_year,USD,0.8316,GPU Per Hour,0.8316,accelerator_only,"bare accelerator price; Google bills vCPU and RAM separately, so this is NOT comparable to Oracle or Azure"
2026-08-11T12:08:03+00:00,gcp,2026-08-11T07:00:00Z,asia-southeast1,22CA-82FD-7CC3,RTX 6000 96GB,RTX PRO 6000,1,1_year,USD,0.9072,GPU Per Hour,0.9072,accelerator_only,"bare accelerator price; Google bills vCPU and RAM separately, so this is NOT comparable to Oracle or Azure"
2026-08-11T12:08:03+00:00,gcp,2026-08-11T07:00:00Z,us-west3,22CD-45A6-E70A,Nvidia Tesla V100 GPU,V100,1,3_year,USD,1.339,GPU Per Hour,1.339,accelerator_only,"bare accelerator price; Google bills vCPU and RAM separately, so this is NOT comparable to Oracle or Azure"
2026-08-11T12:08:03+00:00,gcp,2026-08-11T07:00:00Z,africa-south1,2301-EFD5-C93E,Nvidia Tesla P4 GPU,P4,1,spot,USD,0.0931,GPU Per Hour,0.0931,accelerator_only,"bare accelerator price; Google bills vCPU and RAM separately, so this is NOT comparable to Oracle or Azure"
2026-08-11T12:08:03+00:00,gcp,2026-08-11T07:00:00Z,me-west1,235F-B581-EE0E,a2-highgpu-1g,A100,1,1_year,USD,2.545628,GPU Per Hour,2.545628,machine_inclusive,accelerator $2.0332/GPU-hr plus 12 vCPU and 85 GB RAM
2026-08-11T12:08:03+00:00,gcp,2026-08-11T07:00:00Z,me-west1,235F-B581-EE0E,a2-highgpu-2g,A100,2,1_year,USD,5.091255,Machine Per Hour,2.545628,machine_inclusive,accelerator $2.0332/GPU-hr plus 24 vCPU and 170 GB RAM
2026-08-11T12:08:03+00:00,gcp,2026-08-11T07:00:00Z,me-west1,235F-B581-EE0E,a2-highgpu-4g,A100,4,1_year,USD,10.18251,Machine Per Hour,2.545628,machine_inclusive,accelerator $2.0332/GPU-hr plus 48 vCPU and 340 GB RAM
2026-08-11T12:08:03+00:00,gcp,2026-08-11T07:00:00Z,me-west1,235F-B581-EE0E,a2-highgpu-8g,A100,8,1_year,USD,20.36502,Machine Per Hour,2.545628,machine_inclusive,accelerator $2.0332/GPU-hr plus 96 vCPU and 680 GB RAM
2026-08-11T12:08:03+00:00,gcp,2026-08-11T07:00:00Z,me-west1,235F-B581-EE0E,a2-megagpu-16g,A100,16,1_year,USD,38.627016,Machine Per Hour,2.414188,machine_inclusive,accelerator $2.0332/GPU-hr plus 96 vCPU and 1360 GB RAM
2026-08-11T12:08:03+00:00,gcp,2026-08-11T07:00:00Z,me-west1,242C-2C04-E7CB,Nvidia Tesla T4 GPU,T4,1,3_year,USD,0.176,GPU Per Hour,0.176,accelerator_only,"bare accelerator price; Google bills vCPU and RAM separately, so this is NOT comparable to Oracle or Azure"
2026-08-11T12:08:03+00:00,gcp,2026-08-11T07:00:00Z,europe-west3,244D-2D3C-79D9,a2-highgpu-1g,A100,1,on_demand,USD,4.389554,GPU Per Hour,4.389554,machine_inclusive,accelerator $3.4369/GPU-hr plus 12 vCPU and 85 GB RAM
2026-08-11T12:08:03+00:00,gcp,2026-08-11T07:00:00Z,europe-west3,244D-2D3C-79D9,a2-highgpu-2g,A100,2,on_demand,USD,8.779107,Machine Per Hour,4.389554,machine_inclusive,accelerator $3.4369/GPU-hr plus 24 vCPU and 170 GB RAM
2026-08-11T12:08:03+00:00,gcp,2026-08-11T07:00:00Z,europe-west3,244D-2D3C-79D9,a2-highgpu-4g,A100,4,on_demand,USD,17.558215,Machine Per Hour,4.389554,machine_inclusive,accelerator $3.4369/GPU-hr plus 48 vCPU and 340 GB RAM
2026-08-11T12:08:03+00:00,gcp,2026-08-11T07:00:00Z,europe-west3,244D-2D3C-79D9,a2-highgpu-8g,A100,8,on_demand,USD,35.116429,Machine Per Hour,4.389554,machine_inclusive,accelerator $3.4369/GPU-hr plus 96 vCPU and 680 GB RAM
2026-08-11T12:08:03+00:00,gcp,2026-08-11T07:00:00Z,europe-west3,244D-2D3C-79D9,a2-megagpu-16g,A100,16,on_demand,USD,66.322779,Machine Per Hour,4.145174,machine_inclusive,accelerator $3.4369/GPU-hr plus 96 vCPU and 1360 GB RAM
2026-08-11T12:08:03+00:00,gcp,2026-08-11T07:00:00Z,me-central2,24D7-E964-F205,RTX 6000 96GB,RTX PRO 6000,1,on_demand,USD,1.31478,GPU Per Hour,1.31478,accelerator_only,"bare accelerator price; Google bills vCPU and RAM separately, so this is NOT comparable to Oracle or Azure"
2026-08-11T12:08:03+00:00,gcp,2026-08-11T07:00:00Z,europe-west6,252F-B618-65BA,Nvidia Tesla P4 GPU,P4,1,1_year,USD,0.491,GPU Per Hour,0.491,accelerator_only,"bare accelerator price; Google bills vCPU and RAM separately, so this is NOT comparable to Oracle or Azure"
2026-08-11T12:08:03+00:00,gcp,2026-08-11T07:00:00Z,europe-west2,2537-E2D7-6639,RTX 6000 96GB,RTX PRO 6000,1,1_year,USD,0.9072,GPU Per Hour,0.9072,accelerator_only,"bare accelerator price; Google bills vCPU and RAM separately, so this is NOT comparable to Oracle or Azure"
2026-08-11T12:08:03+00:00,gcp,2026-08-11T07:00:00Z,us-west4,2556-84E0-3F53,a2-highgpu-1g,A100,1,on_demand,USD,3.934355,GPU Per Hour,3.934355,machine_inclusive,accelerator $3.1016/GPU-hr plus 12 vCPU and 85 GB RAM
2026-08-11T12:08:03+00:00,gcp,2026-08-11T07:00:00Z,us-west4,2556-84E0-3F53,a2-highgpu-2g,A100,2,on_demand,USD,7.86871,Machine Per Hour,3.934355,machine_inclusive,accelerator $3.1016/GPU-hr plus 24 vCPU and 170 GB RAM
2026-08-11T12:08:03+00:00,gcp,2026-08-11T07:00:00Z,us-west4,2556-84E0-3F53,a2-highgpu-4g,A100,4,on_demand,USD,15.73742,Machine Per Hour,3.934355,machine_inclusive,accelerator $3.1016/GPU-hr plus 48 vCPU and 340 GB RAM
2026-08-11T12:08:03+00:00,gcp,2026-08-11T07:00:00Z,us-west4,2556-84E0-3F53,a2-highgpu-8g,A100,8,on_demand,USD,31.474839,Machine Per Hour,3.934355,machine_inclusive,accelerator $3.1016/GPU-hr plus 96 vCPU and 680 GB RAM
2026-08-11T12:08:03+00:00,gcp,2026-08-11T07:00:00Z,us-west4,2556-84E0-3F53,a2-megagpu-16g,A100,16,on_demand,USD,59.531599,Machine Per Hour,3.720725,machine_inclusive,accelerator $3.1016/GPU-hr plus 96 vCPU and 1360 GB RAM
2026-08-11T12:08:03+00:00,gcp,2026-08-11T07:00:00Z,us-east5,255B-4C4A-7659,Nvidia Tesla P4 GPU,P4,1,3_year,USD,0.27,GPU Per Hour,0.27,accelerator_only,"bare accelerator price; Google bills vCPU and RAM separately, so this is NOT comparable to Oracle or Azure"
2026-08-11T12:08:03+00:00,gcp,2026-08-11T07:00:00Z,us-west2,2571-A087-DC85,Nvidia Tesla P4 GPU,P4,1,1_year,USD,0.453,GPU Per Hour,0.453,accelerator_only,"bare accelerator price; Google bills vCPU and RAM separately, so this is NOT comparable to Oracle or Azure"
2026-08-11T12:08:03+00:00,gcp,2026-08-11T07:00:00Z,europe-west6,257B-F2A6-8F18,a2-ultragpu-1g,A100,1,spot,USD,0.79704,GPU Per Hour,0.79704,machine_inclusive,accelerator $0.6585/GPU-hr plus 12 vCPU and 170 GB RAM
2026-08-11T12:08:03+00:00,gcp,2026-08-11T07:00:00Z,europe-west6,257B-F2A6-8F18,a2-ultragpu-2g,A100,2,spot,USD,1.59408,Machine Per Hour,0.79704,machine_inclusive,accelerator $0.6585/GPU-hr plus 24 vCPU and 340 GB RAM
2026-08-11T12:08:03+00:00,gcp,2026-08-11T07:00:00Z,europe-west6,257B-F2A6-8F18,a2-ultragpu-4g,A100,4,spot,USD,3.18816,Machine Per Hour,0.79704,machine_inclusive,accelerator $0.6585/GPU-hr plus 48 vCPU and 680 GB RAM
2026-08-11T12:08:03+00:00,gcp,2026-08-11T07:00:00Z,europe-west6,257B-F2A6-8F18,a2-ultragpu-8g,A100,8,spot,USD,6.37632,Machine Per Hour,0.79704,machine_inclusive,accelerator $0.6585/GPU-hr plus 96 vCPU and 1360 GB RAM
2026-08-11T12:08:03+00:00,gcp,2026-08-11T07:00:00Z,europe-west9,25B1-0FCE-DD0B,Nvidia Tesla V100 GPU,V100,1,on_demand,USD,2.8768,GPU Per Hour,2.8768,accelerator_only,"bare accelerator price; Google bills vCPU and RAM separately, so this is NOT comparable to Oracle or Azure"
2026-08-11T12:08:03+00:00,gcp,2026-08-11T07:00:00Z,europe-southwest1,25C5-0100-84A6,a2-highgpu-1g,A100,1,1_year,USD,2.730764,GPU Per Hour,2.730764,machine_inclusive,accelerator $2.1811/GPU-hr plus 12 vCPU and 85 GB RAM
2026-08-11T12:08:03+00:00,gcp,2026-08-11T07:00:00Z,europe-southwest1,25C5-0100-84A6,a2-highgpu-2g,A100,2,1_year,USD,5.461528,Machine Per Hour,2.730764,machine_inclusive,accelerator $2.1811/GPU-hr plus 24 vCPU and 170 GB RAM
2026-08-11T12:08:03+00:00,gcp,2026-08-11T07:00:00Z,europe-southwest1,25C5-0100-84A6,a2-highgpu-4g,A100,4,1_year,USD,10.923056,Machine Per Hour,2.730764,machine_inclusive,accelerator $2.1811/GPU-hr plus 48 vCPU and 340 GB RAM
2026-08-11T12:08:03+00:00,gcp,2026-08-11T07:00:00Z,europe-southwest1,25C5-0100-84A6,a2-highgpu-8g,A100,8,1_year,USD,21.846113,Machine Per Hour,2.730764,machine_inclusive,accelerator $2.1811/GPU-hr plus 96 vCPU and 680 GB RAM
2026-08-11T12:08:03+00:00,gcp,2026-08-11T07:00:00Z,europe-southwest1,25C5-0100-84A6,a2-megagpu-16g,A100,16,1_year,USD,41.436254,Machine Per Hour,2.589766,machine_inclusive,accelerator $2.1811/GPU-hr plus 96 vCPU and 1360 GB RAM
2026-08-11T12:08:03+00:00,gcp,2026-08-11T07:00:00Z,us-west4,25E8-AAEC-A70B,g2-standard-4,L4,1,spot,USD,0.477708,GPU Per Hour,0.477708,machine_inclusive,accelerator $0.3785/GPU-hr plus 4 vCPU and 16 GB RAM
2026-08-11T12:08:03+00:00,gcp,2026-08-11T07:00:00Z,us-west4,25E8-AAEC-A70B,g2-standard-8,L4,1,spot,USD,0.576916,GPU Per Hour,0.576916,machine_inclusive,accelerator $0.3785/GPU-hr plus 8 vCPU and 32 GB RAM
2026-08-11T12:08:03+00:00,gcp,2026-08-11T07:00:00Z,us-west4,25E8-AAEC-A70B,g2-standard-12,L4,1,spot,USD,0.676124,GPU Per Hour,0.676124,machine_inclusive,accelerator $0.3785/GPU-hr plus 12 vCPU and 48 GB RAM
2026-08-11T12:08:03+00:00,gcp,2026-08-11T07:00:00Z,us-west4,25E8-AAEC-A70B,g2-standard-16,L4,1,spot,USD,0.775332,GPU Per Hour,0.775332,machine_inclusive,accelerator $0.3785/GPU-hr plus 16 vCPU and 64 GB RAM
2026-08-11T12:08:03+00:00,gcp,2026-08-11T07:00:00Z,us-west4,25E8-AAEC-A70B,g2-standard-24,L4,2,spot,USD,1.352248,Machine Per Hour,0.676124,machine_inclusive,accelerator $0.3785/GPU-hr plus 24 vCPU and 96 GB RAM
2026-08-11T12:08:03+00:00,gcp,2026-08-11T07:00:00Z,us-west4,25E8-AAEC-A70B,g2-standard-32,L4,1,spot,USD,1.172164,GPU Per Hour,1.172164,machine_inclusive,accelerator $0.3785/GPU-hr plus 32 vCPU and 128 GB RAM
2026-08-11T12:08:03+00:00,gcp,2026-08-11T07:00:00Z,us-west4,25E8-AAEC-A70B,g2-standard-48,L4,4,spot,USD,2.704496,Machine Per Hour,0.676124,machine_inclusive,accelerator $0.3785/GPU-hr plus 48 vCPU and 192 GB RAM
2026-08-11T12:08:03+00:00,gcp,2026-08-11T07:00:00Z,us-west4,25E8-AAEC-A70B,g2-standard-96,L4,8,spot,USD,5.408992,Machine Per Hour,0.676124,machine_inclusive,accelerator $0.3785/GPU-hr plus 96 vCPU and 384 GB RAM
2026-08-11T12:08:03+00:00,gcp,2026-08-11T07:00:00Z,us-west2,25F0-53DA-1851,Nvidia Tesla T4 GPU,T4,1,1_year,USD,0.26,GPU Per Hour,0.26,accelerator_only,"bare accelerator price; Google bills vCPU and RAM separately, so this is NOT comparable to Oracle or Azure"
2026-08-11T12:08:03+00:00,gcp,2026-08-11T07:00:00Z,europe-west9,2605-B54C-DB0D,Nvidia Tesla P4 GPU,P4,1,spot,USD,0.075,GPU Per Hour,0.075,accelerator_only,"bare accelerator price; Google bills vCPU and RAM separately, so this is NOT comparable to Oracle or Azure"
2026-08-11T12:08:03+00:00,gcp,2026-08-11T07:00:00Z,southamerica-east1,260E-C377-7CAC,a3-highgpu-8g,H100,8,3_year,USD,61.242908,Machine Per Hour,7.655363,machine_inclusive,accelerator $6.8278/GPU-hr plus 208 vCPU and 1872 GB RAM
2026-08-11T12:08:03+00:00,gcp,2026-08-11T07:00:00Z,europe-west3,261A-BF9C-1561,1/8 vGPU no lssd,,,on_demand,USD,0.77626,GPU Per Hour,,,accelerator not in the lookup table -- add it to gcp.py
2026-08-11T12:08:03+00:00,gcp,2026-08-11T07:00:00Z,europe-west3,26A3-3C1D-39AE,Nvidia Tesla T4 GPU,T4,1,1_year,USD,0.26,GPU Per Hour,0.26,accelerator_only,"bare accelerator price; Google bills vCPU and RAM separately, so this is NOT comparable to Oracle or Azure"
2026-08-11T12:08:03+00:00,gcp,2026-08-11T07:00:00Z,europe-west3,2775-5F3B-3AB7,a3-highgpu-8g,H100,8,on_demand,USD,103.642311,Machine Per Hour,12.955289,machine_inclusive,accelerator $11.5599/GPU-hr plus 208 vCPU and 1872 GB RAM
2026-08-11T12:08:03+00:00,gcp,2026-08-11T07:00:00Z,me-central1,27A3-818C-102D,a3-highgpu-8g,H100,8,spot,USD,9.685616,Machine Per Hour,1.210702,machine_inclusive,accelerator $1.0813/GPU-hr plus 208 vCPU and 1872 GB RAM
2026-08-11T12:08:03+00:00,gcp,2026-08-11T07:00:00Z,me-west1,2874-5DE7-6A4B,g2-standard-4,L4,1,on_demand,USD,0.777516,GPU Per Hour,0.777516,machine_inclusive,accelerator $0.6160/GPU-hr plus 4 vCPU and 16 GB RAM
2026-08-11T12:08:03+00:00,gcp,2026-08-11T07:00:00Z,me-west1,2874-5DE7-6A4B,g2-standard-8,L4,1,on_demand,USD,0.938987,GPU Per Hour,0.938987,machine_inclusive,accelerator $0.6160/GPU-hr plus 8 vCPU and 32 GB RAM
2026-08-11T12:08:03+00:00,gcp,2026-08-11T07:00:00Z,me-west1,2874-5DE7-6A4B,g2-standard-12,L4,1,on_demand,USD,1.100458,GPU Per Hour,1.100458,machine_inclusive,accelerator $0.6160/GPU-hr plus 12 vCPU and 48 GB RAM
2026-08-11T12:08:03+00:00,gcp,2026-08-11T07:00:00Z,me-west1,2874-5DE7-6A4B,g2-standard-16,L4,1,on_demand,USD,1.261929,GPU Per Hour,1.261929,machine_inclusive,accelerator $0.6160/GPU-hr plus 16 vCPU and 64 GB RAM
2026-08-11T12:08:03+00:00,gcp,2026-08-11T07:00:00Z,me-west1,2874-5DE7-6A4B,g2-standard-24,L4,2,on_demand,USD,2.200916,Machine Per Hour,1.100458,machine_inclusive,accelerator $0.6160/GPU-hr plus 24 vCPU and 96 GB RAM
2026-08-11T12:08:03+00:00,gcp,2026-08-11T07:00:00Z,me-west1,2874-5DE7-6A4B,g2-standard-32,L4,1,on_demand,USD,1.907814,GPU Per Hour,1.907814,machine_inclusive,accelerator $0.6160/GPU-hr plus 32 vCPU and 128 GB RAM
2026-08-11T12:08:03+00:00,gcp,2026-08-11T07:00:00Z,me-west1,2874-5DE7-6A4B,g2-standard-48,L4,4,on_demand,USD,4.401832,Machine Per Hour,1.100458,machine_inclusive,accelerator $0.6160/GPU-hr plus 48 vCPU and 192 GB RAM
2026-08-11T12:08:03+00:00,gcp,2026-08-11T07:00:00Z,me-west1,2874-5DE7-6A4B,g2-standard-96,L4,8,on_demand,USD,8.803663,Machine Per Hour,1.100458,machine_inclusive,accelerator $0.6160/GPU-hr plus 96 vCPU and 384 GB RAM
2026-08-11T12:08:03+00:00,gcp,2026-08-11T07:00:00Z,me-central1,293F-860D-0A7D,Nvidia Tesla V100 GPU,V100,1,1_year,USD,1.89783,GPU Per Hour,1.89783,accelerator_only,"bare accelerator price; Google bills vCPU and RAM separately, so this is NOT comparable to Oracle or Azure"
2026-08-11T12:08:03+00:00,gcp,2026-08-11T07:00:00Z,europe-west10,2959-5FF9-39BC,Nvidia Tesla P4 GPU,P4,1,on_demand,USD,0.924,GPU Per Hour,0.924,accelerator_only,"bare accelerator price; Google bills vCPU and RAM separately, so this is NOT comparable to Oracle or Azure"
2026-08-11T12:08:03+00:00,gcp,2026-08-11T07:00:00Z,europe-west8,2964-E977-9991,Nvidia Tesla P100 GPU,P100,1,spot,USD,0.4277,GPU Per Hour,0.4277,accelerator_only,"bare accelerator price; Google bills vCPU and RAM separately, so this is NOT comparable to Oracle or Azure"
2026-08-11T12:08:03+00:00,gcp,2026-08-11T07:00:00Z,asia-east2,2965-7D35-F5EC,g2-standard-4,L4,1,on_demand,USD,0.988788,GPU Per Hour,0.988788,machine_inclusive,accelerator $0.7834/GPU-hr plus 4 vCPU and 16 GB RAM
2026-08-11T12:08:03+00:00,gcp,2026-08-11T07:00:00Z,asia-east2,2965-7D35-F5EC,g2-standard-8,L4,1,on_demand,USD,1.194135,GPU Per Hour,1.194135,machine_inclusive,accelerator $0.7834/GPU-hr plus 8 vCPU and 32 GB RAM
2026-08-11T12:08:03+00:00,gcp,2026-08-11T07:00:00Z,asia-east2,2965-7D35-F5EC,g2-standard-12,L4,1,on_demand,USD,1.399482,GPU Per Hour,1.399482,machine_inclusive,accelerator $0.7834/GPU-hr plus 12 vCPU and 48 GB RAM
2026-08-11T12:08:03+00:00,gcp,2026-08-11T07:00:00Z,asia-east2,2965-7D35-F5EC,g2-standard-16,L4,1,on_demand,USD,1.60483,GPU Per Hour,1.60483,machine_inclusive,accelerator $0.7834/GPU-hr plus 16 vCPU and 64 GB RAM
2026-08-11T12:08:03+00:00,gcp,2026-08-11T07:00:00Z,asia-east2,2965-7D35-F5EC,g2-standard-24,L4,2,on_demand,USD,2.798965,Machine Per Hour,1.399482,machine_inclusive,accelerator $0.7834/GPU-hr plus 24 vCPU and 96 GB RAM
2026-08-11T12:08:03+00:00,gcp,2026-08-11T07:00:00Z,asia-east2,2965-7D35-F5EC,g2-standard-32,L4,1,on_demand,USD,2.426219,GPU Per Hour,2.426219,machine_inclusive,accelerator $0.7834/GPU-hr plus 32 vCPU and 128 GB RAM
2026-08-11T12:08:03+00:00,gcp,2026-08-11T07:00:00Z,asia-east2,2965-7D35-F5EC,g2-standard-48,L4,4,on_demand,USD,5.59793,Machine Per Hour,1.399482,machine_inclusive,accelerator $0.7834/GPU-hr plus 48 vCPU and 192 GB RAM
2026-08-11T12:08:03+00:00,gcp,2026-08-11T07:00:00Z,asia-east2,2965-7D35-F5EC,g2-standard-96,L4,8,on_demand,USD,11.195859,Machine Per Hour,1.399482,machine_inclusive,accelerator $0.7834/GPU-hr plus 96 vCPU and 384 GB RAM
2026-08-11T12:08:03+00:00,gcp,2026-08-11T07:00:00Z,southamerica-east1,298E-FEE7-10FD,a2-ultragpu-1g,A100,1,spot,USD,0.74966,GPU Per Hour,0.74966,machine_inclusive,accelerator $0.5924/GPU-hr plus 12 vCPU and 170 GB RAM
2026-08-11T12:08:03+00:00,gcp,2026-08-11T07:00:00Z,southamerica-east1,298E-FEE7-10FD,a2-ultragpu-2g,A100,2,spot,USD,1.49932,Machine Per Hour,0.74966,machine_inclusive,accelerator $0.5924/GPU-hr plus 24 vCPU and 340 GB RAM
2026-08-11T12:08:03+00:00,gcp,2026-08-11T07:00:00Z,southamerica-east1,298E-FEE7-10FD,a2-ultragpu-4g,A100,4,spot,USD,2.99864,Machine Per Hour,0.74966,machine_inclusive,accelerator $0.5924/GPU-hr plus 48 vCPU and 680 GB RAM
2026-08-11T12:08:03+00:00,gcp,2026-08-11T07:00:00Z,southamerica-east1,298E-FEE7-10FD,a2-ultragpu-8g,A100,8,spot,USD,5.99728,Machine Per Hour,0.74966,machine_inclusive,accelerator $0.5924/GPU-hr plus 96 vCPU and 1360 GB RAM
2026-08-11T12:08:03+00:00,gcp,2026-08-11T07:00:00Z,europe-west3,299B-544E-13F3,a2-ultragpu-1g,A100,1,1_year,USD,5.377433,GPU Per Hour,5.377433,machine_inclusive,accelerator $4.4850/GPU-hr plus 12 vCPU and 170 GB RAM
2026-08-11T12:08:03+00:00,gcp,2026-08-11T07:00:00Z,europe-west3,299B-544E-13F3,a2-ultragpu-2g,A100,2,1_year,USD,10.754866,Machine Per Hour,5.377433,machine_inclusive,accelerator $4.4850/GPU-hr plus 24 vCPU and 340 GB RAM
2026-08-11T12:08:03+00:00,gcp,2026-08-11T07:00:00Z,europe-west3,299B-544E-13F3,a2-ultragpu-4g,A100,4,1_year,USD,21.509732,Machine Per Hour,5.377433,machine_inclusive,accelerator $4.4850/GPU-hr plus 48 vCPU and 680 GB RAM
2026-08-11T12:08:03+00:00,gcp,2026-08-11T07:00:00Z,europe-west3,299B-544E-13F3,a2-ultragpu-8g,A100,8,1_year,USD,43.019464,Machine Per Hour,5.377433,machine_inclusive,accelerator $4.4850/GPU-hr plus 96 vCPU and 1360 GB RAM
2026-08-11T12:08:03+00:00,gcp,2026-08-11T07:00:00Z,us-west3,29CC-F82F-34AB,1/8 vGPU no lssd,,,on_demand,USD,0.71157,GPU Per Hour,,,accelerator not in the lookup table -- add it to gcp.py
2026-08-11T12:08:03+00:00,gcp,2026-08-11T07:00:00Z,us-south1,2A1A-92CF-8854,a2-ultragpu-1g,A100,1,on_demand,USD,5.932688,GPU Per Hour,5.932688,machine_inclusive,accelerator $4.6351/GPU-hr plus 12 vCPU and 170 GB RAM
2026-08-11T12:08:03+00:00,gcp,2026-08-11T07:00:00Z,us-south1,2A1A-92CF-8854,a2-ultragpu-2g,A100,2,on_demand,USD,11.865376,Machine Per Hour,5.932688,machine_inclusive,accelerator $4.6351/GPU-hr plus 24 vCPU and 340 GB RAM
2026-08-11T12:08:03+00:00,gcp,2026-08-11T07:00:00Z,us-south1,2A1A-92CF-8854,a2-ultragpu-4g,A100,4,on_demand,USD,23.730752,Machine Per Hour,5.932688,machine_inclusive,accelerator $4.6351/GPU-hr plus 48 vCPU and 680 GB RAM
2026-08-11T12:08:03+00:00,gcp,2026-08-11T07:00:00Z,us-south1,2A1A-92CF-8854,a2-ultragpu-8g,A100,8,on_demand,USD,47.461504,Machine Per Hour,5.932688,machine_inclusive,accelerator $4.6351/GPU-hr plus 96 vCPU and 1360 GB RAM
2026-08-11T12:08:03+00:00,gcp,2026-08-11T07:00:00Z,us-west2,2AC0-2458-2A08,Nvidia Tesla P4 GPU,P4,1,3_year,USD,0.324,GPU Per Hour,0.324,accelerator_only,"bare accelerator price; Google bills vCPU and RAM separately, so this is NOT comparable to Oracle or Azure"
2026-08-11T12:08:03+00:00,gcp,2026-08-11T07:00:00Z,us-east5,2B21-0D37-D2AF,RTX 6000 96GB,RTX PRO 6000,1,1_year,USD,0.8316,GPU Per Hour,0.8316,accelerator_only,"bare accelerator price; Google bills vCPU and RAM separately, so this is NOT comparable to Oracle or Azure"
2026-08-11T12:08:03+00:00,gcp,2026-08-11T07:00:00Z,us-south1,2B29-6E87-1EC6,1/8 vGPU no lssd,,,spot,USD,0.25875,GPU Per Hour,,,accelerator not in the lookup table -- add it to gcp.py
2026-08-11T12:08:03+00:00,gcp,2026-08-11T07:00:00Z,us-central1,2C3A-BAB7-8C82,a3-highgpu-8g,H100,8,3_year,USD,38.568491,Machine Per Hour,4.821061,machine_inclusive,accelerator $4.2999/GPU-hr plus 208 vCPU and 1872 GB RAM
2026-08-11T12:08:03+00:00,gcp,2026-08-11T07:00:00Z,us-east1,2C3A-BAB7-8C82,a3-highgpu-8g,H100,8,3_year,USD,38.568491,Machine Per Hour,4.821061,machine_inclusive,accelerator $4.2999/GPU-hr plus 208 vCPU and 1872 GB RAM
2026-08-11T12:08:03+00:00,gcp,2026-08-11T07:00:00Z,us-west1,2C3A-BAB7-8C82,a3-highgpu-8g,H100,8,3_year,USD,38.568491,Machine Per Hour,4.821061,machine_inclusive,accelerator $4.2999/GPU-hr plus 208 vCPU and 1872 GB RAM
2026-08-11T12:08:03+00:00,gcp,2026-08-11T07:00:00Z,asia-east2,2C61-6729-9006,a3-highgpu-8g,H100,8,spot,USD,11.937232,Machine Per Hour,1.492154,machine_inclusive,accelerator $1.3315/GPU-hr plus 208 vCPU and 1872 GB RAM
2026-08-11T12:08:03+00:00,gcp,2026-08-11T07:00:00Z,us-east1,2CC5-11E7-B123,1/8 vGPU,,,3_year,USD,0.28463,GPU Per Hour,,,accelerator not in the lookup table -- add it to gcp.py
2026-08-11T12:08:03+00:00,gcp,2026-08-11T07:00:00Z,us-south1,2DB2-C5BC-A185,a3-ultragpu-8g,H200,8,1_year,USD,68.03144,Machine Per Hour,8.50393,machine_inclusive,accelerator $7.5890/GPU-hr plus 224 vCPU and 2952 GB RAM
2026-08-11T12:08:03+00:00,gcp,2026-08-11T07:00:00Z,us-west8,2E6B-03DD-F29F,Nvidia Tesla V100 GPU,V100,1,on_demand,USD,2.48,GPU Per Hour,2.48,accelerator_only,"bare accelerator price; Google bills vCPU and RAM separately, so this is NOT comparable to Oracle or Azure"
2026-08-11T12:08:03+00:00,gcp,2026-08-11T07:00:00Z,asia-south1,2E97-DC1E-4D82,RTX 6000 96GB,RTX PRO 6000,1,on_demand,USD,1.42435,GPU Per Hour,1.42435,accelerator_only,"bare accelerator price; Google bills vCPU and RAM separately, so this is NOT comparable to Oracle or Azure"
2026-08-11T12:08:03+00:00,gcp,2026-08-11T07:00:00Z,europe-southwest1,2EAB-7A86-F27E,Nvidia Tesla V100 GPU,V100,1,on_demand,USD,2.9264,GPU Per Hour,2.9264,accelerator_only,"bare accelerator price; Google bills vCPU and RAM separately, so this is NOT comparable to Oracle or Azure"
2026-08-11T12:08:03+00:00,gcp,2026-08-11T07:00:00Z,northamerica-northeast2,2EC6-1233-3939,a2-ultragpu-1g,A100,1,3_year,USD,3.833385,GPU Per Hour,3.833385,machine_inclusive,accelerator $3.4097/GPU-hr plus 12 vCPU and 170 GB RAM
2026-08-11T12:08:03+00:00,gcp,2026-08-11T07:00:00Z,northamerica-northeast2,2EC6-1233-3939,a2-ultragpu-2g,A100,2,3_year,USD,7.66677,Machine Per Hour,3.833385,machine_inclusive,accelerator $3.4097/GPU-hr plus 24 vCPU and 340 GB RAM
2026-08-11T12:08:03+00:00,gcp,2026-08-11T07:00:00Z,northamerica-northeast2,2EC6-1233-3939,a2-ultragpu-4g,A100,4,3_year,USD,15.333541,Machine Per Hour,3.833385,machine_inclusive,accelerator $3.4097/GPU-hr plus 48 vCPU and 680 GB RAM
2026-08-11T12:08:03+00:00,gcp,2026-08-11T07:00:00Z,northamerica-northeast2,2EC6-1233-3939,a2-ultragpu-8g,A100,8,3_year,USD,30.667082,Machine Per Hour,3.833385,machine_inclusive,accelerator $3.4097/GPU-hr plus 96 vCPU and 1360 GB RAM
2026-08-11T12:08:03+00:00,gcp,2026-08-11T07:00:00Z,africa-south1,2ED1-05EF-6011,Nvidia Tesla T4 GPU,T4,1,1_year,USD,0.28776,GPU Per Hour,0.28776,accelerator_only,"bare accelerator price; Google bills vCPU and RAM separately, so this is NOT comparable to Oracle or Azure"
2026-08-11T12:08:03+00:00,gcp,2026-08-11T07:00:00Z,asia-southeast1,2ED4-348D-F042,RTX 6000 96GB,RTX PRO 6000,1,on_demand,USD,1.31478,GPU Per Hour,1.31478,accelerator_only,"bare accelerator price; Google bills vCPU and RAM separately, so this is NOT comparable to Oracle or Azure"
2026-08-11T12:08:03+00:00,gcp,2026-08-11T07:00:00Z,asia-southeast1,2ED5-9DA9-AFA6,Nvidia Tesla T4 GPU,T4,1,3_year,USD,0.17,GPU Per Hour,0.17,accelerator_only,"bare accelerator price; Google bills vCPU and RAM separately, so this is NOT comparable to Oracle or Azure"
2026-08-11T12:08:03+00:00,gcp,2026-08-11T07:00:00Z,us-west3,2F00-3B7A-942B,g2-standard-4,L4,1,3_year,USD,0.382357,GPU Per Hour,0.382357,machine_inclusive,accelerator $0.3030/GPU-hr plus 4 vCPU and 16 GB RAM
2026-08-11T12:08:03+00:00,gcp,2026-08-11T07:00:00Z,us-west3,2F00-3B7A-942B,g2-standard-8,L4,1,3_year,USD,0.461764,GPU Per Hour,0.461764,machine_inclusive,accelerator $0.3030/GPU-hr plus 8 vCPU and 32 GB RAM
2026-08-11T12:08:03+00:00,gcp,2026-08-11T07:00:00Z,us-west3,2F00-3B7A-942B,g2-standard-12,L4,1,3_year,USD,0.54117,GPU Per Hour,0.54117,machine_inclusive,accelerator $0.3030/GPU-hr plus 12 vCPU and 48 GB RAM
2026-08-11T12:08:03+00:00,gcp,2026-08-11T07:00:00Z,us-west3,2F00-3B7A-942B,g2-standard-16,L4,1,3_year,USD,0.620577,GPU Per Hour,0.620577,machine_inclusive,accelerator $0.3030/GPU-hr plus 16 vCPU and 64 GB RAM
2026-08-11T12:08:03+00:00,gcp,2026-08-11T07:00:00Z,us-west3,2F00-3B7A-942B,g2-standard-24,L4,2,3_year,USD,1.082341,Machine Per Hour,0.54117,machine_inclusive,accelerator $0.3030/GPU-hr plus 24 vCPU and 96 GB RAM
2026-08-11T12:08:03+00:00,gcp,2026-08-11T07:00:00Z,us-west3,2F00-3B7A-942B,g2-standard-32,L4,1,3_year,USD,0.938202,GPU Per Hour,0.938202,machine_inclusive,accelerator $0.3030/GPU-hr plus 32 vCPU and 128 GB RAM
2026-08-11T12:08:03+00:00,gcp,2026-08-11T07:00:00Z,us-west3,2F00-3B7A-942B,g2-standard-48,L4,4,3_year,USD,2.164681,Machine Per Hour,0.54117,machine_inclusive,accelerator $0.3030/GPU-hr plus 48 vCPU and 192 GB RAM
2026-08-11T12:08:03+00:00,gcp,2026-08-11T07:00:00Z,us-west3,2F00-3B7A-942B,g2-standard-96,L4,8,3_year,USD,4.329362,Machine Per Hour,0.54117,machine_inclusive,accelerator $0.3030/GPU-hr plus 96 vCPU and 384 GB RAM
2026-08-11T12:08:03+00:00,gcp,2026-08-11T07:00:00Z,asia-east1,2F01-6004-BE4E,Nvidia Tesla P100 GPU,P100,1,on_demand,USD,1.6,GPU Per Hour,1.6,accelerator_only,"bare accelerator price; Google bills vCPU and RAM separately, so this is NOT comparable to Oracle or Azure"
2026-08-11T12:08:03+00:00,gcp,2026-08-11T07:00:00Z,us-central1,2F14-0443-229A,Nvidia Tesla V100 GPU,V100,1,3_year,USD,1.116,GPU Per Hour,1.116,accelerator_only,"bare accelerator price; Google bills vCPU and RAM separately, so this is NOT comparable to Oracle or Azure"
2026-08-11T12:08:03+00:00,gcp,2026-08-11T07:00:00Z,us-east1,2F14-0443-229A,Nvidia Tesla V100 GPU,V100,1,3_year,USD,1.116,GPU Per Hour,1.116,accelerator_only,"bare accelerator price; Google bills vCPU and RAM separately, so this is NOT comparable to Oracle or Azure"
2026-08-11T12:08:03+00:00,gcp,2026-08-11T07:00:00Z,us-west1,2F14-0443-229A,Nvidia Tesla V100 GPU,V100,1,3_year,USD,1.116,GPU Per Hour,1.116,accelerator_only,"bare accelerator price; Google bills vCPU and RAM separately, so this is NOT comparable to Oracle or Azure"
2026-08-11T12:08:03+00:00,gcp,2026-08-11T07:00:00Z,europe-west8,2F2A-BD37-7163,Nvidia Tesla P100 GPU,P100,1,on_demand,USD,1.6936,GPU Per Hour,1.6936,accelerator_only,"bare accelerator price; Google bills vCPU and RAM separately, so this is NOT comparable to Oracle or Azure"
2026-08-11T12:08:03+00:00,gcp,2026-08-11T07:00:00Z,us-west4,2F2B-2B91-EA03,Nvidia Tesla T4 GPU,T4,1,on_demand,USD,0.37,GPU Per Hour,0.37,accelerator_only,"bare accelerator price; Google bills vCPU and RAM separately, so this is NOT comparable to Oracle or Azure"
2026-08-11T12:08:03+00:00,gcp,2026-08-11T07:00:00Z,asia-south1,2F5D-68A6-1945,g2-standard-4,L4,1,1_year,USD,0.463541,GPU Per Hour,0.463541,machine_inclusive,accelerator $0.3673/GPU-hr plus 4 vCPU and 16 GB RAM
2026-08-11T12:08:03+00:00,gcp,2026-08-11T07:00:00Z,asia-south1,2F5D-68A6-1945,g2-standard-8,L4,1,1_year,USD,0.559807,GPU Per Hour,0.559807,machine_inclusive,accelerator $0.3673/GPU-hr plus 8 vCPU and 32 GB RAM
2026-08-11T12:08:03+00:00,gcp,2026-08-11T07:00:00Z,asia-south1,2F5D-68A6-1945,g2-standard-12,L4,1,1_year,USD,0.656074,GPU Per Hour,0.656074,machine_inclusive,accelerator $0.3673/GPU-hr plus 12 vCPU and 48 GB RAM
2026-08-11T12:08:03+00:00,gcp,2026-08-11T07:00:00Z,asia-south1,2F5D-68A6-1945,g2-standard-16,L4,1,1_year,USD,0.75234,GPU Per Hour,0.75234,machine_inclusive,accelerator $0.3673/GPU-hr plus 16 vCPU and 64 GB RAM
2026-08-11T12:08:03+00:00,gcp,2026-08-11T07:00:00Z,asia-south1,2F5D-68A6-1945,g2-standard-24,L4,2,1_year,USD,1.312147,Machine Per Hour,0.656074,machine_inclusive,accelerator $0.3673/GPU-hr plus 24 vCPU and 96 GB RAM
2026-08-11T12:08:03+00:00,gcp,2026-08-11T07:00:00Z,asia-south1,2F5D-68A6-1945,g2-standard-32,L4,1,1_year,USD,1.137405,GPU Per Hour,1.137405,machine_inclusive,accelerator $0.3673/GPU-hr plus 32 vCPU and 128 GB RAM
2026-08-11T12:08:03+00:00,gcp,2026-08-11T07:00:00Z,asia-south1,2F5D-68A6-1945,g2-standard-48,L4,4,1_year,USD,2.624294,Machine Per Hour,0.656074,machine_inclusive,accelerator $0.3673/GPU-hr plus 48 vCPU and 192 GB RAM
2026-08-11T12:08:03+00:00,gcp,2026-08-11T07:00:00Z,asia-south1,2F5D-68A6-1945,g2-standard-96,L4,8,1_year,USD,5.248589,Machine Per Hour,0.656074,machine_inclusive,accelerator $0.3673/GPU-hr plus 96 vCPU and 384 GB RAM
2026-08-11T12:08:03+00:00,gcp,2026-08-11T07:00:00Z,europe-west12,2FC1-33B0-5A28,a2-ultragpu-1g,A100,1,on_demand,USD,6.485735,GPU Per Hour,6.485735,machine_inclusive,accelerator $5.0672/GPU-hr plus 12 vCPU and 170 GB RAM
2026-08-11T12:08:03+00:00,gcp,2026-08-11T07:00:00Z,europe-west12,2FC1-33B0-5A28,a2-ultragpu-2g,A100,2,on_demand,USD,12.971471,Machine Per Hour,6.485735,machine_inclusive,accelerator $5.0672/GPU-hr plus 24 vCPU and 340 GB RAM
2026-08-11T12:08:03+00:00,gcp,2026-08-11T07:00:00Z,europe-west12,2FC1-33B0-5A28,a2-ultragpu-4g,A100,4,on_demand,USD,25.942942,Machine Per Hour,6.485735,machine_inclusive,accelerator $5.0672/GPU-hr plus 48 vCPU and 680 GB RAM
2026-08-11T12:08:03+00:00,gcp,2026-08-11T07:00:00Z,europe-west12,2FC1-33B0-5A28,a2-ultragpu-8g,A100,8,on_demand,USD,51.885883,Machine Per Hour,6.485735,machine_inclusive,accelerator $5.0672/GPU-hr plus 96 vCPU and 1360 GB RAM
2026-08-11T12:08:03+00:00,gcp,2026-08-11T07:00:00Z,us-west1,3000-4751-0A45,A4 Nvidia B200 (1 gpu slice),B200,1,on_demand,USD,16.11,GPU Per Hour,16.11,machine_inclusive,Google publishes no separate A4 vCPU/RAM SKUs -- the per-slice price already covers the whole machine
2026-08-11T12:08:03+00:00,gcp,2026-08-11T07:00:00Z,us-central1,3000-4751-0A45,A4 Nvidia B200 (1 gpu slice),B200,1,on_demand,USD,16.11,GPU Per Hour,16.11,machine_inclusive,Google publishes no separate A4 vCPU/RAM SKUs -- the per-slice price already covers the whole machine
2026-08-11T12:08:03+00:00,gcp,2026-08-11T07:00:00Z,us-east1,3000-4751-0A45,A4 Nvidia B200 (1 gpu slice),B200,1,on_demand,USD,16.11,GPU Per Hour,16.11,machine_inclusive,Google publishes no separate A4 vCPU/RAM SKUs -- the per-slice price already covers the whole machine
2026-08-11T12:08:03+00:00,gcp,2026-08-11T07:00:00Z,us-central1,302A-B1A1-06DD,a3-highgpu-8g,H100,8,1_year,USD,60.969426,Machine Per Hour,7.621178,machine_inclusive,accelerator $6.7988/GPU-hr plus 208 vCPU and 1872 GB RAM
2026-08-11T12:08:03+00:00,gcp,2026-08-11T07:00:00Z,us-east1,302A-B1A1-06DD,a3-highgpu-8g,H100,8,1_year,USD,60.969426,Machine Per Hour,7.621178,machine_inclusive,accelerator $6.7988/GPU-hr plus 208 vCPU and 1872 GB RAM
2026-08-11T12:08:03+00:00,gcp,2026-08-11T07:00:00Z,us-west1,302A-B1A1-06DD,a3-highgpu-8g,H100,8,1_year,USD,60.969426,Machine Per Hour,7.621178,machine_inclusive,accelerator $6.7988/GPU-hr plus 208 vCPU and 1872 GB RAM
2026-08-11T12:08:03+00:00,gcp,2026-08-11T07:00:00Z,us-east5,3033-7B17-6312,a3-highgpu-8g,H100,8,3_year,USD,43.439694,Machine Per Hour,5.429962,machine_inclusive,accelerator $4.8430/GPU-hr plus 208 vCPU and 1872 GB RAM
2026-08-11T12:08:03+00:00,gcp,2026-08-11T07:00:00Z,us-south1,3069-86C9-2FF1,a2-highgpu-1g,A100,1,spot,USD,0.39017,GPU Per Hour,0.39017,machine_inclusive,accelerator $0.3116/GPU-hr plus 12 vCPU and 85 GB RAM
2026-08-11T12:08:03+00:00,gcp,2026-08-11T07:00:00Z,us-south1,3069-86C9-2FF1,a2-highgpu-2g,A100,2,spot,USD,0.78034,Machine Per Hour,0.39017,machine_inclusive,accelerator $0.3116/GPU-hr plus 24 vCPU and 170 GB RAM
2026-08-11T12:08:03+00:00,gcp,2026-08-11T07:00:00Z,us-south1,3069-86C9-2FF1,a2-highgpu-4g,A100,4,spot,USD,1.56068,Machine Per Hour,0.39017,machine_inclusive,accelerator $0.3116/GPU-hr plus 48 vCPU and 340 GB RAM
2026-08-11T12:08:03+00:00,gcp,2026-08-11T07:00:00Z,us-south1,3069-86C9-2FF1,a2-highgpu-8g,A100,8,spot,USD,3.12136,Machine Per Hour,0.39017,machine_inclusive,accelerator $0.3116/GPU-hr plus 96 vCPU and 680 GB RAM
2026-08-11T12:08:03+00:00,gcp,2026-08-11T07:00:00Z,us-south1,3069-86C9-2FF1,a2-megagpu-16g,A100,16,spot,USD,5.92016,Machine Per Hour,0.37001,machine_inclusive,accelerator $0.3116/GPU-hr plus 96 vCPU and 1360 GB RAM
2026-08-11T12:08:03+00:00,gcp,2026-08-11T07:00:00Z,europe-central2,307E-F5F4-07B8,a3-highgpu-8g,H100,8,spot,USD,10.310512,Machine Per Hour,1.288814,machine_inclusive,accelerator $1.1500/GPU-hr plus 208 vCPU and 1872 GB RAM
2026-08-11T12:08:03+00:00,gcp,2026-08-11T07:00:00Z,asia-east1,3093-B447-C1B4,g2-standard-4,L4,1,1_year,USD,0.515618,GPU Per Hour,0.515618,machine_inclusive,accelerator $0.4085/GPU-hr plus 4 vCPU and 16 GB RAM
2026-08-11T12:08:03+00:00,gcp,2026-08-11T07:00:00Z,asia-east1,3093-B447-C1B4,g2-standard-8,L4,1,1_year,USD,0.622699,GPU Per Hour,0.622699,machine_inclusive,accelerator $0.4085/GPU-hr plus 8 vCPU and 32 GB RAM
2026-08-11T12:08:03+00:00,gcp,2026-08-11T07:00:00Z,asia-east1,3093-B447-C1B4,g2-standard-12,L4,1,1_year,USD,0.729781,GPU Per Hour,0.729781,machine_inclusive,accelerator $0.4085/GPU-hr plus 12 vCPU and 48 GB RAM
2026-08-11T12:08:03+00:00,gcp,2026-08-11T07:00:00Z,asia-east1,3093-B447-C1B4,g2-standard-16,L4,1,1_year,USD,0.836862,GPU Per Hour,0.836862,machine_inclusive,accelerator $0.4085/GPU-hr plus 16 vCPU and 64 GB RAM
2026-08-11T12:08:03+00:00,gcp,2026-08-11T07:00:00Z,asia-east1,3093-B447-C1B4,g2-standard-24,L4,2,1_year,USD,1.459561,Machine Per Hour,0.729781,machine_inclusive,accelerator $0.4085/GPU-hr plus 24 vCPU and 96 GB RAM
2026-08-11T12:08:03+00:00,gcp,2026-08-11T07:00:00Z,asia-east1,3093-B447-C1B4,g2-standard-32,L4,1,1_year,USD,1.265188,GPU Per Hour,1.265188,machine_inclusive,accelerator $0.4085/GPU-hr plus 32 vCPU and 128 GB RAM
2026-08-11T12:08:03+00:00,gcp,2026-08-11T07:00:00Z,asia-east1,3093-B447-C1B4,g2-standard-48,L4,4,1_year,USD,2.919123,Machine Per Hour,0.729781,machine_inclusive,accelerator $0.4085/GPU-hr plus 48 vCPU and 192 GB RAM
2026-08-11T12:08:03+00:00,gcp,2026-08-11T07:00:00Z,asia-east1,3093-B447-C1B4,g2-standard-96,L4,8,1_year,USD,5.838246,Machine Per Hour,0.729781,machine_inclusive,accelerator $0.4085/GPU-hr plus 96 vCPU and 384 GB RAM
2026-08-11T12:08:03+00:00,gcp,2026-08-11T07:00:00Z,northamerica-northeast1,319D-3673-206E,Nvidia Tesla P4 GPU,P4,1,3_year,USD,0.292,GPU Per Hour,0.292,accelerator_only,"bare accelerator price; Google bills vCPU and RAM separately, so this is NOT comparable to Oracle or Azure"
2026-08-11T12:08:03+00:00,gcp,2026-08-11T07:00:00Z,asia-east1,31C5-69C2-4F44,RTX 6000 96GB,RTX PRO 6000,1,on_demand,USD,1.424345,GPU Per Hour,1.424345,accelerator_only,"bare accelerator price; Google bills vCPU and RAM separately, so this is NOT comparable to Oracle or Azure"
2026-08-11T12:08:03+00:00,gcp,2026-08-11T07:00:00Z,europe-west5,31DD-8CA2-C744,A4 Nvidia B200 (1 gpu slice),B200,1,spot,USD,2.4091,GPU Per Hour,2.4091,machine_inclusive,Google publishes no separate A4 vCPU/RAM SKUs -- the per-slice price already covers the whole machine
2026-08-11T12:08:03+00:00,gcp,2026-08-11T07:00:00Z,europe-west8,3203-7F26-9211,Nvidia Tesla T4 GPU,T4,1,on_demand,USD,0.406,GPU Per Hour,0.406,accelerator_only,"bare accelerator price; Google bills vCPU and RAM separately, so this is NOT comparable to Oracle or Azure"
2026-08-11T12:08:03+00:00,gcp,2026-08-11T07:00:00Z,africa-south1,320B-324A-4809,g2-standard-4,L4,1,3_year,USD,0.416041,GPU Per Hour,0.416041,machine_inclusive,accelerator $0.3296/GPU-hr plus 4 vCPU and 16 GB RAM
2026-08-11T12:08:03+00:00,gcp,2026-08-11T07:00:00Z,africa-south1,320B-324A-4809,g2-standard-8,L4,1,3_year,USD,0.502443,GPU Per Hour,0.502443,machine_inclusive,accelerator $0.3296/GPU-hr plus 8 vCPU and 32 GB RAM
2026-08-11T12:08:03+00:00,gcp,2026-08-11T07:00:00Z,africa-south1,320B-324A-4809,g2-standard-12,L4,1,3_year,USD,0.588845,GPU Per Hour,0.588845,machine_inclusive,accelerator $0.3296/GPU-hr plus 12 vCPU and 48 GB RAM
2026-08-11T12:08:03+00:00,gcp,2026-08-11T07:00:00Z,africa-south1,320B-324A-4809,g2-standard-16,L4,1,3_year,USD,0.675247,GPU Per Hour,0.675247,machine_inclusive,accelerator $0.3296/GPU-hr plus 16 vCPU and 64 GB RAM
2026-08-11T12:08:03+00:00,gcp,2026-08-11T07:00:00Z,africa-south1,320B-324A-4809,g2-standard-24,L4,2,3_year,USD,1.17769,Machine Per Hour,0.588845,machine_inclusive,accelerator $0.3296/GPU-hr plus 24 vCPU and 96 GB RAM
2026-08-11T12:08:03+00:00,gcp,2026-08-11T07:00:00Z,africa-south1,320B-324A-4809,g2-standard-32,L4,1,3_year,USD,1.020854,GPU Per Hour,1.020854,machine_inclusive,accelerator $0.3296/GPU-hr plus 32 vCPU and 128 GB RAM
2026-08-11T12:08:03+00:00,gcp,2026-08-11T07:00:00Z,africa-south1,320B-324A-4809,g2-standard-48,L4,4,3_year,USD,2.35538,Machine Per Hour,0.588845,machine_inclusive,accelerator $0.3296/GPU-hr plus 48 vCPU and 192 GB RAM
2026-08-11T12:08:03+00:00,gcp,2026-08-11T07:00:00Z,africa-south1,320B-324A-4809,g2-standard-96,L4,8,3_year,USD,4.71076,Machine Per Hour,0.588845,machine_inclusive,accelerator $0.3296/GPU-hr plus 96 vCPU and 384 GB RAM
2026-08-11T12:08:03+00:00,gcp,2026-08-11T07:00:00Z,us-west8,322A-9489-4B01,RTX 6000 96GB,RTX PRO 6000,1,spot,USD,0.4383,GPU Per Hour,0.4383,accelerator_only,"bare accelerator price; Google bills vCPU and RAM separately, so this is NOT comparable to Oracle or Azure"
2026-08-11T12:08:03+00:00,gcp,2026-08-11T07:00:00Z,southamerica-west1,3287-450C-F1C5,g2-standard-4,L4,1,3_year,USD,0.454847,GPU Per Hour,0.454847,machine_inclusive,accelerator $0.3604/GPU-hr plus 4 vCPU and 16 GB RAM
2026-08-11T12:08:03+00:00,gcp,2026-08-11T07:00:00Z,southamerica-west1,3287-450C-F1C5,g2-standard-8,L4,1,3_year,USD,0.549307,GPU Per Hour,0.549307,machine_inclusive,accelerator $0.3604/GPU-hr plus 8 vCPU and 32 GB RAM
2026-08-11T12:08:03+00:00,gcp,2026-08-11T07:00:00Z,southamerica-west1,3287-450C-F1C5,g2-standard-12,L4,1,3_year,USD,0.643768,GPU Per Hour,0.643768,machine_inclusive,accelerator $0.3604/GPU-hr plus 12 vCPU and 48 GB RAM
2026-08-11T12:08:03+00:00,gcp,2026-08-11T07:00:00Z,southamerica-west1,3287-450C-F1C5,g2-standard-16,L4,1,3_year,USD,0.738228,GPU Per Hour,0.738228,machine_inclusive,accelerator $0.3604/GPU-hr plus 16 vCPU and 64 GB RAM
2026-08-11T12:08:03+00:00,gcp,2026-08-11T07:00:00Z,southamerica-west1,3287-450C-F1C5,g2-standard-24,L4,2,3_year,USD,1.287536,Machine Per Hour,0.643768,machine_inclusive,accelerator $0.3604/GPU-hr plus 24 vCPU and 96 GB RAM
2026-08-11T12:08:03+00:00,gcp,2026-08-11T07:00:00Z,southamerica-west1,3287-450C-F1C5,g2-standard-32,L4,1,3_year,USD,1.116071,GPU Per Hour,1.116071,machine_inclusive,accelerator $0.3604/GPU-hr plus 32 vCPU and 128 GB RAM
2026-08-11T12:08:03+00:00,gcp,2026-08-11T07:00:00Z,southamerica-west1,3287-450C-F1C5,g2-standard-48,L4,4,3_year,USD,2.575071,Machine Per Hour,0.643768,machine_inclusive,accelerator $0.3604/GPU-hr plus 48 vCPU and 192 GB RAM
2026-08-11T12:08:03+00:00,gcp,2026-08-11T07:00:00Z,southamerica-west1,3287-450C-F1C5,g2-standard-96,L4,8,3_year,USD,5.150143,Machine Per Hour,0.643768,machine_inclusive,accelerator $0.3604/GPU-hr plus 96 vCPU and 384 GB RAM
2026-08-11T12:08:03+00:00,gcp,2026-08-11T07:00:00Z,southamerica-east1,32C5-6A15-DC0A,a2-ultragpu-1g,A100,1,3_year,USD,5.528042,GPU Per Hour,5.528042,machine_inclusive,accelerator $4.9171/GPU-hr plus 12 vCPU and 170 GB RAM
2026-08-11T12:08:03+00:00,gcp,2026-08-11T07:00:00Z,southamerica-east1,32C5-6A15-DC0A,a2-ultragpu-2g,A100,2,3_year,USD,11.056084,Machine Per Hour,5.528042,machine_inclusive,accelerator $4.9171/GPU-hr plus 24 vCPU and 340 GB RAM
2026-08-11T12:08:03+00:00,gcp,2026-08-11T07:00:00Z,southamerica-east1,32C5-6A15-DC0A,a2-ultragpu-4g,A100,4,3_year,USD,22.112168,Machine Per Hour,5.528042,machine_inclusive,accelerator $4.9171/GPU-hr plus 48 vCPU and 680 GB RAM
2026-08-11T12:08:03+00:00,gcp,2026-08-11T07:00:00Z,southamerica-east1,32C5-6A15-DC0A,a2-ultragpu-8g,A100,8,3_year,USD,44.224336,Machine Per Hour,5.528042,machine_inclusive,accelerator $4.9171/GPU-hr plus 96 vCPU and 1360 GB RAM
2026-08-11T12:08:03+00:00,gcp,2026-08-11T07:00:00Z,europe-west8,32DC-095D-0616,A4 Nvidia B200 (1 gpu slice),B200,1,spot,USD,2.4091,GPU Per Hour,2.4091,machine_inclusive,Google publishes no separate A4 vCPU/RAM SKUs -- the per-slice price already covers the whole machine
2026-08-11T12:08:03+00:00,gcp,2026-08-11T07:00:00Z,asia-south2,32E4-D586-5EF5,g2-standard-4,L4,1,3_year,USD,0.374839,GPU Per Hour,0.374839,machine_inclusive,accelerator $0.3027/GPU-hr plus 4 vCPU and 16 GB RAM
2026-08-11T12:08:03+00:00,gcp,2026-08-11T07:00:00Z,asia-south2,32E4-D586-5EF5,g2-standard-8,L4,1,3_year,USD,0.44698,GPU Per Hour,0.44698,machine_inclusive,accelerator $0.3027/GPU-hr plus 8 vCPU and 32 GB RAM
2026-08-11T12:08:03+00:00,gcp,2026-08-11T07:00:00Z,asia-south2,32E4-D586-5EF5,g2-standard-12,L4,1,3_year,USD,0.51912,GPU Per Hour,0.51912,machine_inclusive,accelerator $0.3027/GPU-hr plus 12 vCPU and 48 GB RAM
2026-08-11T12:08:03+00:00,gcp,2026-08-11T07:00:00Z,asia-south2,32E4-D586-5EF5,g2-standard-16,L4,1,3_year,USD,0.59126,GPU Per Hour,0.59126,machine_inclusive,accelerator $0.3027/GPU-hr plus 16 vCPU and 64 GB RAM
2026-08-11T12:08:03+00:00,gcp,2026-08-11T07:00:00Z,asia-south2,32E4-D586-5EF5,g2-standard-24,L4,2,3_year,USD,1.03824,Machine Per Hour,0.51912,machine_inclusive,accelerator $0.3027/GPU-hr plus 24 vCPU and 96 GB RAM
2026-08-11T12:08:03+00:00,gcp,2026-08-11T07:00:00Z,asia-south2,32E4-D586-5EF5,g2-standard-32,L4,1,3_year,USD,0.879822,GPU Per Hour,0.879822,machine_inclusive,accelerator $0.3027/GPU-hr plus 32 vCPU and 128 GB RAM
2026-08-11T12:08:03+00:00,gcp,2026-08-11T07:00:00Z,asia-south2,32E4-D586-5EF5,g2-standard-48,L4,4,3_year,USD,2.07648,Machine Per Hour,0.51912,machine_inclusive,accelerator $0.3027/GPU-hr plus 48 vCPU and 192 GB RAM
2026-08-11T12:08:03+00:00,gcp,2026-08-11T07:00:00Z,asia-south2,32E4-D586-5EF5,g2-standard-96,L4,8,3_year,USD,4.152959,Machine Per Hour,0.51912,machine_inclusive,accelerator $0.3027/GPU-hr plus 96 vCPU and 384 GB RAM
2026-08-11T12:08:03+00:00,gcp,2026-08-11T07:00:00Z,southamerica-east1,32EF-D42A-4A43,a2-ultragpu-1g,A100,1,1_year,USD,6.627156,GPU Per Hour,6.627156,machine_inclusive,accelerator $5.5276/GPU-hr plus 12 vCPU and 170 GB RAM
2026-08-11T12:08:03+00:00,gcp,2026-08-11T07:00:00Z,southamerica-east1,32EF-D42A-4A43,a2-ultragpu-2g,A100,2,1_year,USD,13.254312,Machine Per Hour,6.627156,machine_inclusive,accelerator $5.5276/GPU-hr plus 24 vCPU and 340 GB RAM
2026-08-11T12:08:03+00:00,gcp,2026-08-11T07:00:00Z,southamerica-east1,32EF-D42A-4A43,a2-ultragpu-4g,A100,4,1_year,USD,26.508624,Machine Per Hour,6.627156,machine_inclusive,accelerator $5.5276/GPU-hr plus 48 vCPU and 680 GB RAM
2026-08-11T12:08:03+00:00,gcp,2026-08-11T07:00:00Z,southamerica-east1,32EF-D42A-4A43,a2-ultragpu-8g,A100,8,1_year,USD,53.017248,Machine Per Hour,6.627156,machine_inclusive,accelerator $5.5276/GPU-hr plus 96 vCPU and 1360 GB RAM
2026-08-11T12:08:03+00:00,gcp,2026-08-11T07:00:00Z,northamerica-northeast1,3305-5A2B-E352,a2-highgpu-1g,A100,1,spot,USD,0.35417,GPU Per Hour,0.35417,machine_inclusive,accelerator $0.2805/GPU-hr plus 12 vCPU and 85 GB RAM
2026-08-11T12:08:03+00:00,gcp,2026-08-11T07:00:00Z,northamerica-northeast1,3305-5A2B-E352,a2-highgpu-2g,A100,2,spot,USD,0.70834,Machine Per Hour,0.35417,machine_inclusive,accelerator $0.2805/GPU-hr plus 24 vCPU and 170 GB RAM
2026-08-11T12:08:03+00:00,gcp,2026-08-11T07:00:00Z,northamerica-northeast1,3305-5A2B-E352,a2-highgpu-4g,A100,4,spot,USD,1.41668,Machine Per Hour,0.35417,machine_inclusive,accelerator $0.2805/GPU-hr plus 48 vCPU and 340 GB RAM
2026-08-11T12:08:03+00:00,gcp,2026-08-11T07:00:00Z,northamerica-northeast1,3305-5A2B-E352,a2-highgpu-8g,A100,8,spot,USD,2.83336,Machine Per Hour,0.35417,machine_inclusive,accelerator $0.2805/GPU-hr plus 96 vCPU and 680 GB RAM
2026-08-11T12:08:03+00:00,gcp,2026-08-11T07:00:00Z,northamerica-northeast1,3305-5A2B-E352,a2-megagpu-16g,A100,16,spot,USD,5.36432,Machine Per Hour,0.33527,machine_inclusive,accelerator $0.2805/GPU-hr plus 96 vCPU and 1360 GB RAM
2026-08-11T12:08:03+00:00,gcp,2026-08-11T07:00:00Z,asia-northeast1,331A-43CA-10A3,a2-ultragpu-1g,A100,1,on_demand,USD,6.453086,GPU Per Hour,6.453086,machine_inclusive,accelerator $5.0444/GPU-hr plus 12 vCPU and 170 GB RAM
2026-08-11T12:08:03+00:00,gcp,2026-08-11T07:00:00Z,asia-northeast1,331A-43CA-10A3,a2-ultragpu-2g,A100,2,on_demand,USD,12.906172,Machine Per Hour,6.453086,machine_inclusive,accelerator $5.0444/GPU-hr plus 24 vCPU and 340 GB RAM
2026-08-11T12:08:03+00:00,gcp,2026-08-11T07:00:00Z,asia-northeast1,331A-43CA-10A3,a2-ultragpu-4g,A100,4,on_demand,USD,25.812344,Machine Per Hour,6.453086,machine_inclusive,accelerator $5.0444/GPU-hr plus 48 vCPU and 680 GB RAM
2026-08-11T12:08:03+00:00,gcp,2026-08-11T07:00:00Z,asia-northeast1,331A-43CA-10A3,a2-ultragpu-8g,A100,8,on_demand,USD,51.624688,Machine Per Hour,6.453086,machine_inclusive,accelerator $5.0444/GPU-hr plus 96 vCPU and 1360 GB RAM
2026-08-11T12:08:03+00:00,gcp,2026-08-11T07:00:00Z,us-south1,3323-F6B8-BE3B,A4 Nvidia B200 (1 gpu slice),B200,1,1_year,USD,11.1159,GPU Per Hour,11.1159,machine_inclusive,Google publishes no separate A4 vCPU/RAM SKUs -- the per-slice price already covers the whole machine
2026-08-11T12:08:03+00:00,gcp,2026-08-11T07:00:00Z,asia-northeast3,3325-8612-F518,a2-ultragpu-1g,A100,1,3_year,USD,4.469728,GPU Per Hour,4.469728,machine_inclusive,accelerator $3.9766/GPU-hr plus 12 vCPU and 170 GB RAM
2026-08-11T12:08:03+00:00,gcp,2026-08-11T07:00:00Z,asia-northeast3,3325-8612-F518,a2-ultragpu-2g,A100,2,3_year,USD,8.939455,Machine Per Hour,4.469728,machine_inclusive,accelerator $3.9766/GPU-hr plus 24 vCPU and 340 GB RAM
2026-08-11T12:08:03+00:00,gcp,2026-08-11T07:00:00Z,asia-northeast3,3325-8612-F518,a2-ultragpu-4g,A100,4,3_year,USD,17.87891,Machine Per Hour,4.469728,machine_inclusive,accelerator $3.9766/GPU-hr plus 48 vCPU and 680 GB RAM
2026-08-11T12:08:03+00:00,gcp,2026-08-11T07:00:00Z,asia-northeast3,3325-8612-F518,a2-ultragpu-8g,A100,8,3_year,USD,35.75782,Machine Per Hour,4.469728,machine_inclusive,accelerator $3.9766/GPU-hr plus 96 vCPU and 1360 GB RAM
2026-08-11T12:08:03+00:00,gcp,2026-08-11T07:00:00Z,australia-southeast1,33FA-EE63-E513,a2-highgpu-1g,A100,1,on_demand,USD,4.737549,GPU Per Hour,4.737549,machine_inclusive,accelerator $3.6883/GPU-hr plus 12 vCPU and 85 GB RAM
2026-08-11T12:08:03+00:00,gcp,2026-08-11T07:00:00Z,australia-southeast1,33FA-EE63-E513,a2-highgpu-2g,A100,2,on_demand,USD,9.475097,Machine Per Hour,4.737549,machine_inclusive,accelerator $3.6883/GPU-hr plus 24 vCPU and 170 GB RAM
2026-08-11T12:08:03+00:00,gcp,2026-08-11T07:00:00Z,australia-southeast1,33FA-EE63-E513,a2-highgpu-4g,A100,4,on_demand,USD,18.950194,Machine Per Hour,4.737549,machine_inclusive,accelerator $3.6883/GPU-hr plus 48 vCPU and 340 GB RAM
2026-08-11T12:08:03+00:00,gcp,2026-08-11T07:00:00Z,australia-southeast1,33FA-EE63-E513,a2-highgpu-8g,A100,8,on_demand,USD,37.900388,Machine Per Hour,4.737549,machine_inclusive,accelerator $3.6883/GPU-hr plus 96 vCPU and 680 GB RAM
2026-08-11T12:08:03+00:00,gcp,2026-08-11T07:00:00Z,australia-southeast1,33FA-EE63-E513,a2-megagpu-16g,A100,16,on_demand,USD,71.4946,Machine Per Hour,4.468413,machine_inclusive,accelerator $3.6883/GPU-hr plus 96 vCPU and 1360 GB RAM
2026-08-11T12:08:03+00:00,gcp,2026-08-11T07:00:00Z,europe-west12,3447-372A-F1FF,a2-highgpu-1g,A100,1,3_year,USD,1.658563,GPU Per Hour,1.658563,machine_inclusive,accelerator $1.3247/GPU-hr plus 12 vCPU and 85 GB RAM
2026-08-11T12:08:03+00:00,gcp,2026-08-11T07:00:00Z,europe-west12,3447-372A-F1FF,a2-highgpu-2g,A100,2,3_year,USD,3.317127,Machine Per Hour,1.658563,machine_inclusive,accelerator $1.3247/GPU-hr plus 24 vCPU and 170 GB RAM
2026-08-11T12:08:03+00:00,gcp,2026-08-11T07:00:00Z,europe-west12,3447-372A-F1FF,a2-highgpu-4g,A100,4,3_year,USD,6.634254,Machine Per Hour,1.658563,machine_inclusive,accelerator $1.3247/GPU-hr plus 48 vCPU and 340 GB RAM
2026-08-11T12:08:03+00:00,gcp,2026-08-11T07:00:00Z,europe-west12,3447-372A-F1FF,a2-highgpu-8g,A100,8,3_year,USD,13.268507,Machine Per Hour,1.658563,machine_inclusive,accelerator $1.3247/GPU-hr plus 96 vCPU and 680 GB RAM
2026-08-11T12:08:03+00:00,gcp,2026-08-11T07:00:00Z,europe-west12,3447-372A-F1FF,a2-megagpu-16g,A100,16,3_year,USD,25.166862,Machine Per Hour,1.572929,machine_inclusive,accelerator $1.3247/GPU-hr plus 96 vCPU and 1360 GB RAM
2026-08-11T12:08:03+00:00,gcp,2026-08-11T07:00:00Z,europe-west10,3476-9126-6E83,Nvidia Tesla T4 GPU,T4,1,on_demand,USD,0.539,GPU Per Hour,0.539,accelerator_only,"bare accelerator price; Google bills vCPU and RAM separately, so this is NOT comparable to Oracle or Azure"
2026-08-11T12:08:03+00:00,gcp,2026-08-11T07:00:00Z,asia-east2,34B8-D4C2-DFAD,g2-standard-4,L4,1,3_year,USD,0.444954,GPU Per Hour,0.444954,machine_inclusive,accelerator $0.3525/GPU-hr plus 4 vCPU and 16 GB RAM
2026-08-11T12:08:03+00:00,gcp,2026-08-11T07:00:00Z,asia-east2,34B8-D4C2-DFAD,g2-standard-8,L4,1,3_year,USD,0.537361,GPU Per Hour,0.537361,machine_inclusive,accelerator $0.3525/GPU-hr plus 8 vCPU and 32 GB RAM
2026-08-11T12:08:03+00:00,gcp,2026-08-11T07:00:00Z,asia-east2,34B8-D4C2-DFAD,g2-standard-12,L4,1,3_year,USD,0.629767,GPU Per Hour,0.629767,machine_inclusive,accelerator $0.3525/GPU-hr plus 12 vCPU and 48 GB RAM
2026-08-11T12:08:03+00:00,gcp,2026-08-11T07:00:00Z,asia-east2,34B8-D4C2-DFAD,g2-standard-16,L4,1,3_year,USD,0.722173,GPU Per Hour,0.722173,machine_inclusive,accelerator $0.3525/GPU-hr plus 16 vCPU and 64 GB RAM
2026-08-11T12:08:03+00:00,gcp,2026-08-11T07:00:00Z,asia-east2,34B8-D4C2-DFAD,g2-standard-24,L4,2,3_year,USD,1.259534,Machine Per Hour,0.629767,machine_inclusive,accelerator $0.3525/GPU-hr plus 24 vCPU and 96 GB RAM
2026-08-11T12:08:03+00:00,gcp,2026-08-11T07:00:00Z,asia-east2,34B8-D4C2-DFAD,g2-standard-32,L4,1,3_year,USD,1.091799,GPU Per Hour,1.091799,machine_inclusive,accelerator $0.3525/GPU-hr plus 32 vCPU and 128 GB RAM
2026-08-11T12:08:03+00:00,gcp,2026-08-11T07:00:00Z,asia-east2,34B8-D4C2-DFAD,g2-standard-48,L4,4,3_year,USD,2.519068,Machine Per Hour,0.629767,machine_inclusive,accelerator $0.3525/GPU-hr plus 48 vCPU and 192 GB RAM
2026-08-11T12:08:03+00:00,gcp,2026-08-11T07:00:00Z,asia-east2,34B8-D4C2-DFAD,g2-standard-96,L4,8,3_year,USD,5.038136,Machine Per Hour,0.629767,machine_inclusive,accelerator $0.3525/GPU-hr plus 96 vCPU and 384 GB RAM
2026-08-11T12:08:03+00:00,gcp,2026-08-11T07:00:00Z,northamerica-northeast2,34CF-FA9B-5803,a3-highgpu-8g,H100,8,spot,USD,21.108016,Machine Per Hour,2.638502,machine_inclusive,accelerator $2.3544/GPU-hr plus 208 vCPU and 1872 GB RAM
2026-08-11T12:08:03+00:00,gcp,2026-08-11T07:00:00Z,europe-west6,34E5-8C3D-5FEE,Nvidia Tesla P100 GPU,P100,1,on_demand,USD,2.044,GPU Per Hour,2.044,accelerator_only,"bare accelerator price; Google bills vCPU and RAM separately, so this is NOT comparable to Oracle or Azure"
2026-08-11T12:08:03+00:00,gcp,2026-08-11T07:00:00Z,me-central2,3522-B778-ED4D,a2-ultragpu-1g,A100,1,spot,USD,2.60793,GPU Per Hour,2.60793,machine_inclusive,accelerator $2.1555/GPU-hr plus 12 vCPU and 170 GB RAM
2026-08-11T12:08:03+00:00,gcp,2026-08-11T07:00:00Z,me-central2,3522-B778-ED4D,a2-ultragpu-2g,A100,2,spot,USD,5.21586,Machine Per Hour,2.60793,machine_inclusive,accelerator $2.1555/GPU-hr plus 24 vCPU and 340 GB RAM
2026-08-11T12:08:03+00:00,gcp,2026-08-11T07:00:00Z,me-central2,3522-B778-ED4D,a2-ultragpu-4g,A100,4,spot,USD,10.43172,Machine Per Hour,2.60793,machine_inclusive,accelerator $2.1555/GPU-hr plus 48 vCPU and 680 GB RAM
2026-08-11T12:08:03+00:00,gcp,2026-08-11T07:00:00Z,me-central2,3522-B778-ED4D,a2-ultragpu-8g,A100,8,spot,USD,20.86344,Machine Per Hour,2.60793,machine_inclusive,accelerator $2.1555/GPU-hr plus 96 vCPU and 1360 GB RAM
2026-08-11T12:08:03+00:00,gcp,2026-08-11T07:00:00Z,europe-west1,3532-1F9E-44F8,a3-ultragpu-8g,H200,8,on_demand,USD,91.9472,Machine Per Hour,11.4934,machine_inclusive,accelerator $10.2532/GPU-hr plus 224 vCPU and 2952 GB RAM
2026-08-11T12:08:03+00:00,gcp,2026-08-11T07:00:00Z,europe-west1,3581-E043-8CD5,1/8 vGPU no lssd,,,spot,USD,0.28463,GPU Per Hour,,,accelerator not in the lookup table -- add it to gcp.py
2026-08-11T12:08:03+00:00,gcp,2026-08-11T07:00:00Z,us-south1,3585-46A5-0AC5,Nvidia Tesla T4 GPU,T4,1,3_year,USD,0.1888,GPU Per Hour,0.1888,accelerator_only,"bare accelerator price; Google bills vCPU and RAM separately, so this is NOT comparable to Oracle or Azure"
2026-08-11T12:08:03+00:00,gcp,2026-08-11T07:00:00Z,europe-west2,35F2-DCC8-D1C9,1/8 vGPU,,,3_year,USD,0.34156,GPU Per Hour,,,accelerator not in the lookup table -- add it to gcp.py
2026-08-11T12:08:03+00:00,gcp,2026-08-11T07:00:00Z,me-west1,3606-8D28-7AD4,a3-highgpu-8g,H100,8,spot,USD,9.362224,Machine Per Hour,1.170278,machine_inclusive,accelerator $1.0441/GPU-hr plus 208 vCPU and 1872 GB RAM
2026-08-11T12:08:03+00:00,gcp,2026-08-11T07:00:00Z,us-east4,3674-3FF9-A854,A4 Nvidia B200 (1 gpu slice),B200,1,spot,USD,4.0758,GPU Per Hour,4.0758,machine_inclusive,Google publishes no separate A4 vCPU/RAM SKUs -- the per-slice price already covers the whole machine
2026-08-11T12:08:03+00:00,gcp,2026-08-11T07:00:00Z,europe-west8,3675-1520-2463,1/8 vGPU,,,3_year,USD,0.34156,GPU Per Hour,,,accelerator not in the lookup table -- add it to gcp.py
2026-08-11T12:08:03+00:00,gcp,2026-08-11T07:00:00Z,asia-southeast1,36BB-6DC9-2245,a2-ultragpu-1g,A100,1,spot,USD,3.22182,GPU Per Hour,3.22182,machine_inclusive,accelerator $2.4079/GPU-hr plus 12 vCPU and 170 GB RAM
2026-08-11T12:08:03+00:00,gcp,2026-08-11T07:00:00Z,asia-southeast1,36BB-6DC9-2245,a2-ultragpu-2g,A100,2,spot,USD,6.44364,Machine Per Hour,3.22182,machine_inclusive,accelerator $2.4079/GPU-hr plus 24 vCPU and 340 GB RAM
2026-08-11T12:08:03+00:00,gcp,2026-08-11T07:00:00Z,asia-southeast1,36BB-6DC9-2245,a2-ultragpu-4g,A100,4,spot,USD,12.88728,Machine Per Hour,3.22182,machine_inclusive,accelerator $2.4079/GPU-hr plus 48 vCPU and 680 GB RAM
2026-08-11T12:08:03+00:00,gcp,2026-08-11T07:00:00Z,asia-southeast1,36BB-6DC9-2245,a2-ultragpu-8g,A100,8,spot,USD,25.77456,Machine Per Hour,3.22182,machine_inclusive,accelerator $2.4079/GPU-hr plus 96 vCPU and 1360 GB RAM
2026-08-11T12:08:03+00:00,gcp,2026-08-11T07:00:00Z,europe-central2,36CB-8DB4-A4B0,Nvidia Tesla T4 GPU,T4,1,3_year,USD,0.18,GPU Per Hour,0.18,accelerator_only,"bare accelerator price; Google bills vCPU and RAM separately, so this is NOT comparable to Oracle or Azure"
2026-08-11T12:08:03+00:00,gcp,2026-08-11T07:00:00Z,us-south1,36D6-18D3-D224,a2-ultragpu-1g,A100,1,3_year,USD,4.108175,GPU Per Hour,4.108175,machine_inclusive,accelerator $3.6540/GPU-hr plus 12 vCPU and 170 GB RAM
2026-08-11T12:08:03+00:00,gcp,2026-08-11T07:00:00Z,us-south1,36D6-18D3-D224,a2-ultragpu-2g,A100,2,3_year,USD,8.21635,Machine Per Hour,4.108175,machine_inclusive,accelerator $3.6540/GPU-hr plus 24 vCPU and 340 GB RAM
2026-08-11T12:08:03+00:00,gcp,2026-08-11T07:00:00Z,us-south1,36D6-18D3-D224,a2-ultragpu-4g,A100,4,3_year,USD,16.4327,Machine Per Hour,4.108175,machine_inclusive,accelerator $3.6540/GPU-hr plus 48 vCPU and 680 GB RAM
2026-08-11T12:08:03+00:00,gcp,2026-08-11T07:00:00Z,us-south1,36D6-18D3-D224,a2-ultragpu-8g,A100,8,3_year,USD,32.8654,Machine Per Hour,4.108175,machine_inclusive,accelerator $3.6540/GPU-hr plus 96 vCPU and 1360 GB RAM
2026-08-11T12:08:03+00:00,gcp,2026-08-11T07:00:00Z,asia-south2,376B-EAEE-63E9,Nvidia Tesla T4 GPU,T4,1,3_year,USD,0.192,GPU Per Hour,0.192,accelerator_only,"bare accelerator price; Google bills vCPU and RAM separately, so this is NOT comparable to Oracle or Azure"
2026-08-11T12:08:03+00:00,gcp,2026-08-11T07:00:00Z,europe-west4,3823-927A-E80E,Nvidia Tesla T4 GPU,T4,1,spot,USD,0.1895,GPU Per Hour,0.1895,accelerator_only,"bare accelerator price; Google bills vCPU and RAM separately, so this is NOT comparable to Oracle or Azure"
2026-08-11T12:08:03+00:00,gcp,2026-08-11T07:00:00Z,europe-west1,3882-A1D0-C393,Nvidia Tesla P100 GPU,P100,1,spot,USD,0.1442,GPU Per Hour,0.1442,accelerator_only,"bare accelerator price; Google bills vCPU and RAM separately, so this is NOT comparable to Oracle or Azure"
2026-08-11T12:08:03+00:00,gcp,2026-08-11T07:00:00Z,europe-west8,38B1-9D31-2A2C,Nvidia Tesla V100 GPU,V100,1,1_year,USD,1.81192,GPU Per Hour,1.81192,accelerator_only,"bare accelerator price; Google bills vCPU and RAM separately, so this is NOT comparable to Oracle or Azure"
2026-08-11T12:08:03+00:00,gcp,2026-08-11T07:00:00Z,europe-west9,38C7-30B2-E7F5,g2-standard-4,L4,1,1_year,USD,0.516553,GPU Per Hour,0.516553,machine_inclusive,accelerator $0.4093/GPU-hr plus 4 vCPU and 16 GB RAM
2026-08-11T12:08:03+00:00,gcp,2026-08-11T07:00:00Z,europe-west9,38C7-30B2-E7F5,g2-standard-8,L4,1,1_year,USD,0.623829,GPU Per Hour,0.623829,machine_inclusive,accelerator $0.4093/GPU-hr plus 8 vCPU and 32 GB RAM
2026-08-11T12:08:03+00:00,gcp,2026-08-11T07:00:00Z,europe-west9,38C7-30B2-E7F5,g2-standard-12,L4,1,1_year,USD,0.731104,GPU Per Hour,0.731104,machine_inclusive,accelerator $0.4093/GPU-hr plus 12 vCPU and 48 GB RAM
2026-08-11T12:08:03+00:00,gcp,2026-08-11T07:00:00Z,europe-west9,38C7-30B2-E7F5,g2-standard-16,L4,1,1_year,USD,0.83838,GPU Per Hour,0.83838,machine_inclusive,accelerator $0.4093/GPU-hr plus 16 vCPU and 64 GB RAM
2026-08-11T12:08:03+00:00,gcp,2026-08-11T07:00:00Z,europe-west9,38C7-30B2-E7F5,g2-standard-24,L4,2,1_year,USD,1.462209,Machine Per Hour,0.731104,machine_inclusive,accelerator $0.4093/GPU-hr plus 24 vCPU and 96 GB RAM
2026-08-11T12:08:03+00:00,gcp,2026-08-11T07:00:00Z,europe-west9,38C7-30B2-E7F5,g2-standard-32,L4,1,1_year,USD,1.267482,GPU Per Hour,1.267482,machine_inclusive,accelerator $0.4093/GPU-hr plus 32 vCPU and 128 GB RAM
2026-08-11T12:08:03+00:00,gcp,2026-08-11T07:00:00Z,europe-west9,38C7-30B2-E7F5,g2-standard-48,L4,4,1_year,USD,2.924417,Machine Per Hour,0.731104,machine_inclusive,accelerator $0.4093/GPU-hr plus 48 vCPU and 192 GB RAM
2026-08-11T12:08:03+00:00,gcp,2026-08-11T07:00:00Z,europe-west9,38C7-30B2-E7F5,g2-standard-96,L4,8,1_year,USD,5.848834,Machine Per Hour,0.731104,machine_inclusive,accelerator $0.4093/GPU-hr plus 96 vCPU and 384 GB RAM
2026-08-11T12:08:03+00:00,gcp,2026-08-11T07:00:00Z,us-east5,38C7-A0D5-E24B,Nvidia Tesla T4 GPU,T4,1,1_year,USD,0.22,GPU Per Hour,0.22,accelerator_only,"bare accelerator price; Google bills vCPU and RAM separately, so this is NOT comparable to Oracle or Azure"
2026-08-11T12:08:03+00:00,gcp,2026-08-11T07:00:00Z,asia-south2,3906-B5B1-2302,a3-highgpu-8g,H100,8,1_year,USD,73.230381,Machine Per Hour,9.153798,machine_inclusive,accelerator $8.1660/GPU-hr plus 208 vCPU and 1872 GB RAM
2026-08-11T12:08:03+00:00,gcp,2026-08-11T07:00:00Z,me-central2,3911-42C9-A735,1/8 vGPU,,,3_year,USD,0.34156,GPU Per Hour,,,accelerator not in the lookup table -- add it to gcp.py
2026-08-11T12:08:03+00:00,gcp,2026-08-11T07:00:00Z,asia-northeast2,394B-7CD5-6362,g2-standard-4,L4,1,spot,USD,0.081768,GPU Per Hour,0.081768,machine_inclusive,accelerator $0.0648/GPU-hr plus 4 vCPU and 16 GB RAM
2026-08-11T12:08:03+00:00,gcp,2026-08-11T07:00:00Z,asia-northeast2,394B-7CD5-6362,g2-standard-8,L4,1,spot,USD,0.098736,GPU Per Hour,0.098736,machine_inclusive,accelerator $0.0648/GPU-hr plus 8 vCPU and 32 GB RAM
2026-08-11T12:08:03+00:00,gcp,2026-08-11T07:00:00Z,asia-northeast2,394B-7CD5-6362,g2-standard-12,L4,1,spot,USD,0.115704,GPU Per Hour,0.115704,machine_inclusive,accelerator $0.0648/GPU-hr plus 12 vCPU and 48 GB RAM
2026-08-11T12:08:03+00:00,gcp,2026-08-11T07:00:00Z,asia-northeast2,394B-7CD5-6362,g2-standard-16,L4,1,spot,USD,0.132672,GPU Per Hour,0.132672,machine_inclusive,accelerator $0.0648/GPU-hr plus 16 vCPU and 64 GB RAM
2026-08-11T12:08:03+00:00,gcp,2026-08-11T07:00:00Z,asia-northeast2,394B-7CD5-6362,g2-standard-24,L4,2,spot,USD,0.231408,Machine Per Hour,0.115704,machine_inclusive,accelerator $0.0648/GPU-hr plus 24 vCPU and 96 GB RAM
2026-08-11T12:08:03+00:00,gcp,2026-08-11T07:00:00Z,asia-northeast2,394B-7CD5-6362,g2-standard-32,L4,1,spot,USD,0.200544,GPU Per Hour,0.200544,machine_inclusive,accelerator $0.0648/GPU-hr plus 32 vCPU and 128 GB RAM
2026-08-11T12:08:03+00:00,gcp,2026-08-11T07:00:00Z,asia-northeast2,394B-7CD5-6362,g2-standard-48,L4,4,spot,USD,0.462816,Machine Per Hour,0.115704,machine_inclusive,accelerator $0.0648/GPU-hr plus 48 vCPU and 192 GB RAM
2026-08-11T12:08:03+00:00,gcp,2026-08-11T07:00:00Z,asia-northeast2,394B-7CD5-6362,g2-standard-96,L4,8,spot,USD,0.925632,Machine Per Hour,0.115704,machine_inclusive,accelerator $0.0648/GPU-hr plus 96 vCPU and 384 GB RAM
2026-08-11T12:08:03+00:00,gcp,2026-08-11T07:00:00Z,us-west8,3988-865D-A262,1/8 vGPU no lssd,,,spot,USD,0.25875,GPU Per Hour,,,accelerator not in the lookup table -- add it to gcp.py
2026-08-11T12:08:03+00:00,gcp,2026-08-11T07:00:00Z,us-east4,39C0-7B74-69DC,a3-megagpu-8g,H100 Mega,8,1_year,USD,63.792309,Machine Per Hour,7.974039,machine_inclusive,accelerator $7.1136/GPU-hr plus 208 vCPU and 1872 GB RAM
2026-08-11T12:08:03+00:00,gcp,2026-08-11T07:00:00Z,australia-southeast1,39C8-081C-DF5D,Nvidia Tesla P100 GPU,P100,1,on_demand,USD,1.6,GPU Per Hour,1.6,accelerator_only,"bare accelerator price; Google bills vCPU and RAM separately, so this is NOT comparable to Oracle or Azure"
2026-08-11T12:08:03+00:00,gcp,2026-08-11T07:00:00Z,us-central1,39D4-516A-0317,a2-highgpu-1g,A100,1,spot,USD,2.12081,GPU Per Hour,2.12081,machine_inclusive,accelerator $1.6939/GPU-hr plus 12 vCPU and 85 GB RAM
2026-08-11T12:08:03+00:00,gcp,2026-08-11T07:00:00Z,us-central1,39D4-516A-0317,a2-highgpu-2g,A100,2,spot,USD,4.24162,Machine Per Hour,2.12081,machine_inclusive,accelerator $1.6939/GPU-hr plus 24 vCPU and 170 GB RAM
2026-08-11T12:08:03+00:00,gcp,2026-08-11T07:00:00Z,us-central1,39D4-516A-0317,a2-highgpu-4g,A100,4,spot,USD,8.48324,Machine Per Hour,2.12081,machine_inclusive,accelerator $1.6939/GPU-hr plus 48 vCPU and 340 GB RAM
2026-08-11T12:08:03+00:00,gcp,2026-08-11T07:00:00Z,us-central1,39D4-516A-0317,a2-highgpu-8g,A100,8,spot,USD,16.96648,Machine Per Hour,2.12081,machine_inclusive,accelerator $1.6939/GPU-hr plus 96 vCPU and 680 GB RAM
2026-08-11T12:08:03+00:00,gcp,2026-08-11T07:00:00Z,us-central1,39D4-516A-0317,a2-megagpu-16g,A100,16,spot,USD,32.18096,Machine Per Hour,2.01131,machine_inclusive,accelerator $1.6939/GPU-hr plus 96 vCPU and 1360 GB RAM
2026-08-11T12:08:03+00:00,gcp,2026-08-11T07:00:00Z,us-east1,39D4-516A-0317,a2-highgpu-1g,A100,1,spot,USD,2.12081,GPU Per Hour,2.12081,machine_inclusive,accelerator $1.6939/GPU-hr plus 12 vCPU and 85 GB RAM
2026-08-11T12:08:03+00:00,gcp,2026-08-11T07:00:00Z,us-east1,39D4-516A-0317,a2-highgpu-2g,A100,2,spot,USD,4.24162,Machine Per Hour,2.12081,machine_inclusive,accelerator $1.6939/GPU-hr plus 24 vCPU and 170 GB RAM
2026-08-11T12:08:03+00:00,gcp,2026-08-11T07:00:00Z,us-east1,39D4-516A-0317,a2-highgpu-4g,A100,4,spot,USD,8.48324,Machine Per Hour,2.12081,machine_inclusive,accelerator $1.6939/GPU-hr plus 48 vCPU and 340 GB RAM
2026-08-11T12:08:03+00:00,gcp,2026-08-11T07:00:00Z,us-east1,39D4-516A-0317,a2-highgpu-8g,A100,8,spot,USD,16.96648,Machine Per Hour,2.12081,machine_inclusive,accelerator $1.6939/GPU-hr plus 96 vCPU and 680 GB RAM
2026-08-11T12:08:03+00:00,gcp,2026-08-11T07:00:00Z,us-east1,39D4-516A-0317,a2-megagpu-16g,A100,16,spot,USD,32.18096,Machine Per Hour,2.01131,machine_inclusive,accelerator $1.6939/GPU-hr plus 96 vCPU and 1360 GB RAM
2026-08-11T12:08:03+00:00,gcp,2026-08-11T07:00:00Z,us-west1,39D4-516A-0317,a2-highgpu-1g,A100,1,spot,USD,2.12081,GPU Per Hour,2.12081,machine_inclusive,accelerator $1.6939/GPU-hr plus 12 vCPU and 85 GB RAM
2026-08-11T12:08:03+00:00,gcp,2026-08-11T07:00:00Z,us-west1,39D4-516A-0317,a2-highgpu-2g,A100,2,spot,USD,4.24162,Machine Per Hour,2.12081,machine_inclusive,accelerator $1.6939/GPU-hr plus 24 vCPU and 170 GB RAM
2026-08-11T12:08:03+00:00,gcp,2026-08-11T07:00:00Z,us-west1,39D4-516A-0317,a2-highgpu-4g,A100,4,spot,USD,8.48324,Machine Per Hour,2.12081,machine_inclusive,accelerator $1.6939/GPU-hr plus 48 vCPU and 340 GB RAM
2026-08-11T12:08:03+00:00,gcp,2026-08-11T07:00:00Z,us-west1,39D4-516A-0317,a2-highgpu-8g,A100,8,spot,USD,16.96648,Machine Per Hour,2.12081,machine_inclusive,accelerator $1.6939/GPU-hr plus 96 vCPU and 680 GB RAM
2026-08-11T12:08:03+00:00,gcp,2026-08-11T07:00:00Z,us-west1,39D4-516A-0317,a2-megagpu-16g,A100,16,spot,USD,32.18096,Machine Per Hour,2.01131,machine_inclusive,accelerator $1.6939/GPU-hr plus 96 vCPU and 1360 GB RAM
2026-08-11T12:08:03+00:00,gcp,2026-08-11T07:00:00Z,me-west1,39E6-9685-F9A4,Nvidia Tesla V100 GPU,V100,1,3_year,USD,1.2276,GPU Per Hour,1.2276,accelerator_only,"bare accelerator price; Google bills vCPU and RAM separately, so this is NOT comparable to Oracle or Azure"
2026-08-11T12:08:03+00:00,gcp,2026-08-11T07:00:00Z,australia-southeast2,3A16-4720-DCAC,1/8 vGPU no lssd,,,spot,USD,0.33638,GPU Per Hour,,,accelerator not in the lookup table -- add it to gcp.py
2026-08-11T12:08:03+00:00,gcp,2026-08-11T07:00:00Z,europe-southwest1,3A3A-34F5-A3EF,Nvidia Tesla V100 GPU,V100,1,3_year,USD,1.31688,GPU Per Hour,1.31688,accelerator_only,"bare accelerator price; Google bills vCPU and RAM separately, so this is NOT comparable to Oracle or Azure"
2026-08-11T12:08:03+00:00,gcp,2026-08-11T07:00:00Z,us-south1,3A6E-E845-FE05,a2-highgpu-1g,A100,1,3_year,USD,1.517136,GPU Per Hour,1.517136,machine_inclusive,accelerator $1.2117/GPU-hr plus 12 vCPU and 85 GB RAM
2026-08-11T12:08:03+00:00,gcp,2026-08-11T07:00:00Z,us-south1,3A6E-E845-FE05,a2-highgpu-2g,A100,2,3_year,USD,3.034272,Machine Per Hour,1.517136,machine_inclusive,accelerator $1.2117/GPU-hr plus 24 vCPU and 170 GB RAM
2026-08-11T12:08:03+00:00,gcp,2026-08-11T07:00:00Z,us-south1,3A6E-E845-FE05,a2-highgpu-4g,A100,4,3_year,USD,6.068543,Machine Per Hour,1.517136,machine_inclusive,accelerator $1.2117/GPU-hr plus 48 vCPU and 340 GB RAM
2026-08-11T12:08:03+00:00,gcp,2026-08-11T07:00:00Z,us-south1,3A6E-E845-FE05,a2-highgpu-8g,A100,8,3_year,USD,12.137087,Machine Per Hour,1.517136,machine_inclusive,accelerator $1.2117/GPU-hr plus 96 vCPU and 680 GB RAM
2026-08-11T12:08:03+00:00,gcp,2026-08-11T07:00:00Z,us-south1,3A6E-E845-FE05,a2-megagpu-16g,A100,16,3_year,USD,23.020856,Machine Per Hour,1.438804,machine_inclusive,accelerator $1.2117/GPU-hr plus 96 vCPU and 1360 GB RAM
2026-08-11T12:08:03+00:00,gcp,2026-08-11T07:00:00Z,us-west3,3B26-9B0D-994A,a3-highgpu-8g,H100,8,1_year,USD,73.291351,Machine Per Hour,9.161419,machine_inclusive,accelerator $8.1728/GPU-hr plus 208 vCPU and 1872 GB RAM
2026-08-11T12:08:03+00:00,gcp,2026-08-11T07:00:00Z,europe-central2,3B84-06C3-8CEC,g2-standard-4,L4,1,1_year,USD,0.566474,GPU Per Hour,0.566474,machine_inclusive,accelerator $0.4546/GPU-hr plus 4 vCPU and 16 GB RAM
2026-08-11T12:08:03+00:00,gcp,2026-08-11T07:00:00Z,europe-central2,3B84-06C3-8CEC,g2-standard-8,L4,1,1_year,USD,0.678368,GPU Per Hour,0.678368,machine_inclusive,accelerator $0.4546/GPU-hr plus 8 vCPU and 32 GB RAM
2026-08-11T12:08:03+00:00,gcp,2026-08-11T07:00:00Z,europe-central2,3B84-06C3-8CEC,g2-standard-12,L4,1,1_year,USD,0.790261,GPU Per Hour,0.790261,machine_inclusive,accelerator $0.4546/GPU-hr plus 12 vCPU and 48 GB RAM
2026-08-11T12:08:03+00:00,gcp,2026-08-11T07:00:00Z,europe-central2,3B84-06C3-8CEC,g2-standard-16,L4,1,1_year,USD,0.902155,GPU Per Hour,0.902155,machine_inclusive,accelerator $0.4546/GPU-hr plus 16 vCPU and 64 GB RAM
2026-08-11T12:08:03+00:00,gcp,2026-08-11T07:00:00Z,europe-central2,3B84-06C3-8CEC,g2-standard-24,L4,2,1_year,USD,1.580522,Machine Per Hour,0.790261,machine_inclusive,accelerator $0.4546/GPU-hr plus 24 vCPU and 96 GB RAM
2026-08-11T12:08:03+00:00,gcp,2026-08-11T07:00:00Z,europe-central2,3B84-06C3-8CEC,g2-standard-32,L4,1,1_year,USD,1.34973,GPU Per Hour,1.34973,machine_inclusive,accelerator $0.4546/GPU-hr plus 32 vCPU and 128 GB RAM
2026-08-11T12:08:03+00:00,gcp,2026-08-11T07:00:00Z,europe-central2,3B84-06C3-8CEC,g2-standard-48,L4,4,1_year,USD,3.161045,Machine Per Hour,0.790261,machine_inclusive,accelerator $0.4546/GPU-hr plus 48 vCPU and 192 GB RAM
2026-08-11T12:08:03+00:00,gcp,2026-08-11T07:00:00Z,europe-central2,3B84-06C3-8CEC,g2-standard-96,L4,8,1_year,USD,6.32209,Machine Per Hour,0.790261,machine_inclusive,accelerator $0.4546/GPU-hr plus 96 vCPU and 384 GB RAM
2026-08-11T12:08:03+00:00,gcp,2026-08-11T07:00:00Z,europe-west10,3B90-A526-45EA,g2-standard-4,L4,1,spot,USD,0.121264,GPU Per Hour,0.121264,machine_inclusive,accelerator $0.1010/GPU-hr plus 4 vCPU and 16 GB RAM
2026-08-11T12:08:03+00:00,gcp,2026-08-11T07:00:00Z,europe-west10,3B90-A526-45EA,g2-standard-8,L4,1,spot,USD,0.141528,GPU Per Hour,0.141528,machine_inclusive,accelerator $0.1010/GPU-hr plus 8 vCPU and 32 GB RAM
2026-08-11T12:08:03+00:00,gcp,2026-08-11T07:00:00Z,europe-west10,3B90-A526-45EA,g2-standard-12,L4,1,spot,USD,0.161792,GPU Per Hour,0.161792,machine_inclusive,accelerator $0.1010/GPU-hr plus 12 vCPU and 48 GB RAM
2026-08-11T12:08:03+00:00,gcp,2026-08-11T07:00:00Z,europe-west10,3B90-A526-45EA,g2-standard-16,L4,1,spot,USD,0.182056,GPU Per Hour,0.182056,machine_inclusive,accelerator $0.1010/GPU-hr plus 16 vCPU and 64 GB RAM
2026-08-11T12:08:03+00:00,gcp,2026-08-11T07:00:00Z,europe-west10,3B90-A526-45EA,g2-standard-24,L4,2,spot,USD,0.323584,Machine Per Hour,0.161792,machine_inclusive,accelerator $0.1010/GPU-hr plus 24 vCPU and 96 GB RAM
2026-08-11T12:08:03+00:00,gcp,2026-08-11T07:00:00Z,europe-west10,3B90-A526-45EA,g2-standard-32,L4,1,spot,USD,0.263112,GPU Per Hour,0.263112,machine_inclusive,accelerator $0.1010/GPU-hr plus 32 vCPU and 128 GB RAM
2026-08-11T12:08:03+00:00,gcp,2026-08-11T07:00:00Z,europe-west10,3B90-A526-45EA,g2-standard-48,L4,4,spot,USD,0.647168,Machine Per Hour,0.161792,machine_inclusive,accelerator $0.1010/GPU-hr plus 48 vCPU and 192 GB RAM
2026-08-11T12:08:03+00:00,gcp,2026-08-11T07:00:00Z,europe-west10,3B90-A526-45EA,g2-standard-96,L4,8,spot,USD,1.294336,Machine Per Hour,0.161792,machine_inclusive,accelerator $0.1010/GPU-hr plus 96 vCPU and 384 GB RAM
2026-08-11T12:08:03+00:00,gcp,2026-08-11T07:00:00Z,us-central1,3BCB-E79F-65CE,Nvidia Tesla V100 GPU,V100,1,1_year,USD,1.562,GPU Per Hour,1.562,accelerator_only,"bare accelerator price; Google bills vCPU and RAM separately, so this is NOT comparable to Oracle or Azure"
2026-08-11T12:08:03+00:00,gcp,2026-08-11T07:00:00Z,us-east1,3BCB-E79F-65CE,Nvidia Tesla V100 GPU,V100,1,1_year,USD,1.562,GPU Per Hour,1.562,accelerator_only,"bare accelerator price; Google bills vCPU and RAM separately, so this is NOT comparable to Oracle or Azure"
2026-08-11T12:08:03+00:00,gcp,2026-08-11T07:00:00Z,us-west1,3BCB-E79F-65CE,Nvidia Tesla V100 GPU,V100,1,1_year,USD,1.562,GPU Per Hour,1.562,accelerator_only,"bare accelerator price; Google bills vCPU and RAM separately, so this is NOT comparable to Oracle or Azure"
2026-08-11T12:08:03+00:00,gcp,2026-08-11T07:00:00Z,us-west3,3C1E-40C3-CEFA,a2-highgpu-1g,A100,1,3_year,USD,1.466147,GPU Per Hour,1.466147,machine_inclusive,accelerator $1.1552/GPU-hr plus 12 vCPU and 85 GB RAM
2026-08-11T12:08:03+00:00,gcp,2026-08-11T07:00:00Z,us-west3,3C1E-40C3-CEFA,a2-highgpu-2g,A100,2,3_year,USD,2.932294,Machine Per Hour,1.466147,machine_inclusive,accelerator $1.1552/GPU-hr plus 24 vCPU and 170 GB RAM
2026-08-11T12:08:03+00:00,gcp,2026-08-11T07:00:00Z,us-west3,3C1E-40C3-CEFA,a2-highgpu-4g,A100,4,3_year,USD,5.864588,Machine Per Hour,1.466147,machine_inclusive,accelerator $1.1552/GPU-hr plus 48 vCPU and 340 GB RAM
2026-08-11T12:08:03+00:00,gcp,2026-08-11T07:00:00Z,us-west3,3C1E-40C3-CEFA,a2-highgpu-8g,A100,8,3_year,USD,11.729177,Machine Per Hour,1.466147,machine_inclusive,accelerator $1.1552/GPU-hr plus 96 vCPU and 680 GB RAM
2026-08-11T12:08:03+00:00,gcp,2026-08-11T07:00:00Z,us-west3,3C1E-40C3-CEFA,a2-megagpu-16g,A100,16,3_year,USD,22.182554,Machine Per Hour,1.38641,machine_inclusive,accelerator $1.1552/GPU-hr plus 96 vCPU and 1360 GB RAM
2026-08-11T12:08:03+00:00,gcp,2026-08-11T07:00:00Z,europe-southwest1,3C3E-20DC-03EF,Nvidia Tesla T4 GPU,T4,1,spot,USD,0.039,GPU Per Hour,0.039,accelerator_only,"bare accelerator price; Google bills vCPU and RAM separately, so this is NOT comparable to Oracle or Azure"
2026-08-11T12:08:03+00:00,gcp,2026-08-11T07:00:00Z,asia-southeast1,3C9B-9F2F-F8F4,a2-highgpu-1g,A100,1,3_year,USD,1.410352,GPU Per Hour,1.410352,machine_inclusive,accelerator $1.0911/GPU-hr plus 12 vCPU and 85 GB RAM
2026-08-11T12:08:03+00:00,gcp,2026-08-11T07:00:00Z,asia-southeast1,3C9B-9F2F-F8F4,a2-highgpu-2g,A100,2,3_year,USD,2.820705,Machine Per Hour,1.410352,machine_inclusive,accelerator $1.0911/GPU-hr plus 24 vCPU and 170 GB RAM
2026-08-11T12:08:03+00:00,gcp,2026-08-11T07:00:00Z,asia-southeast1,3C9B-9F2F-F8F4,a2-highgpu-4g,A100,4,3_year,USD,5.64141,Machine Per Hour,1.410352,machine_inclusive,accelerator $1.0911/GPU-hr plus 48 vCPU and 340 GB RAM
2026-08-11T12:08:03+00:00,gcp,2026-08-11T07:00:00Z,asia-southeast1,3C9B-9F2F-F8F4,a2-highgpu-8g,A100,8,3_year,USD,11.282819,Machine Per Hour,1.410352,machine_inclusive,accelerator $1.0911/GPU-hr plus 96 vCPU and 680 GB RAM
2026-08-11T12:08:03+00:00,gcp,2026-08-11T07:00:00Z,asia-southeast1,3C9B-9F2F-F8F4,a2-megagpu-16g,A100,16,3_year,USD,21.255269,Machine Per Hour,1.328454,machine_inclusive,accelerator $1.0911/GPU-hr plus 96 vCPU and 1360 GB RAM
2026-08-11T12:08:03+00:00,gcp,2026-08-11T07:00:00Z,asia-east1,3CAD-576C-F980,Nvidia Tesla T4 GPU,T4,1,spot,USD,0.1912,GPU Per Hour,0.1912,accelerator_only,"bare accelerator price; Google bills vCPU and RAM separately, so this is NOT comparable to Oracle or Azure"
2026-08-11T12:08:03+00:00,gcp,2026-08-11T07:00:00Z,europe-west9,3CED-F9CB-50AB,a3-highgpu-8g,H100,8,1_year,USD,70.724536,Machine Per Hour,8.840567,machine_inclusive,accelerator $7.8866/GPU-hr plus 208 vCPU and 1872 GB RAM
2026-08-11T12:08:03+00:00,gcp,2026-08-11T07:00:00Z,australia-southeast1,3CFB-EB88-64B4,Nvidia Tesla P4 GPU,P4,1,1_year,USD,0.409,GPU Per Hour,0.409,accelerator_only,"bare accelerator price; Google bills vCPU and RAM separately, so this is NOT comparable to Oracle or Azure"
2026-08-11T12:08:03+00:00,gcp,2026-08-11T07:00:00Z,us-east4,3D08-AD9A-CB29,1/8 vGPU,,,3_year,USD,0.28463,GPU Per Hour,,,accelerator not in the lookup table -- add it to gcp.py
2026-08-11T12:08:03+00:00,gcp,2026-08-11T07:00:00Z,northamerica-northeast1,3D30-5FBA-AF5E,A4 Nvidia B200 (1 gpu slice),B200,1,spot,USD,2.2084,GPU Per Hour,2.2084,machine_inclusive,Google publishes no separate A4 vCPU/RAM SKUs -- the per-slice price already covers the whole machine
2026-08-11T12:08:03+00:00,gcp,2026-08-11T07:00:00Z,asia-south1,3D44-B7C2-56AD,g2-standard-4,L4,1,3_year,USD,0.331101,GPU Per Hour,0.331101,machine_inclusive,accelerator $0.2623/GPU-hr plus 4 vCPU and 16 GB RAM
2026-08-11T12:08:03+00:00,gcp,2026-08-11T07:00:00Z,asia-south1,3D44-B7C2-56AD,g2-standard-8,L4,1,3_year,USD,0.399862,GPU Per Hour,0.399862,machine_inclusive,accelerator $0.2623/GPU-hr plus 8 vCPU and 32 GB RAM
2026-08-11T12:08:03+00:00,gcp,2026-08-11T07:00:00Z,asia-south1,3D44-B7C2-56AD,g2-standard-12,L4,1,3_year,USD,0.468624,GPU Per Hour,0.468624,machine_inclusive,accelerator $0.2623/GPU-hr plus 12 vCPU and 48 GB RAM
2026-08-11T12:08:03+00:00,gcp,2026-08-11T07:00:00Z,asia-south1,3D44-B7C2-56AD,g2-standard-16,L4,1,3_year,USD,0.537386,GPU Per Hour,0.537386,machine_inclusive,accelerator $0.2623/GPU-hr plus 16 vCPU and 64 GB RAM
2026-08-11T12:08:03+00:00,gcp,2026-08-11T07:00:00Z,asia-south1,3D44-B7C2-56AD,g2-standard-24,L4,2,3_year,USD,0.937248,Machine Per Hour,0.468624,machine_inclusive,accelerator $0.2623/GPU-hr plus 24 vCPU and 96 GB RAM
2026-08-11T12:08:03+00:00,gcp,2026-08-11T07:00:00Z,asia-south1,3D44-B7C2-56AD,g2-standard-32,L4,1,3_year,USD,0.812432,GPU Per Hour,0.812432,machine_inclusive,accelerator $0.2623/GPU-hr plus 32 vCPU and 128 GB RAM
2026-08-11T12:08:03+00:00,gcp,2026-08-11T07:00:00Z,asia-south1,3D44-B7C2-56AD,g2-standard-48,L4,4,3_year,USD,1.874496,Machine Per Hour,0.468624,machine_inclusive,accelerator $0.2623/GPU-hr plus 48 vCPU and 192 GB RAM
2026-08-11T12:08:03+00:00,gcp,2026-08-11T07:00:00Z,asia-south1,3D44-B7C2-56AD,g2-standard-96,L4,8,3_year,USD,3.748991,Machine Per Hour,0.468624,machine_inclusive,accelerator $0.2623/GPU-hr plus 96 vCPU and 384 GB RAM
2026-08-11T12:08:03+00:00,gcp,2026-08-11T07:00:00Z,us-west8,3DB6-B193-792E,Nvidia Tesla T4 GPU,T4,1,1_year,USD,0.22,GPU Per Hour,0.22,accelerator_only,"bare accelerator price; Google bills vCPU and RAM separately, so this is NOT comparable to Oracle or Azure"
2026-08-11T12:08:03+00:00,gcp,2026-08-11T07:00:00Z,asia-northeast3,3E31-96F1-6FF5,a2-highgpu-1g,A100,1,1_year,USD,2.529607,GPU Per Hour,2.529607,machine_inclusive,accelerator $1.9324/GPU-hr plus 12 vCPU and 85 GB RAM
2026-08-11T12:08:03+00:00,gcp,2026-08-11T07:00:00Z,asia-northeast3,3E31-96F1-6FF5,a2-highgpu-2g,A100,2,1_year,USD,5.059215,Machine Per Hour,2.529607,machine_inclusive,accelerator $1.9324/GPU-hr plus 24 vCPU and 170 GB RAM
2026-08-11T12:08:03+00:00,gcp,2026-08-11T07:00:00Z,asia-northeast3,3E31-96F1-6FF5,a2-highgpu-4g,A100,4,1_year,USD,10.118429,Machine Per Hour,2.529607,machine_inclusive,accelerator $1.9324/GPU-hr plus 48 vCPU and 340 GB RAM
2026-08-11T12:08:03+00:00,gcp,2026-08-11T07:00:00Z,asia-northeast3,3E31-96F1-6FF5,a2-highgpu-8g,A100,8,1_year,USD,20.236858,Machine Per Hour,2.529607,machine_inclusive,accelerator $1.9324/GPU-hr plus 96 vCPU and 680 GB RAM
2026-08-11T12:08:03+00:00,gcp,2026-08-11T07:00:00Z,asia-northeast3,3E31-96F1-6FF5,a2-megagpu-16g,A100,16,1_year,USD,38.017134,Machine Per Hour,2.376071,machine_inclusive,accelerator $1.9324/GPU-hr plus 96 vCPU and 1360 GB RAM
2026-08-11T12:08:03+00:00,gcp,2026-08-11T07:00:00Z,europe-north1,3E40-55F8-0177,a2-highgpu-1g,A100,1,1_year,USD,2.361227,GPU Per Hour,2.361227,machine_inclusive,accelerator $1.8484/GPU-hr plus 12 vCPU and 85 GB RAM
2026-08-11T12:08:03+00:00,gcp,2026-08-11T07:00:00Z,europe-north1,3E40-55F8-0177,a2-highgpu-2g,A100,2,1_year,USD,4.722454,Machine Per Hour,2.361227,machine_inclusive,accelerator $1.8484/GPU-hr plus 24 vCPU and 170 GB RAM
2026-08-11T12:08:03+00:00,gcp,2026-08-11T07:00:00Z,europe-north1,3E40-55F8-0177,a2-highgpu-4g,A100,4,1_year,USD,9.444907,Machine Per Hour,2.361227,machine_inclusive,accelerator $1.8484/GPU-hr plus 48 vCPU and 340 GB RAM
2026-08-11T12:08:03+00:00,gcp,2026-08-11T07:00:00Z,europe-north1,3E40-55F8-0177,a2-highgpu-8g,A100,8,1_year,USD,18.889815,Machine Per Hour,2.361227,machine_inclusive,accelerator $1.8484/GPU-hr plus 96 vCPU and 680 GB RAM
2026-08-11T12:08:03+00:00,gcp,2026-08-11T07:00:00Z,europe-north1,3E40-55F8-0177,a2-megagpu-16g,A100,16,1_year,USD,35.674551,Machine Per Hour,2.229659,machine_inclusive,accelerator $1.8484/GPU-hr plus 96 vCPU and 1360 GB RAM
2026-08-11T12:08:03+00:00,gcp,2026-08-11T07:00:00Z,asia-northeast3,3E50-545D-702B,a2-highgpu-1g,A100,1,spot,USD,2.429675,GPU Per Hour,2.429675,machine_inclusive,accelerator $1.8609/GPU-hr plus 12 vCPU and 85 GB RAM
2026-08-11T12:08:03+00:00,gcp,2026-08-11T07:00:00Z,asia-northeast3,3E50-545D-702B,a2-highgpu-2g,A100,2,spot,USD,4.85935,Machine Per Hour,2.429675,machine_inclusive,accelerator $1.8609/GPU-hr plus 24 vCPU and 170 GB RAM
2026-08-11T12:08:03+00:00,gcp,2026-08-11T07:00:00Z,asia-northeast3,3E50-545D-702B,a2-highgpu-4g,A100,4,spot,USD,9.7187,Machine Per Hour,2.429675,machine_inclusive,accelerator $1.8609/GPU-hr plus 48 vCPU and 340 GB RAM
2026-08-11T12:08:03+00:00,gcp,2026-08-11T07:00:00Z,asia-northeast3,3E50-545D-702B,a2-highgpu-8g,A100,8,spot,USD,19.4374,Machine Per Hour,2.429675,machine_inclusive,accelerator $1.8609/GPU-hr plus 96 vCPU and 680 GB RAM
2026-08-11T12:08:03+00:00,gcp,2026-08-11T07:00:00Z,asia-northeast3,3E50-545D-702B,a2-megagpu-16g,A100,16,spot,USD,36.53528,Machine Per Hour,2.283455,machine_inclusive,accelerator $1.8609/GPU-hr plus 96 vCPU and 1360 GB RAM
2026-08-11T12:08:03+00:00,gcp,2026-08-11T07:00:00Z,africa-south1,3E61-572B-CB63,Nvidia Tesla P4 GPU,P4,1,on_demand,USD,0.7848,GPU Per Hour,0.7848,accelerator_only,"bare accelerator price; Google bills vCPU and RAM separately, so this is NOT comparable to Oracle or Azure"
2026-08-11T12:08:03+00:00,gcp,2026-08-11T07:00:00Z,europe-southwest1,3E9D-A90F-507E,a3-highgpu-8g,H100,8,3_year,USD,45.510817,Machine Per Hour,5.688852,machine_inclusive,accelerator $5.0739/GPU-hr plus 208 vCPU and 1872 GB RAM
2026-08-11T12:08:03+00:00,gcp,2026-08-11T07:00:00Z,us-east1,3ED3-1CBC-D09A,1/8 vGPU no lssd,,,spot,USD,0.25875,GPU Per Hour,,,accelerator not in the lookup table -- add it to gcp.py
2026-08-11T12:08:03+00:00,gcp,2026-08-11T07:00:00Z,asia-south2,3EE0-E12E-E24B,A4 Nvidia B200 (1 gpu slice),B200,1,spot,USD,2.4091,GPU Per Hour,2.4091,machine_inclusive,Google publishes no separate A4 vCPU/RAM SKUs -- the per-slice price already covers the whole machine
2026-08-11T12:08:03+00:00,gcp,2026-08-11T07:00:00Z,europe-west6,3F07-EB21-0043,Nvidia Tesla T4 GPU,T4,1,1_year,USD,0.28,GPU Per Hour,0.28,accelerator_only,"bare accelerator price; Google bills vCPU and RAM separately, so this is NOT comparable to Oracle or Azure"
2026-08-11T12:08:03+00:00,gcp,2026-08-11T07:00:00Z,australia-southeast1,3F11-E7F8-49FD,a3-megagpu-8g,H100 Mega,8,1_year,USD,79.740392,Machine Per Hour,9.967549,machine_inclusive,accelerator $8.8920/GPU-hr plus 208 vCPU and 1872 GB RAM
2026-08-11T12:08:03+00:00,gcp,2026-08-11T07:00:00Z,europe-west8,3F1B-3770-56E8,Nvidia Tesla T4 GPU,T4,1,spot,USD,0.0383,GPU Per Hour,0.0383,accelerator_only,"bare accelerator price; Google bills vCPU and RAM separately, so this is NOT comparable to Oracle or Azure"
2026-08-11T12:08:03+00:00,gcp,2026-08-11T07:00:00Z,europe-southwest1,3F21-5FA0-7888,g2-standard-4,L4,1,3_year,USD,0.375328,GPU Per Hour,0.375328,machine_inclusive,accelerator $0.2974/GPU-hr plus 4 vCPU and 16 GB RAM
2026-08-11T12:08:03+00:00,gcp,2026-08-11T07:00:00Z,europe-southwest1,3F21-5FA0-7888,g2-standard-8,L4,1,3_year,USD,0.453275,GPU Per Hour,0.453275,machine_inclusive,accelerator $0.2974/GPU-hr plus 8 vCPU and 32 GB RAM
2026-08-11T12:08:03+00:00,gcp,2026-08-11T07:00:00Z,europe-southwest1,3F21-5FA0-7888,g2-standard-12,L4,1,3_year,USD,0.531221,GPU Per Hour,0.531221,machine_inclusive,accelerator $0.2974/GPU-hr plus 12 vCPU and 48 GB RAM
2026-08-11T12:08:03+00:00,gcp,2026-08-11T07:00:00Z,europe-southwest1,3F21-5FA0-7888,g2-standard-16,L4,1,3_year,USD,0.609168,GPU Per Hour,0.609168,machine_inclusive,accelerator $0.2974/GPU-hr plus 16 vCPU and 64 GB RAM
2026-08-11T12:08:03+00:00,gcp,2026-08-11T07:00:00Z,europe-southwest1,3F21-5FA0-7888,g2-standard-24,L4,2,3_year,USD,1.062442,Machine Per Hour,0.531221,machine_inclusive,accelerator $0.2974/GPU-hr plus 24 vCPU and 96 GB RAM
2026-08-11T12:08:03+00:00,gcp,2026-08-11T07:00:00Z,europe-southwest1,3F21-5FA0-7888,g2-standard-32,L4,1,3_year,USD,0.920954,GPU Per Hour,0.920954,machine_inclusive,accelerator $0.2974/GPU-hr plus 32 vCPU and 128 GB RAM
2026-08-11T12:08:03+00:00,gcp,2026-08-11T07:00:00Z,europe-southwest1,3F21-5FA0-7888,g2-standard-48,L4,4,3_year,USD,2.124884,Machine Per Hour,0.531221,machine_inclusive,accelerator $0.2974/GPU-hr plus 48 vCPU and 192 GB RAM
2026-08-11T12:08:03+00:00,gcp,2026-08-11T07:00:00Z,europe-southwest1,3F21-5FA0-7888,g2-standard-96,L4,8,3_year,USD,4.249769,Machine Per Hour,0.531221,machine_inclusive,accelerator $0.2974/GPU-hr plus 96 vCPU and 384 GB RAM
2026-08-11T12:08:03+00:00,gcp,2026-08-11T07:00:00Z,australia-southeast2,3F58-A1C3-764B,Nvidia Tesla T4 GPU,T4,1,spot,USD,0.0468,GPU Per Hour,0.0468,accelerator_only,"bare accelerator price; Google bills vCPU and RAM separately, so this is NOT comparable to Oracle or Azure"
2026-08-11T12:08:03+00:00,gcp,2026-08-11T07:00:00Z,europe-west9,3F62-44B1-2596,Nvidia Tesla T4 GPU,T4,1,on_demand,USD,0.406,GPU Per Hour,0.406,accelerator_only,"bare accelerator price; Google bills vCPU and RAM separately, so this is NOT comparable to Oracle or Azure"
2026-08-11T12:08:03+00:00,gcp,2026-08-11T07:00:00Z,us-east4,3FA6-5783-2E3B,a2-highgpu-1g,A100,1,spot,USD,2.360575,GPU Per Hour,2.360575,machine_inclusive,accelerator $1.8609/GPU-hr plus 12 vCPU and 85 GB RAM
2026-08-11T12:08:03+00:00,gcp,2026-08-11T07:00:00Z,us-east4,3FA6-5783-2E3B,a2-highgpu-2g,A100,2,spot,USD,4.72115,Machine Per Hour,2.360575,machine_inclusive,accelerator $1.8609/GPU-hr plus 24 vCPU and 170 GB RAM
2026-08-11T12:08:03+00:00,gcp,2026-08-11T07:00:00Z,us-east4,3FA6-5783-2E3B,a2-highgpu-4g,A100,4,spot,USD,9.4423,Machine Per Hour,2.360575,machine_inclusive,accelerator $1.8609/GPU-hr plus 48 vCPU and 340 GB RAM
2026-08-11T12:08:03+00:00,gcp,2026-08-11T07:00:00Z,us-east4,3FA6-5783-2E3B,a2-highgpu-8g,A100,8,spot,USD,18.8846,Machine Per Hour,2.360575,machine_inclusive,accelerator $1.8609/GPU-hr plus 96 vCPU and 680 GB RAM
2026-08-11T12:08:03+00:00,gcp,2026-08-11T07:00:00Z,us-east4,3FA6-5783-2E3B,a2-megagpu-16g,A100,16,spot,USD,35.71864,Machine Per Hour,2.232415,machine_inclusive,accelerator $1.8609/GPU-hr plus 96 vCPU and 1360 GB RAM
2026-08-11T12:08:03+00:00,gcp,2026-08-11T07:00:00Z,us-east5,3FC5-29B8-1028,a2-ultragpu-1g,A100,1,3_year,USD,3.872603,GPU Per Hour,3.872603,machine_inclusive,accelerator $3.4877/GPU-hr plus 12 vCPU and 170 GB RAM
2026-08-11T12:08:03+00:00,gcp,2026-08-11T07:00:00Z,us-east5,3FC5-29B8-1028,a2-ultragpu-2g,A100,2,3_year,USD,7.745207,Machine Per Hour,3.872603,machine_inclusive,accelerator $3.4877/GPU-hr plus 24 vCPU and 340 GB RAM
2026-08-11T12:08:03+00:00,gcp,2026-08-11T07:00:00Z,us-east5,3FC5-29B8-1028,a2-ultragpu-4g,A100,4,3_year,USD,15.490414,Machine Per Hour,3.872603,machine_inclusive,accelerator $3.4877/GPU-hr plus 48 vCPU and 680 GB RAM
2026-08-11T12:08:03+00:00,gcp,2026-08-11T07:00:00Z,us-east5,3FC5-29B8-1028,a2-ultragpu-8g,A100,8,3_year,USD,30.980827,Machine Per Hour,3.872603,machine_inclusive,accelerator $3.4877/GPU-hr plus 96 vCPU and 1360 GB RAM
2026-08-11T12:08:03+00:00,gcp,2026-08-11T07:00:00Z,me-central1,3FCF-D8C6-54E2,Nvidia Tesla T4 GPU,T4,1,3_year,USD,0.1944,GPU Per Hour,0.1944,accelerator_only,"bare accelerator price; Google bills vCPU and RAM separately, so this is NOT comparable to Oracle or Azure"
2026-08-11T12:08:03+00:00,gcp,2026-08-11T07:00:00Z,us-east4,4004-03BA-9F82,a3-highgpu-8g,H100,8,3_year,USD,38.568495,Machine Per Hour,4.821062,machine_inclusive,accelerator $4.2999/GPU-hr plus 208 vCPU and 1872 GB RAM
2026-08-11T12:08:03+00:00,gcp,2026-08-11T07:00:00Z,me-central2,400C-0A52-4B79,a3-highgpu-8g,H100,8,1_year,USD,97.551053,Machine Per Hour,12.193882,machine_inclusive,accelerator $10.8781/GPU-hr plus 208 vCPU and 1872 GB RAM
2026-08-11T12:08:03+00:00,gcp,2026-08-11T07:00:00Z,europe-west10,40A6-80C7-6998,1/8 vGPU no lssd,,,spot,USD,0.3105,GPU Per Hour,,,accelerator not in the lookup table -- add it to gcp.py
2026-08-11T12:08:03+00:00,gcp,2026-08-11T07:00:00Z,europe-west6,40B0-54D3-8DEC,Nvidia Tesla P100 GPU,P100,1,1_year,USD,1.195,GPU Per Hour,1.195,accelerator_only,"bare accelerator price; Google bills vCPU and RAM separately, so this is NOT comparable to Oracle or Azure"
2026-08-11T12:08:03+00:00,gcp,2026-08-11T07:00:00Z,southamerica-west1,40C6-4D45-9377,Nvidia Tesla V100 GPU,V100,1,1_year,USD,2.23366,GPU Per Hour,2.23366,accelerator_only,"bare accelerator price; Google bills vCPU and RAM separately, so this is NOT comparable to Oracle or Azure"
2026-08-11T12:08:03+00:00,gcp,2026-08-11T07:00:00Z,us-west8,40CF-0F82-6D3B,RTX 6000 96GB,RTX PRO 6000,1,1_year,USD,0.756,GPU Per Hour,0.756,accelerator_only,"bare accelerator price; Google bills vCPU and RAM separately, so this is NOT comparable to Oracle or Azure"
2026-08-11T12:08:03+00:00,gcp,2026-08-11T07:00:00Z,europe-west4,4124-1765-0CA6,a3-megagpu-8g,H100 Mega,8,on_demand,USD,120.566146,Machine Per Hour,15.070768,machine_inclusive,accelerator $13.4476/GPU-hr plus 208 vCPU and 1872 GB RAM
2026-08-11T12:08:03+00:00,gcp,2026-08-11T07:00:00Z,asia-east1,412B-FAD4-F433,1/8 vGPU,,,3_year,USD,0.37002,GPU Per Hour,,,accelerator not in the lookup table -- add it to gcp.py
2026-08-11T12:08:03+00:00,gcp,2026-08-11T07:00:00Z,me-west1,414D-2712-0666,a2-highgpu-1g,A100,1,on_demand,USD,4.040724,GPU Per Hour,4.040724,machine_inclusive,accelerator $3.2273/GPU-hr plus 12 vCPU and 85 GB RAM
2026-08-11T12:08:03+00:00,gcp,2026-08-11T07:00:00Z,me-west1,414D-2712-0666,a2-highgpu-2g,A100,2,on_demand,USD,8.081447,Machine Per Hour,4.040724,machine_inclusive,accelerator $3.2273/GPU-hr plus 24 vCPU and 170 GB RAM
2026-08-11T12:08:03+00:00,gcp,2026-08-11T07:00:00Z,me-west1,414D-2712-0666,a2-highgpu-4g,A100,4,on_demand,USD,16.162895,Machine Per Hour,4.040724,machine_inclusive,accelerator $3.2273/GPU-hr plus 48 vCPU and 340 GB RAM
2026-08-11T12:08:03+00:00,gcp,2026-08-11T07:00:00Z,me-west1,414D-2712-0666,a2-highgpu-8g,A100,8,on_demand,USD,32.32579,Machine Per Hour,4.040724,machine_inclusive,accelerator $3.2273/GPU-hr plus 96 vCPU and 680 GB RAM
2026-08-11T12:08:03+00:00,gcp,2026-08-11T07:00:00Z,me-west1,414D-2712-0666,a2-megagpu-16g,A100,16,on_demand,USD,61.313458,Machine Per Hour,3.832091,machine_inclusive,accelerator $3.2273/GPU-hr plus 96 vCPU and 1360 GB RAM
2026-08-11T12:08:03+00:00,gcp,2026-08-11T07:00:00Z,australia-southeast2,414D-F3A0-383B,1/8 vGPU,,,1_year,USD,0.58024,GPU Per Hour,,,accelerator not in the lookup table -- add it to gcp.py
2026-08-11T12:08:03+00:00,gcp,2026-08-11T07:00:00Z,asia-south1,4172-4910-76F5,Nvidia Tesla T4 GPU,T4,1,on_demand,USD,0.41,GPU Per Hour,0.41,accelerator_only,"bare accelerator price; Google bills vCPU and RAM separately, so this is NOT comparable to Oracle or Azure"
2026-08-11T12:08:03+00:00,gcp,2026-08-11T07:00:00Z,us-west8,41CE-6759-8BC2,Nvidia Tesla P4 GPU,P4,1,3_year,USD,0.27,GPU Per Hour,0.27,accelerator_only,"bare accelerator price; Google bills vCPU and RAM separately, so this is NOT comparable to Oracle or Azure"
2026-08-11T12:08:03+00:00,gcp,2026-08-11T07:00:00Z,us-east5,41F9-F0D3-321F,Nvidia Tesla V100 GPU,V100,1,1_year,USD,1.562,GPU Per Hour,1.562,accelerator_only,"bare accelerator price; Google bills vCPU and RAM separately, so this is NOT comparable to Oracle or Azure"
2026-08-11T12:08:03+00:00,gcp,2026-08-11T07:00:00Z,europe-southwest1,423E-52FE-FD42,a3-highgpu-8g,H100,8,on_demand,USD,103.642311,Machine Per Hour,12.955289,machine_inclusive,accelerator $11.5599/GPU-hr plus 208 vCPU and 1872 GB RAM
2026-08-11T12:08:03+00:00,gcp,2026-08-11T07:00:00Z,europe-central2,423F-100F-933E,a3-highgpu-8g,H100,8,3_year,USD,49.691643,Machine Per Hour,6.211455,machine_inclusive,accelerator $5.5400/GPU-hr plus 208 vCPU and 1872 GB RAM
2026-08-11T12:08:03+00:00,gcp,2026-08-11T07:00:00Z,asia-northeast2,425E-807D-6336,Nvidia Tesla P4 GPU,P4,1,on_demand,USD,0.65,GPU Per Hour,0.65,accelerator_only,"bare accelerator price; Google bills vCPU and RAM separately, so this is NOT comparable to Oracle or Azure"
2026-08-11T12:08:03+00:00,gcp,2026-08-11T07:00:00Z,us-central1,42BA-594D-D5CA,Nvidia Tesla P100 GPU,P100,1,3_year,USD,0.657,GPU Per Hour,0.657,accelerator_only,"bare accelerator price; Google bills vCPU and RAM separately, so this is NOT comparable to Oracle or Azure"
2026-08-11T12:08:03+00:00,gcp,2026-08-11T07:00:00Z,us-east1,42BA-594D-D5CA,Nvidia Tesla P100 GPU,P100,1,3_year,USD,0.657,GPU Per Hour,0.657,accelerator_only,"bare accelerator price; Google bills vCPU and RAM separately, so this is NOT comparable to Oracle or Azure"
2026-08-11T12:08:03+00:00,gcp,2026-08-11T07:00:00Z,us-west1,42BA-594D-D5CA,Nvidia Tesla P100 GPU,P100,1,3_year,USD,0.657,GPU Per Hour,0.657,accelerator_only,"bare accelerator price; Google bills vCPU and RAM separately, so this is NOT comparable to Oracle or Azure"
2026-08-11T12:08:03+00:00,gcp,2026-08-11T07:00:00Z,northamerica-northeast2,42F3-BD26-70A9,a3-highgpu-8g,H100,8,1_year,USD,67.133436,Machine Per Hour,8.391679,machine_inclusive,accelerator $7.4862/GPU-hr plus 208 vCPU and 1872 GB RAM
2026-08-11T12:08:03+00:00,gcp,2026-08-11T07:00:00Z,us-east4,42FC-6C94-AD82,RTX 6000 96GB,RTX PRO 6000,1,spot,USD,0.4383,GPU Per Hour,0.4383,accelerator_only,"bare accelerator price; Google bills vCPU and RAM separately, so this is NOT comparable to Oracle or Azure"
2026-08-11T12:08:03+00:00,gcp,2026-08-11T07:00:00Z,europe-west6,42FF-3834-849D,g2-standard-4,L4,1,spot,USD,0.585476,GPU Per Hour,0.585476,machine_inclusive,accelerator $0.4701/GPU-hr plus 4 vCPU and 16 GB RAM
2026-08-11T12:08:03+00:00,gcp,2026-08-11T07:00:00Z,europe-west6,42FF-3834-849D,g2-standard-8,L4,1,spot,USD,0.700852,GPU Per Hour,0.700852,machine_inclusive,accelerator $0.4701/GPU-hr plus 8 vCPU and 32 GB RAM
2026-08-11T12:08:03+00:00,gcp,2026-08-11T07:00:00Z,europe-west6,42FF-3834-849D,g2-standard-12,L4,1,spot,USD,0.816228,GPU Per Hour,0.816228,machine_inclusive,accelerator $0.4701/GPU-hr plus 12 vCPU and 48 GB RAM
2026-08-11T12:08:03+00:00,gcp,2026-08-11T07:00:00Z,europe-west6,42FF-3834-849D,g2-standard-16,L4,1,spot,USD,0.931604,GPU Per Hour,0.931604,machine_inclusive,accelerator $0.4701/GPU-hr plus 16 vCPU and 64 GB RAM
2026-08-11T12:08:03+00:00,gcp,2026-08-11T07:00:00Z,europe-west6,42FF-3834-849D,g2-standard-24,L4,2,spot,USD,1.632456,Machine Per Hour,0.816228,machine_inclusive,accelerator $0.4701/GPU-hr plus 24 vCPU and 96 GB RAM
2026-08-11T12:08:03+00:00,gcp,2026-08-11T07:00:00Z,europe-west6,42FF-3834-849D,g2-standard-32,L4,1,spot,USD,1.393108,GPU Per Hour,1.393108,machine_inclusive,accelerator $0.4701/GPU-hr plus 32 vCPU and 128 GB RAM
2026-08-11T12:08:03+00:00,gcp,2026-08-11T07:00:00Z,europe-west6,42FF-3834-849D,g2-standard-48,L4,4,spot,USD,3.264912,Machine Per Hour,0.816228,machine_inclusive,accelerator $0.4701/GPU-hr plus 48 vCPU and 192 GB RAM
2026-08-11T12:08:03+00:00,gcp,2026-08-11T07:00:00Z,europe-west6,42FF-3834-849D,g2-standard-96,L4,8,spot,USD,6.529824,Machine Per Hour,0.816228,machine_inclusive,accelerator $0.4701/GPU-hr plus 96 vCPU and 384 GB RAM
2026-08-11T12:08:03+00:00,gcp,2026-08-11T07:00:00Z,europe-west8,4313-B029-647E,Nvidia Tesla T4 GPU,T4,1,3_year,USD,0.1856,GPU Per Hour,0.1856,accelerator_only,"bare accelerator price; Google bills vCPU and RAM separately, so this is NOT comparable to Oracle or Azure"
2026-08-11T12:08:03+00:00,gcp,2026-08-11T07:00:00Z,europe-west10,431C-DC83-2FBC,a3-highgpu-8g,H100,8,1_year,USD,93.892956,Machine Per Hour,11.736619,machine_inclusive,accelerator $10.4702/GPU-hr plus 208 vCPU and 1872 GB RAM
2026-08-11T12:08:03+00:00,gcp,2026-08-11T07:00:00Z,us-central1,4336-0D85-566C,Nvidia Tesla V100 GPU,V100,1,spot,USD,1.2923,GPU Per Hour,1.2923,accelerator_only,"bare accelerator price; Google bills vCPU and RAM separately, so this is NOT comparable to Oracle or Azure"
2026-08-11T12:08:03+00:00,gcp,2026-08-11T07:00:00Z,us-east1,4336-0D85-566C,Nvidia Tesla V100 GPU,V100,1,spot,USD,1.2923,GPU Per Hour,1.2923,accelerator_only,"bare accelerator price; Google bills vCPU and RAM separately, so this is NOT comparable to Oracle or Azure"
2026-08-11T12:08:03+00:00,gcp,2026-08-11T07:00:00Z,us-west1,4336-0D85-566C,Nvidia Tesla V100 GPU,V100,1,spot,USD,1.2923,GPU Per Hour,1.2923,accelerator_only,"bare accelerator price; Google bills vCPU and RAM separately, so this is NOT comparable to Oracle or Azure"
2026-08-11T12:08:03+00:00,gcp,2026-08-11T07:00:00Z,asia-south1,4369-C1A5-857A,a3-highgpu-8g,H100,8,on_demand,USD,91.345744,Machine Per Hour,11.418218,machine_inclusive,accelerator $10.1884/GPU-hr plus 208 vCPU and 1872 GB RAM
2026-08-11T12:08:03+00:00,gcp,2026-08-11T07:00:00Z,europe-west12,4390-18EF-01F8,Nvidia Tesla T4 GPU,T4,1,1_year,USD,0.2838,GPU Per Hour,0.2838,accelerator_only,"bare accelerator price; Google bills vCPU and RAM separately, so this is NOT comparable to Oracle or Azure"
2026-08-11T12:08:03+00:00,gcp,2026-08-11T07:00:00Z,australia-southeast1,439A-AA6C-85F2,Nvidia Tesla T4 GPU,T4,1,1_year,USD,0.28,GPU Per Hour,0.28,accelerator_only,"bare accelerator price; Google bills vCPU and RAM separately, so this is NOT comparable to Oracle or Azure"
2026-08-11T12:08:03+00:00,gcp,2026-08-11T07:00:00Z,southamerica-west1,43E5-82DD-057A,g2-standard-4,L4,1,on_demand,USD,1.01077,GPU Per Hour,1.01077,machine_inclusive,accelerator $0.8009/GPU-hr plus 4 vCPU and 16 GB RAM
2026-08-11T12:08:03+00:00,gcp,2026-08-11T07:00:00Z,southamerica-west1,43E5-82DD-057A,g2-standard-8,L4,1,on_demand,USD,1.220683,GPU Per Hour,1.220683,machine_inclusive,accelerator $0.8009/GPU-hr plus 8 vCPU and 32 GB RAM
2026-08-11T12:08:03+00:00,gcp,2026-08-11T07:00:00Z,southamerica-west1,43E5-82DD-057A,g2-standard-12,L4,1,on_demand,USD,1.430595,GPU Per Hour,1.430595,machine_inclusive,accelerator $0.8009/GPU-hr plus 12 vCPU and 48 GB RAM
2026-08-11T12:08:03+00:00,gcp,2026-08-11T07:00:00Z,southamerica-west1,43E5-82DD-057A,g2-standard-16,L4,1,on_demand,USD,1.640508,GPU Per Hour,1.640508,machine_inclusive,accelerator $0.8009/GPU-hr plus 16 vCPU and 64 GB RAM
2026-08-11T12:08:03+00:00,gcp,2026-08-11T07:00:00Z,southamerica-west1,43E5-82DD-057A,g2-standard-24,L4,2,on_demand,USD,2.86119,Machine Per Hour,1.430595,machine_inclusive,accelerator $0.8009/GPU-hr plus 24 vCPU and 96 GB RAM
2026-08-11T12:08:03+00:00,gcp,2026-08-11T07:00:00Z,southamerica-west1,43E5-82DD-057A,g2-standard-32,L4,1,on_demand,USD,2.480158,GPU Per Hour,2.480158,machine_inclusive,accelerator $0.8009/GPU-hr plus 32 vCPU and 128 GB RAM
2026-08-11T12:08:03+00:00,gcp,2026-08-11T07:00:00Z,southamerica-west1,43E5-82DD-057A,g2-standard-48,L4,4,on_demand,USD,5.722381,Machine Per Hour,1.430595,machine_inclusive,accelerator $0.8009/GPU-hr plus 48 vCPU and 192 GB RAM
2026-08-11T12:08:03+00:00,gcp,2026-08-11T07:00:00Z,southamerica-west1,43E5-82DD-057A,g2-standard-96,L4,8,on_demand,USD,11.444762,Machine Per Hour,1.430595,machine_inclusive,accelerator $0.8009/GPU-hr plus 96 vCPU and 384 GB RAM
2026-08-11T12:08:03+00:00,gcp,2026-08-11T07:00:00Z,us-east5,44F3-4572-E109,a3-highgpu-8g,H100,8,spot,USD,42.600032,Machine Per Hour,5.325004,machine_inclusive,accelerator $4.7516/GPU-hr plus 208 vCPU and 1872 GB RAM
2026-08-11T12:08:03+00:00,gcp,2026-08-11T07:00:00Z,asia-southeast1,4515-00E4-CD9D,a3-highgpu-8g,H100,8,3_year,USD,49.862615,Machine Per Hour,6.232827,machine_inclusive,accelerator $5.5899/GPU-hr plus 208 vCPU and 1872 GB RAM
2026-08-11T12:08:03+00:00,gcp,2026-08-11T07:00:00Z,us-west1,455B-5067-C961,a3-ultragpu-8g,H200,8,on_demand,USD,83.49184,Machine Per Hour,10.43648,machine_inclusive,accelerator $9.3117/GPU-hr plus 224 vCPU and 2952 GB RAM
2026-08-11T12:08:03+00:00,gcp,2026-08-11T07:00:00Z,us-central1,455B-5067-C961,a3-ultragpu-8g,H200,8,on_demand,USD,83.49184,Machine Per Hour,10.43648,machine_inclusive,accelerator $9.3117/GPU-hr plus 224 vCPU and 2952 GB RAM
2026-08-11T12:08:03+00:00,gcp,2026-08-11T07:00:00Z,us-east1,455B-5067-C961,a3-ultragpu-8g,H200,8,on_demand,USD,83.49184,Machine Per Hour,10.43648,machine_inclusive,accelerator $9.3117/GPU-hr plus 224 vCPU and 2952 GB RAM
2026-08-11T12:08:03+00:00,gcp,2026-08-11T07:00:00Z,us-west2,455E-02FE-F1F8,g2-standard-4,L4,1,on_demand,USD,0.849683,GPU Per Hour,0.849683,machine_inclusive,accelerator $0.6732/GPU-hr plus 4 vCPU and 16 GB RAM
2026-08-11T12:08:03+00:00,gcp,2026-08-11T07:00:00Z,us-west2,455E-02FE-F1F8,g2-standard-8,L4,1,on_demand,USD,1.026142,GPU Per Hour,1.026142,machine_inclusive,accelerator $0.6732/GPU-hr plus 8 vCPU and 32 GB RAM
2026-08-11T12:08:03+00:00,gcp,2026-08-11T07:00:00Z,us-west2,455E-02FE-F1F8,g2-standard-12,L4,1,on_demand,USD,1.2026,GPU Per Hour,1.2026,machine_inclusive,accelerator $0.6732/GPU-hr plus 12 vCPU and 48 GB RAM
2026-08-11T12:08:03+00:00,gcp,2026-08-11T07:00:00Z,us-west2,455E-02FE-F1F8,g2-standard-16,L4,1,on_demand,USD,1.379059,GPU Per Hour,1.379059,machine_inclusive,accelerator $0.6732/GPU-hr plus 16 vCPU and 64 GB RAM
2026-08-11T12:08:03+00:00,gcp,2026-08-11T07:00:00Z,us-west2,455E-02FE-F1F8,g2-standard-24,L4,2,on_demand,USD,2.405201,Machine Per Hour,1.2026,machine_inclusive,accelerator $0.6732/GPU-hr plus 24 vCPU and 96 GB RAM
2026-08-11T12:08:03+00:00,gcp,2026-08-11T07:00:00Z,us-west2,455E-02FE-F1F8,g2-standard-32,L4,1,on_demand,USD,2.084894,GPU Per Hour,2.084894,machine_inclusive,accelerator $0.6732/GPU-hr plus 32 vCPU and 128 GB RAM
2026-08-11T12:08:03+00:00,gcp,2026-08-11T07:00:00Z,us-west2,455E-02FE-F1F8,g2-standard-48,L4,4,on_demand,USD,4.810402,Machine Per Hour,1.2026,machine_inclusive,accelerator $0.6732/GPU-hr plus 48 vCPU and 192 GB RAM
2026-08-11T12:08:03+00:00,gcp,2026-08-11T07:00:00Z,us-west2,455E-02FE-F1F8,g2-standard-96,L4,8,on_demand,USD,9.620804,Machine Per Hour,1.2026,machine_inclusive,accelerator $0.6732/GPU-hr plus 96 vCPU and 384 GB RAM
2026-08-11T12:08:03+00:00,gcp,2026-08-11T07:00:00Z,australia-southeast1,456C-5B23-007B,Nvidia Tesla T4 GPU,T4,1,3_year,USD,0.2,GPU Per Hour,0.2,accelerator_only,"bare accelerator price; Google bills vCPU and RAM separately, so this is NOT comparable to Oracle or Azure"
2026-08-11T12:08:03+00:00,gcp,2026-08-11T07:00:00Z,us-east5,45F9-DAE7-D44D,1/8 vGPU no lssd,,,on_demand,USD,0.71157,GPU Per Hour,,,accelerator not in the lookup table -- add it to gcp.py
2026-08-11T12:08:03+00:00,gcp,2026-08-11T07:00:00Z,asia-northeast3,461F-C88F-1557,g2-standard-4,L4,1,1_year,USD,0.57186,GPU Per Hour,0.57186,machine_inclusive,accelerator $0.4531/GPU-hr plus 4 vCPU and 16 GB RAM
2026-08-11T12:08:03+00:00,gcp,2026-08-11T07:00:00Z,asia-northeast3,461F-C88F-1557,g2-standard-8,L4,1,1_year,USD,0.690621,GPU Per Hour,0.690621,machine_inclusive,accelerator $0.4531/GPU-hr plus 8 vCPU and 32 GB RAM
2026-08-11T12:08:03+00:00,gcp,2026-08-11T07:00:00Z,asia-northeast3,461F-C88F-1557,g2-standard-12,L4,1,1_year,USD,0.809383,GPU Per Hour,0.809383,machine_inclusive,accelerator $0.4531/GPU-hr plus 12 vCPU and 48 GB RAM
2026-08-11T12:08:03+00:00,gcp,2026-08-11T07:00:00Z,asia-northeast3,461F-C88F-1557,g2-standard-16,L4,1,1_year,USD,0.928144,GPU Per Hour,0.928144,machine_inclusive,accelerator $0.4531/GPU-hr plus 16 vCPU and 64 GB RAM
2026-08-11T12:08:03+00:00,gcp,2026-08-11T07:00:00Z,asia-northeast3,461F-C88F-1557,g2-standard-24,L4,2,1_year,USD,1.618766,Machine Per Hour,0.809383,machine_inclusive,accelerator $0.4531/GPU-hr plus 24 vCPU and 96 GB RAM
2026-08-11T12:08:03+00:00,gcp,2026-08-11T07:00:00Z,asia-northeast3,461F-C88F-1557,g2-standard-32,L4,1,1_year,USD,1.40319,GPU Per Hour,1.40319,machine_inclusive,accelerator $0.4531/GPU-hr plus 32 vCPU and 128 GB RAM
2026-08-11T12:08:03+00:00,gcp,2026-08-11T07:00:00Z,asia-northeast3,461F-C88F-1557,g2-standard-48,L4,4,1_year,USD,3.237531,Machine Per Hour,0.809383,machine_inclusive,accelerator $0.4531/GPU-hr plus 48 vCPU and 192 GB RAM
2026-08-11T12:08:03+00:00,gcp,2026-08-11T07:00:00Z,asia-northeast3,461F-C88F-1557,g2-standard-96,L4,8,1_year,USD,6.475062,Machine Per Hour,0.809383,machine_inclusive,accelerator $0.4531/GPU-hr plus 96 vCPU and 384 GB RAM
2026-08-11T12:08:03+00:00,gcp,2026-08-11T07:00:00Z,asia-northeast3,4650-DF12-3C34,A4 Nvidia B200 (1 gpu slice),B200,1,spot,USD,2.4091,GPU Per Hour,2.4091,machine_inclusive,Google publishes no separate A4 vCPU/RAM SKUs -- the per-slice price already covers the whole machine
2026-08-11T12:08:03+00:00,gcp,2026-08-11T07:00:00Z,us-east4,466C-1797-4CE1,a3-megagpu-8g,H100 Mega,8,on_demand,USD,92.743213,Machine Per Hour,11.592902,machine_inclusive,accelerator $10.3443/GPU-hr plus 208 vCPU and 1872 GB RAM
2026-08-11T12:08:03+00:00,gcp,2026-08-11T07:00:00Z,us-west3,46C9-1928-9AC7,Nvidia Tesla P100 GPU,P100,1,spot,USD,0.4424,GPU Per Hour,0.4424,accelerator_only,"bare accelerator price; Google bills vCPU and RAM separately, so this is NOT comparable to Oracle or Azure"
2026-08-11T12:08:03+00:00,gcp,2026-08-11T07:00:00Z,us-east4,46CF-72FB-88FD,a3-megagpu-8g,H100 Mega,8,spot,USD,24.565024,Machine Per Hour,3.070628,machine_inclusive,accelerator $2.7397/GPU-hr plus 208 vCPU and 1872 GB RAM
2026-08-11T12:08:03+00:00,gcp,2026-08-11T07:00:00Z,us-west4,470D-3318-140D,Nvidia Tesla V100 GPU,V100,1,3_year,USD,1.116,GPU Per Hour,1.116,accelerator_only,"bare accelerator price; Google bills vCPU and RAM separately, so this is NOT comparable to Oracle or Azure"
2026-08-11T12:08:03+00:00,gcp,2026-08-11T07:00:00Z,asia-southeast1,4776-3867-AECF,Nvidia Tesla P4 GPU,P4,1,1_year,USD,0.409,GPU Per Hour,0.409,accelerator_only,"bare accelerator price; Google bills vCPU and RAM separately, so this is NOT comparable to Oracle or Azure"
2026-08-11T12:08:03+00:00,gcp,2026-08-11T07:00:00Z,africa-south1,47AD-5ED1-71DE,Nvidia Tesla V100 GPU,V100,1,on_demand,USD,3.24384,GPU Per Hour,3.24384,accelerator_only,"bare accelerator price; Google bills vCPU and RAM separately, so this is NOT comparable to Oracle or Azure"
2026-08-11T12:08:03+00:00,gcp,2026-08-11T07:00:00Z,asia-east1,47E6-F32C-4638,Nvidia Tesla P100 GPU,P100,1,spot,USD,0.144,GPU Per Hour,0.144,accelerator_only,"bare accelerator price; Google bills vCPU and RAM separately, so this is NOT comparable to Oracle or Azure"
2026-08-11T12:08:03+00:00,gcp,2026-08-11T07:00:00Z,asia-northeast2,4802-7F23-0CBD,a3-highgpu-8g,H100,8,3_year,USD,49.529659,Machine Per Hour,6.191207,machine_inclusive,accelerator $5.5219/GPU-hr plus 208 vCPU and 1872 GB RAM
2026-08-11T12:08:03+00:00,gcp,2026-08-11T07:00:00Z,australia-southeast2,485F-D31B-60F6,Nvidia Tesla P4 GPU,P4,1,3_year,USD,0.3834,GPU Per Hour,0.3834,accelerator_only,"bare accelerator price; Google bills vCPU and RAM separately, so this is NOT comparable to Oracle or Azure"
2026-08-11T12:08:03+00:00,gcp,2026-08-11T07:00:00Z,us-south1,488E-4CBD-C03F,a2-highgpu-1g,A100,1,on_demand,USD,4.334594,GPU Per Hour,4.334594,machine_inclusive,accelerator $3.4620/GPU-hr plus 12 vCPU and 85 GB RAM
2026-08-11T12:08:03+00:00,gcp,2026-08-11T07:00:00Z,us-south1,488E-4CBD-C03F,a2-highgpu-2g,A100,2,on_demand,USD,8.669188,Machine Per Hour,4.334594,machine_inclusive,accelerator $3.4620/GPU-hr plus 24 vCPU and 170 GB RAM
2026-08-11T12:08:03+00:00,gcp,2026-08-11T07:00:00Z,us-south1,488E-4CBD-C03F,a2-highgpu-4g,A100,4,on_demand,USD,17.338375,Machine Per Hour,4.334594,machine_inclusive,accelerator $3.4620/GPU-hr plus 48 vCPU and 340 GB RAM
2026-08-11T12:08:03+00:00,gcp,2026-08-11T07:00:00Z,us-south1,488E-4CBD-C03F,a2-highgpu-8g,A100,8,on_demand,USD,34.676751,Machine Per Hour,4.334594,machine_inclusive,accelerator $3.4620/GPU-hr plus 96 vCPU and 680 GB RAM
2026-08-11T12:08:03+00:00,gcp,2026-08-11T07:00:00Z,us-south1,488E-4CBD-C03F,a2-megagpu-16g,A100,16,on_demand,USD,65.772608,Machine Per Hour,4.110788,machine_inclusive,accelerator $3.4620/GPU-hr plus 96 vCPU and 1360 GB RAM
2026-08-11T12:08:03+00:00,gcp,2026-08-11T07:00:00Z,asia-southeast1,48A2-C25F-A2B9,a3-megagpu-8g,H100 Mega,8,on_demand,USD,120.566146,Machine Per Hour,15.070768,machine_inclusive,accelerator $13.4476/GPU-hr plus 208 vCPU and 1872 GB RAM
2026-08-11T12:08:03+00:00,gcp,2026-08-11T07:00:00Z,us-east1,48A3-47D3-D4F7,RTX 6000 96GB,RTX PRO 6000,1,on_demand,USD,1.09565,GPU Per Hour,1.09565,accelerator_only,"bare accelerator price; Google bills vCPU and RAM separately, so this is NOT comparable to Oracle or Azure"
2026-08-11T12:08:03+00:00,gcp,2026-08-11T07:00:00Z,me-west1,48B3-B8C4-BD06,a2-ultragpu-1g,A100,1,3_year,USD,3.829655,GPU Per Hour,3.829655,machine_inclusive,accelerator $3.4062/GPU-hr plus 12 vCPU and 170 GB RAM
2026-08-11T12:08:03+00:00,gcp,2026-08-11T07:00:00Z,me-west1,48B3-B8C4-BD06,a2-ultragpu-2g,A100,2,3_year,USD,7.65931,Machine Per Hour,3.829655,machine_inclusive,accelerator $3.4062/GPU-hr plus 24 vCPU and 340 GB RAM
2026-08-11T12:08:03+00:00,gcp,2026-08-11T07:00:00Z,me-west1,48B3-B8C4-BD06,a2-ultragpu-4g,A100,4,3_year,USD,15.318619,Machine Per Hour,3.829655,machine_inclusive,accelerator $3.4062/GPU-hr plus 48 vCPU and 680 GB RAM
2026-08-11T12:08:03+00:00,gcp,2026-08-11T07:00:00Z,me-west1,48B3-B8C4-BD06,a2-ultragpu-8g,A100,8,3_year,USD,30.637239,Machine Per Hour,3.829655,machine_inclusive,accelerator $3.4062/GPU-hr plus 96 vCPU and 1360 GB RAM
2026-08-11T12:08:03+00:00,gcp,2026-08-11T07:00:00Z,asia-east2,48E6-02FC-D192,Nvidia Tesla T4 GPU,T4,1,1_year,USD,0.28,GPU Per Hour,0.28,accelerator_only,"bare accelerator price; Google bills vCPU and RAM separately, so this is NOT comparable to Oracle or Azure"
2026-08-11T12:08:03+00:00,gcp,2026-08-11T07:00:00Z,europe-central2,48F0-0BA2-707C,a2-ultragpu-1g,A100,1,3_year,USD,4.485531,GPU Per Hour,4.485531,machine_inclusive,accelerator $3.9896/GPU-hr plus 12 vCPU and 170 GB RAM
2026-08-11T12:08:03+00:00,gcp,2026-08-11T07:00:00Z,europe-central2,48F0-0BA2-707C,a2-ultragpu-2g,A100,2,3_year,USD,8.971062,Machine Per Hour,4.485531,machine_inclusive,accelerator $3.9896/GPU-hr plus 24 vCPU and 340 GB RAM
2026-08-11T12:08:03+00:00,gcp,2026-08-11T07:00:00Z,europe-central2,48F0-0BA2-707C,a2-ultragpu-4g,A100,4,3_year,USD,17.942124,Machine Per Hour,4.485531,machine_inclusive,accelerator $3.9896/GPU-hr plus 48 vCPU and 680 GB RAM
2026-08-11T12:08:03+00:00,gcp,2026-08-11T07:00:00Z,europe-central2,48F0-0BA2-707C,a2-ultragpu-8g,A100,8,3_year,USD,35.884247,Machine Per Hour,4.485531,machine_inclusive,accelerator $3.9896/GPU-hr plus 96 vCPU and 1360 GB RAM
2026-08-11T12:08:03+00:00,gcp,2026-08-11T07:00:00Z,us-west8,493A-5851-FD55,Nvidia Tesla P4 GPU,P4,1,on_demand,USD,0.6,GPU Per Hour,0.6,accelerator_only,"bare accelerator price; Google bills vCPU and RAM separately, so this is NOT comparable to Oracle or Azure"
2026-08-11T12:08:03+00:00,gcp,2026-08-11T07:00:00Z,europe-north1,49E5-35C9-E167,1/8 vGPU,,,1_year,USD,0.49097,GPU Per Hour,,,accelerator not in the lookup table -- add it to gcp.py
2026-08-11T12:08:03+00:00,gcp,2026-08-11T07:00:00Z,me-west1,4A11-7853-107A,g2-standard-4,L4,1,1_year,USD,0.489835,GPU Per Hour,0.489835,machine_inclusive,accelerator $0.3881/GPU-hr plus 4 vCPU and 16 GB RAM
2026-08-11T12:08:03+00:00,gcp,2026-08-11T07:00:00Z,me-west1,4A11-7853-107A,g2-standard-8,L4,1,1_year,USD,0.591562,GPU Per Hour,0.591562,machine_inclusive,accelerator $0.3881/GPU-hr plus 8 vCPU and 32 GB RAM
2026-08-11T12:08:03+00:00,gcp,2026-08-11T07:00:00Z,me-west1,4A11-7853-107A,g2-standard-12,L4,1,1_year,USD,0.693289,GPU Per Hour,0.693289,machine_inclusive,accelerator $0.3881/GPU-hr plus 12 vCPU and 48 GB RAM
2026-08-11T12:08:03+00:00,gcp,2026-08-11T07:00:00Z,me-west1,4A11-7853-107A,g2-standard-16,L4,1,1_year,USD,0.795015,GPU Per Hour,0.795015,machine_inclusive,accelerator $0.3881/GPU-hr plus 16 vCPU and 64 GB RAM
2026-08-11T12:08:03+00:00,gcp,2026-08-11T07:00:00Z,me-west1,4A11-7853-107A,g2-standard-24,L4,2,1_year,USD,1.386577,Machine Per Hour,0.693289,machine_inclusive,accelerator $0.3881/GPU-hr plus 24 vCPU and 96 GB RAM
2026-08-11T12:08:03+00:00,gcp,2026-08-11T07:00:00Z,me-west1,4A11-7853-107A,g2-standard-32,L4,1,1_year,USD,1.201923,GPU Per Hour,1.201923,machine_inclusive,accelerator $0.3881/GPU-hr plus 32 vCPU and 128 GB RAM
2026-08-11T12:08:03+00:00,gcp,2026-08-11T07:00:00Z,me-west1,4A11-7853-107A,g2-standard-48,L4,4,1_year,USD,2.773154,Machine Per Hour,0.693289,machine_inclusive,accelerator $0.3881/GPU-hr plus 48 vCPU and 192 GB RAM
2026-08-11T12:08:03+00:00,gcp,2026-08-11T07:00:00Z,me-west1,4A11-7853-107A,g2-standard-96,L4,8,1_year,USD,5.546308,Machine Per Hour,0.693289,machine_inclusive,accelerator $0.3881/GPU-hr plus 96 vCPU and 384 GB RAM
2026-08-11T12:08:03+00:00,gcp,2026-08-11T07:00:00Z,europe-central2,4A21-3704-3BFE,g2-standard-4,L4,1,3_year,USD,0.404624,GPU Per Hour,0.404624,machine_inclusive,accelerator $0.3247/GPU-hr plus 4 vCPU and 16 GB RAM
2026-08-11T12:08:03+00:00,gcp,2026-08-11T07:00:00Z,europe-central2,4A21-3704-3BFE,g2-standard-8,L4,1,3_year,USD,0.484548,GPU Per Hour,0.484548,machine_inclusive,accelerator $0.3247/GPU-hr plus 8 vCPU and 32 GB RAM
2026-08-11T12:08:03+00:00,gcp,2026-08-11T07:00:00Z,europe-central2,4A21-3704-3BFE,g2-standard-12,L4,1,3_year,USD,0.564472,GPU Per Hour,0.564472,machine_inclusive,accelerator $0.3247/GPU-hr plus 12 vCPU and 48 GB RAM
2026-08-11T12:08:03+00:00,gcp,2026-08-11T07:00:00Z,europe-central2,4A21-3704-3BFE,g2-standard-16,L4,1,3_year,USD,0.644396,GPU Per Hour,0.644396,machine_inclusive,accelerator $0.3247/GPU-hr plus 16 vCPU and 64 GB RAM
2026-08-11T12:08:03+00:00,gcp,2026-08-11T07:00:00Z,europe-central2,4A21-3704-3BFE,g2-standard-24,L4,2,3_year,USD,1.128945,Machine Per Hour,0.564472,machine_inclusive,accelerator $0.3247/GPU-hr plus 24 vCPU and 96 GB RAM
2026-08-11T12:08:03+00:00,gcp,2026-08-11T07:00:00Z,europe-central2,4A21-3704-3BFE,g2-standard-32,L4,1,3_year,USD,0.964093,GPU Per Hour,0.964093,machine_inclusive,accelerator $0.3247/GPU-hr plus 32 vCPU and 128 GB RAM
2026-08-11T12:08:03+00:00,gcp,2026-08-11T07:00:00Z,europe-central2,4A21-3704-3BFE,g2-standard-48,L4,4,3_year,USD,2.257889,Machine Per Hour,0.564472,machine_inclusive,accelerator $0.3247/GPU-hr plus 48 vCPU and 192 GB RAM
2026-08-11T12:08:03+00:00,gcp,2026-08-11T07:00:00Z,europe-central2,4A21-3704-3BFE,g2-standard-96,L4,8,3_year,USD,4.515779,Machine Per Hour,0.564472,machine_inclusive,accelerator $0.3247/GPU-hr plus 96 vCPU and 384 GB RAM
2026-08-11T12:08:03+00:00,gcp,2026-08-11T07:00:00Z,me-central2,4A33-560B-929C,Nvidia Tesla T4 GPU,T4,1,on_demand,USD,0.56,GPU Per Hour,0.56,accelerator_only,"bare accelerator price; Google bills vCPU and RAM separately, so this is NOT comparable to Oracle or Azure"
2026-08-11T12:08:03+00:00,gcp,2026-08-11T07:00:00Z,us-east4,4A48-8159-BA2C,1/8 vGPU no lssd,,,on_demand,USD,0.64688,GPU Per Hour,,,accelerator not in the lookup table -- add it to gcp.py
2026-08-11T12:08:03+00:00,gcp,2026-08-11T07:00:00Z,europe-west1,4A4C-5C8F-A6AB,g2-standard-4,L4,1,1_year,USD,0.490325,GPU Per Hour,0.490325,machine_inclusive,accelerator $0.3885/GPU-hr plus 4 vCPU and 16 GB RAM
2026-08-11T12:08:03+00:00,gcp,2026-08-11T07:00:00Z,europe-west1,4A4C-5C8F-A6AB,g2-standard-8,L4,1,1_year,USD,0.592153,GPU Per Hour,0.592153,machine_inclusive,accelerator $0.3885/GPU-hr plus 8 vCPU and 32 GB RAM
2026-08-11T12:08:03+00:00,gcp,2026-08-11T07:00:00Z,europe-west1,4A4C-5C8F-A6AB,g2-standard-12,L4,1,1_year,USD,0.693982,GPU Per Hour,0.693982,machine_inclusive,accelerator $0.3885/GPU-hr plus 12 vCPU and 48 GB RAM
2026-08-11T12:08:03+00:00,gcp,2026-08-11T07:00:00Z,europe-west1,4A4C-5C8F-A6AB,g2-standard-16,L4,1,1_year,USD,0.79581,GPU Per Hour,0.79581,machine_inclusive,accelerator $0.3885/GPU-hr plus 16 vCPU and 64 GB RAM
2026-08-11T12:08:03+00:00,gcp,2026-08-11T07:00:00Z,europe-west1,4A4C-5C8F-A6AB,g2-standard-24,L4,2,1_year,USD,1.387964,Machine Per Hour,0.693982,machine_inclusive,accelerator $0.3885/GPU-hr plus 24 vCPU and 96 GB RAM
2026-08-11T12:08:03+00:00,gcp,2026-08-11T07:00:00Z,europe-west1,4A4C-5C8F-A6AB,g2-standard-32,L4,1,1_year,USD,1.203125,GPU Per Hour,1.203125,machine_inclusive,accelerator $0.3885/GPU-hr plus 32 vCPU and 128 GB RAM
2026-08-11T12:08:03+00:00,gcp,2026-08-11T07:00:00Z,europe-west1,4A4C-5C8F-A6AB,g2-standard-48,L4,4,1_year,USD,2.775927,Machine Per Hour,0.693982,machine_inclusive,accelerator $0.3885/GPU-hr plus 48 vCPU and 192 GB RAM
2026-08-11T12:08:03+00:00,gcp,2026-08-11T07:00:00Z,europe-west1,4A4C-5C8F-A6AB,g2-standard-96,L4,8,1_year,USD,5.551855,Machine Per Hour,0.693982,machine_inclusive,accelerator $0.3885/GPU-hr plus 96 vCPU and 384 GB RAM
2026-08-11T12:08:03+00:00,gcp,2026-08-11T07:00:00Z,australia-southeast1,4A80-1965-4B76,a2-highgpu-1g,A100,1,spot,USD,0.429565,GPU Per Hour,0.429565,machine_inclusive,accelerator $0.3344/GPU-hr plus 12 vCPU and 85 GB RAM
2026-08-11T12:08:03+00:00,gcp,2026-08-11T07:00:00Z,australia-southeast1,4A80-1965-4B76,a2-highgpu-2g,A100,2,spot,USD,0.85913,Machine Per Hour,0.429565,machine_inclusive,accelerator $0.3344/GPU-hr plus 24 vCPU and 170 GB RAM
2026-08-11T12:08:03+00:00,gcp,2026-08-11T07:00:00Z,australia-southeast1,4A80-1965-4B76,a2-highgpu-4g,A100,4,spot,USD,1.71826,Machine Per Hour,0.429565,machine_inclusive,accelerator $0.3344/GPU-hr plus 48 vCPU and 340 GB RAM
2026-08-11T12:08:03+00:00,gcp,2026-08-11T07:00:00Z,australia-southeast1,4A80-1965-4B76,a2-highgpu-8g,A100,8,spot,USD,3.43652,Machine Per Hour,0.429565,machine_inclusive,accelerator $0.3344/GPU-hr plus 96 vCPU and 680 GB RAM
2026-08-11T12:08:03+00:00,gcp,2026-08-11T07:00:00Z,australia-southeast1,4A80-1965-4B76,a2-megagpu-16g,A100,16,spot,USD,6.48232,Machine Per Hour,0.405145,machine_inclusive,accelerator $0.3344/GPU-hr plus 96 vCPU and 1360 GB RAM
2026-08-11T12:08:03+00:00,gcp,2026-08-11T07:00:00Z,asia-southeast1,4AA3-653A-167B,RTX 6000 96GB,RTX PRO 6000,1,spot,USD,0.5259,GPU Per Hour,0.5259,accelerator_only,"bare accelerator price; Google bills vCPU and RAM separately, so this is NOT comparable to Oracle or Azure"
2026-08-11T12:08:03+00:00,gcp,2026-08-11T07:00:00Z,europe-west8,4B16-75A7-D03E,Nvidia Tesla P4 GPU,P4,1,spot,USD,0.075,GPU Per Hour,0.075,accelerator_only,"bare accelerator price; Google bills vCPU and RAM separately, so this is NOT comparable to Oracle or Azure"
2026-08-11T12:08:03+00:00,gcp,2026-08-11T07:00:00Z,us-central1,4B1D-02F4-9D11,RTX 6000 96GB,RTX PRO 6000,1,3_year,USD,0.48209,GPU Per Hour,0.48209,accelerator_only,"bare accelerator price; Google bills vCPU and RAM separately, so this is NOT comparable to Oracle or Azure"
2026-08-11T12:08:03+00:00,gcp,2026-08-11T07:00:00Z,us-south1,4B23-69F3-3F06,A4 Nvidia B200 (1 gpu slice),B200,1,spot,USD,4.4936,GPU Per Hour,4.4936,machine_inclusive,Google publishes no separate A4 vCPU/RAM SKUs -- the per-slice price already covers the whole machine
2026-08-11T12:08:03+00:00,gcp,2026-08-11T07:00:00Z,us-east4,4B50-C79C-9114,a3-ultragpu-8g,H200,8,on_demand,USD,83.49184,Machine Per Hour,10.43648,machine_inclusive,accelerator $9.3117/GPU-hr plus 224 vCPU and 2952 GB RAM
2026-08-11T12:08:03+00:00,gcp,2026-08-11T07:00:00Z,us-east5,4B87-5D3D-DB6C,Nvidia Tesla P4 GPU,P4,1,spot,USD,0.0647,GPU Per Hour,0.0647,accelerator_only,"bare accelerator price; Google bills vCPU and RAM separately, so this is NOT comparable to Oracle or Azure"
2026-08-11T12:08:03+00:00,gcp,2026-08-11T07:00:00Z,asia-east1,4B93-4D86-2079,g2-standard-4,L4,1,spot,USD,0.4469,GPU Per Hour,0.4469,machine_inclusive,accelerator $0.3541/GPU-hr plus 4 vCPU and 16 GB RAM
2026-08-11T12:08:03+00:00,gcp,2026-08-11T07:00:00Z,asia-east1,4B93-4D86-2079,g2-standard-8,L4,1,spot,USD,0.5397,GPU Per Hour,0.5397,machine_inclusive,accelerator $0.3541/GPU-hr plus 8 vCPU and 32 GB RAM
2026-08-11T12:08:03+00:00,gcp,2026-08-11T07:00:00Z,asia-east1,4B93-4D86-2079,g2-standard-12,L4,1,spot,USD,0.6325,GPU Per Hour,0.6325,machine_inclusive,accelerator $0.3541/GPU-hr plus 12 vCPU and 48 GB RAM
2026-08-11T12:08:03+00:00,gcp,2026-08-11T07:00:00Z,asia-east1,4B93-4D86-2079,g2-standard-16,L4,1,spot,USD,0.7253,GPU Per Hour,0.7253,machine_inclusive,accelerator $0.3541/GPU-hr plus 16 vCPU and 64 GB RAM
2026-08-11T12:08:03+00:00,gcp,2026-08-11T07:00:00Z,asia-east1,4B93-4D86-2079,g2-standard-24,L4,2,spot,USD,1.265,Machine Per Hour,0.6325,machine_inclusive,accelerator $0.3541/GPU-hr plus 24 vCPU and 96 GB RAM
2026-08-11T12:08:03+00:00,gcp,2026-08-11T07:00:00Z,asia-east1,4B93-4D86-2079,g2-standard-32,L4,1,spot,USD,1.0965,GPU Per Hour,1.0965,machine_inclusive,accelerator $0.3541/GPU-hr plus 32 vCPU and 128 GB RAM
2026-08-11T12:08:03+00:00,gcp,2026-08-11T07:00:00Z,asia-east1,4B93-4D86-2079,g2-standard-48,L4,4,spot,USD,2.53,Machine Per Hour,0.6325,machine_inclusive,accelerator $0.3541/GPU-hr plus 48 vCPU and 192 GB RAM
2026-08-11T12:08:03+00:00,gcp,2026-08-11T07:00:00Z,asia-east1,4B93-4D86-2079,g2-standard-96,L4,8,spot,USD,5.06,Machine Per Hour,0.6325,machine_inclusive,accelerator $0.3541/GPU-hr plus 96 vCPU and 384 GB RAM
2026-08-11T12:08:03+00:00,gcp,2026-08-11T07:00:00Z,us-east1,4C9C-D1C8-42F9,RTX 6000 96GB,RTX PRO 6000,1,1_year,USD,0.756,GPU Per Hour,0.756,accelerator_only,"bare accelerator price; Google bills vCPU and RAM separately, so this is NOT comparable to Oracle or Azure"
2026-08-11T12:08:03+00:00,gcp,2026-08-11T07:00:00Z,asia-northeast2,4CB3-88FD-5944,a2-ultragpu-1g,A100,1,spot,USD,0.73232,GPU Per Hour,0.73232,machine_inclusive,accelerator $0.6044/GPU-hr plus 12 vCPU and 170 GB RAM
2026-08-11T12:08:03+00:00,gcp,2026-08-11T07:00:00Z,asia-northeast2,4CB3-88FD-5944,a2-ultragpu-2g,A100,2,spot,USD,1.46464,Machine Per Hour,0.73232,machine_inclusive,accelerator $0.6044/GPU-hr plus 24 vCPU and 340 GB RAM
2026-08-11T12:08:03+00:00,gcp,2026-08-11T07:00:00Z,asia-northeast2,4CB3-88FD-5944,a2-ultragpu-4g,A100,4,spot,USD,2.92928,Machine Per Hour,0.73232,machine_inclusive,accelerator $0.6044/GPU-hr plus 48 vCPU and 680 GB RAM
2026-08-11T12:08:03+00:00,gcp,2026-08-11T07:00:00Z,asia-northeast2,4CB3-88FD-5944,a2-ultragpu-8g,A100,8,spot,USD,5.85856,Machine Per Hour,0.73232,machine_inclusive,accelerator $0.6044/GPU-hr plus 96 vCPU and 1360 GB RAM
2026-08-11T12:08:03+00:00,gcp,2026-08-11T07:00:00Z,me-central2,4D61-303D-729C,Nvidia Tesla T4 GPU,T4,1,3_year,USD,0.256,GPU Per Hour,0.256,accelerator_only,"bare accelerator price; Google bills vCPU and RAM separately, so this is NOT comparable to Oracle or Azure"
2026-08-11T12:08:03+00:00,gcp,2026-08-11T07:00:00Z,europe-north1,4D61-B3B6-40E9,RTX 6000 96GB,RTX PRO 6000,1,1_year,USD,0.8316,GPU Per Hour,0.8316,accelerator_only,"bare accelerator price; Google bills vCPU and RAM separately, so this is NOT comparable to Oracle or Azure"
2026-08-11T12:08:03+00:00,gcp,2026-08-11T07:00:00Z,europe-west4,4D6B-44A7-C581,a3-highgpu-8g,H100,8,1_year,USD,77.615514,Machine Per Hour,9.701939,machine_inclusive,accelerator $8.8385/GPU-hr plus 208 vCPU and 1872 GB RAM
2026-08-11T12:08:03+00:00,gcp,2026-08-11T07:00:00Z,europe-west10,4DB1-A6E0-249F,Nvidia Tesla T4 GPU,T4,1,3_year,USD,0.2464,GPU Per Hour,0.2464,accelerator_only,"bare accelerator price; Google bills vCPU and RAM separately, so this is NOT comparable to Oracle or Azure"
2026-08-11T12:08:03+00:00,gcp,2026-08-11T07:00:00Z,europe-west6,4E0E-5BB4-9C74,a2-highgpu-1g,A100,1,3_year,USD,1.645783,GPU Per Hour,1.645783,machine_inclusive,accelerator $1.2836/GPU-hr plus 12 vCPU and 85 GB RAM
2026-08-11T12:08:03+00:00,gcp,2026-08-11T07:00:00Z,europe-west6,4E0E-5BB4-9C74,a2-highgpu-2g,A100,2,3_year,USD,3.291566,Machine Per Hour,1.645783,machine_inclusive,accelerator $1.2836/GPU-hr plus 24 vCPU and 170 GB RAM
2026-08-11T12:08:03+00:00,gcp,2026-08-11T07:00:00Z,europe-west6,4E0E-5BB4-9C74,a2-highgpu-4g,A100,4,3_year,USD,6.583133,Machine Per Hour,1.645783,machine_inclusive,accelerator $1.2836/GPU-hr plus 48 vCPU and 340 GB RAM
2026-08-11T12:08:03+00:00,gcp,2026-08-11T07:00:00Z,europe-west6,4E0E-5BB4-9C74,a2-highgpu-8g,A100,8,3_year,USD,13.166266,Machine Per Hour,1.645783,machine_inclusive,accelerator $1.2836/GPU-hr plus 96 vCPU and 680 GB RAM
2026-08-11T12:08:03+00:00,gcp,2026-08-11T07:00:00Z,europe-west6,4E0E-5BB4-9C74,a2-megagpu-16g,A100,16,3_year,USD,24.846366,Machine Per Hour,1.552898,machine_inclusive,accelerator $1.2836/GPU-hr plus 96 vCPU and 1360 GB RAM
2026-08-11T12:08:03+00:00,gcp,2026-08-11T07:00:00Z,africa-south1,4E1B-C52D-178B,a2-ultragpu-1g,A100,1,spot,USD,1.57268,GPU Per Hour,1.57268,machine_inclusive,accelerator $1.3967/GPU-hr plus 12 vCPU and 170 GB RAM
2026-08-11T12:08:03+00:00,gcp,2026-08-11T07:00:00Z,africa-south1,4E1B-C52D-178B,a2-ultragpu-2g,A100,2,spot,USD,3.14536,Machine Per Hour,1.57268,machine_inclusive,accelerator $1.3967/GPU-hr plus 24 vCPU and 340 GB RAM
2026-08-11T12:08:03+00:00,gcp,2026-08-11T07:00:00Z,africa-south1,4E1B-C52D-178B,a2-ultragpu-4g,A100,4,spot,USD,6.29072,Machine Per Hour,1.57268,machine_inclusive,accelerator $1.3967/GPU-hr plus 48 vCPU and 680 GB RAM
2026-08-11T12:08:03+00:00,gcp,2026-08-11T07:00:00Z,africa-south1,4E1B-C52D-178B,a2-ultragpu-8g,A100,8,spot,USD,12.58144,Machine Per Hour,1.57268,machine_inclusive,accelerator $1.3967/GPU-hr plus 96 vCPU and 1360 GB RAM
2026-08-11T12:08:03+00:00,gcp,2026-08-11T07:00:00Z,us-south1,4E35-7276-6341,g2-standard-4,L4,1,on_demand,USD,0.834062,GPU Per Hour,0.834062,machine_inclusive,accelerator $0.6608/GPU-hr plus 4 vCPU and 16 GB RAM
2026-08-11T12:08:03+00:00,gcp,2026-08-11T07:00:00Z,us-south1,4E35-7276-6341,g2-standard-8,L4,1,on_demand,USD,1.007277,GPU Per Hour,1.007277,machine_inclusive,accelerator $0.6608/GPU-hr plus 8 vCPU and 32 GB RAM
2026-08-11T12:08:03+00:00,gcp,2026-08-11T07:00:00Z,us-south1,4E35-7276-6341,g2-standard-12,L4,1,on_demand,USD,1.180491,GPU Per Hour,1.180491,machine_inclusive,accelerator $0.6608/GPU-hr plus 12 vCPU and 48 GB RAM
2026-08-11T12:08:03+00:00,gcp,2026-08-11T07:00:00Z,us-south1,4E35-7276-6341,g2-standard-16,L4,1,on_demand,USD,1.353706,GPU Per Hour,1.353706,machine_inclusive,accelerator $0.6608/GPU-hr plus 16 vCPU and 64 GB RAM
2026-08-11T12:08:03+00:00,gcp,2026-08-11T07:00:00Z,us-south1,4E35-7276-6341,g2-standard-24,L4,2,on_demand,USD,2.360983,Machine Per Hour,1.180491,machine_inclusive,accelerator $0.6608/GPU-hr plus 24 vCPU and 96 GB RAM
2026-08-11T12:08:03+00:00,gcp,2026-08-11T07:00:00Z,us-south1,4E35-7276-6341,g2-standard-32,L4,1,on_demand,USD,2.046564,GPU Per Hour,2.046564,machine_inclusive,accelerator $0.6608/GPU-hr plus 32 vCPU and 128 GB RAM
2026-08-11T12:08:03+00:00,gcp,2026-08-11T07:00:00Z,us-south1,4E35-7276-6341,g2-standard-48,L4,4,on_demand,USD,4.721965,Machine Per Hour,1.180491,machine_inclusive,accelerator $0.6608/GPU-hr plus 48 vCPU and 192 GB RAM
2026-08-11T12:08:03+00:00,gcp,2026-08-11T07:00:00Z,us-south1,4E35-7276-6341,g2-standard-96,L4,8,on_demand,USD,9.44393,Machine Per Hour,1.180491,machine_inclusive,accelerator $0.6608/GPU-hr plus 96 vCPU and 384 GB RAM
2026-08-11T12:08:03+00:00,gcp,2026-08-11T07:00:00Z,us-south1,4E42-4C64-383E,a2-highgpu-1g,A100,1,1_year,USD,2.730764,GPU Per Hour,2.730764,machine_inclusive,accelerator $2.1811/GPU-hr plus 12 vCPU and 85 GB RAM
2026-08-11T12:08:03+00:00,gcp,2026-08-11T07:00:00Z,us-south1,4E42-4C64-383E,a2-highgpu-2g,A100,2,1_year,USD,5.461528,Machine Per Hour,2.730764,machine_inclusive,accelerator $2.1811/GPU-hr plus 24 vCPU and 170 GB RAM
2026-08-11T12:08:03+00:00,gcp,2026-08-11T07:00:00Z,us-south1,4E42-4C64-383E,a2-highgpu-4g,A100,4,1_year,USD,10.923056,Machine Per Hour,2.730764,machine_inclusive,accelerator $2.1811/GPU-hr plus 48 vCPU and 340 GB RAM
2026-08-11T12:08:03+00:00,gcp,2026-08-11T07:00:00Z,us-south1,4E42-4C64-383E,a2-highgpu-8g,A100,8,1_year,USD,21.846113,Machine Per Hour,2.730764,machine_inclusive,accelerator $2.1811/GPU-hr plus 96 vCPU and 680 GB RAM
2026-08-11T12:08:03+00:00,gcp,2026-08-11T07:00:00Z,us-south1,4E42-4C64-383E,a2-megagpu-16g,A100,16,1_year,USD,41.436254,Machine Per Hour,2.589766,machine_inclusive,accelerator $2.1811/GPU-hr plus 96 vCPU and 1360 GB RAM
2026-08-11T12:08:03+00:00,gcp,2026-08-11T07:00:00Z,europe-west9,4E63-6CE6-0CC2,Nvidia Tesla P4 GPU,P4,1,3_year,USD,0.3132,GPU Per Hour,0.3132,accelerator_only,"bare accelerator price; Google bills vCPU and RAM separately, so this is NOT comparable to Oracle or Azure"
2026-08-11T12:08:03+00:00,gcp,2026-08-11T07:00:00Z,africa-south1,4E64-C68C-198C,Nvidia Tesla T4 GPU,T4,1,on_demand,USD,0.4578,GPU Per Hour,0.4578,accelerator_only,"bare accelerator price; Google bills vCPU and RAM separately, so this is NOT comparable to Oracle or Azure"
2026-08-11T12:08:03+00:00,gcp,2026-08-11T07:00:00Z,us-east5,4E6D-7E70-94C0,a2-highgpu-1g,A100,1,1_year,USD,2.314207,GPU Per Hour,2.314207,machine_inclusive,accelerator $1.8484/GPU-hr plus 12 vCPU and 85 GB RAM
2026-08-11T12:08:03+00:00,gcp,2026-08-11T07:00:00Z,us-east5,4E6D-7E70-94C0,a2-highgpu-2g,A100,2,1_year,USD,4.628414,Machine Per Hour,2.314207,machine_inclusive,accelerator $1.8484/GPU-hr plus 24 vCPU and 170 GB RAM
2026-08-11T12:08:03+00:00,gcp,2026-08-11T07:00:00Z,us-east5,4E6D-7E70-94C0,a2-highgpu-4g,A100,4,1_year,USD,9.256828,Machine Per Hour,2.314207,machine_inclusive,accelerator $1.8484/GPU-hr plus 48 vCPU and 340 GB RAM
2026-08-11T12:08:03+00:00,gcp,2026-08-11T07:00:00Z,us-east5,4E6D-7E70-94C0,a2-highgpu-8g,A100,8,1_year,USD,18.513656,Machine Per Hour,2.314207,machine_inclusive,accelerator $1.8484/GPU-hr plus 96 vCPU and 680 GB RAM
2026-08-11T12:08:03+00:00,gcp,2026-08-11T07:00:00Z,us-east5,4E6D-7E70-94C0,a2-megagpu-16g,A100,16,1_year,USD,35.115472,Machine Per Hour,2.194717,machine_inclusive,accelerator $1.8484/GPU-hr plus 96 vCPU and 1360 GB RAM
2026-08-11T12:08:03+00:00,gcp,2026-08-11T07:00:00Z,us-east5,4EA1-39F4-955B,Nvidia Tesla P100 GPU,P100,1,3_year,USD,0.657,GPU Per Hour,0.657,accelerator_only,"bare accelerator price; Google bills vCPU and RAM separately, so this is NOT comparable to Oracle or Azure"
2026-08-11T12:08:03+00:00,gcp,2026-08-11T07:00:00Z,us-east1,4EB5-DE46-537C,RTX 6000 96GB,RTX PRO 6000,1,3_year,USD,0.48209,GPU Per Hour,0.48209,accelerator_only,"bare accelerator price; Google bills vCPU and RAM separately, so this is NOT comparable to Oracle or Azure"
2026-08-11T12:08:03+00:00,gcp,2026-08-11T07:00:00Z,us-west4,4F46-5E04-D7EC,Nvidia Tesla V100 GPU,V100,1,1_year,USD,1.562,GPU Per Hour,1.562,accelerator_only,"bare accelerator price; Google bills vCPU and RAM separately, so this is NOT comparable to Oracle or Azure"
2026-08-11T12:08:03+00:00,gcp,2026-08-11T07:00:00Z,me-central2,4F77-C221-D3CF,A4 Nvidia B200 (1 gpu slice),B200,1,spot,USD,2.4091,GPU Per Hour,2.4091,machine_inclusive,Google publishes no separate A4 vCPU/RAM SKUs -- the per-slice price already covers the whole machine
2026-08-11T12:08:03+00:00,gcp,2026-08-11T07:00:00Z,asia-northeast2,4F86-4430-ADC1,a2-highgpu-1g,A100,1,spot,USD,0.3678,GPU Per Hour,0.3678,machine_inclusive,accelerator $0.2817/GPU-hr plus 12 vCPU and 85 GB RAM
2026-08-11T12:08:03+00:00,gcp,2026-08-11T07:00:00Z,asia-northeast2,4F86-4430-ADC1,a2-highgpu-2g,A100,2,spot,USD,0.7356,Machine Per Hour,0.3678,machine_inclusive,accelerator $0.2817/GPU-hr plus 24 vCPU and 170 GB RAM
2026-08-11T12:08:03+00:00,gcp,2026-08-11T07:00:00Z,asia-northeast2,4F86-4430-ADC1,a2-highgpu-4g,A100,4,spot,USD,1.4712,Machine Per Hour,0.3678,machine_inclusive,accelerator $0.2817/GPU-hr plus 48 vCPU and 340 GB RAM
2026-08-11T12:08:03+00:00,gcp,2026-08-11T07:00:00Z,asia-northeast2,4F86-4430-ADC1,a2-highgpu-8g,A100,8,spot,USD,2.9424,Machine Per Hour,0.3678,machine_inclusive,accelerator $0.2817/GPU-hr plus 96 vCPU and 680 GB RAM
2026-08-11T12:08:03+00:00,gcp,2026-08-11T07:00:00Z,asia-northeast2,4F86-4430-ADC1,a2-megagpu-16g,A100,16,spot,USD,5.53056,Machine Per Hour,0.34566,machine_inclusive,accelerator $0.2817/GPU-hr plus 96 vCPU and 1360 GB RAM
2026-08-11T12:08:03+00:00,gcp,2026-08-11T07:00:00Z,europe-west8,4F8E-FF2D-E68A,a2-highgpu-1g,A100,1,1_year,USD,2.68448,GPU Per Hour,2.68448,machine_inclusive,accelerator $2.1441/GPU-hr plus 12 vCPU and 85 GB RAM
2026-08-11T12:08:03+00:00,gcp,2026-08-11T07:00:00Z,europe-west8,4F8E-FF2D-E68A,a2-highgpu-2g,A100,2,1_year,USD,5.36896,Machine Per Hour,2.68448,machine_inclusive,accelerator $2.1441/GPU-hr plus 24 vCPU and 170 GB RAM
2026-08-11T12:08:03+00:00,gcp,2026-08-11T07:00:00Z,europe-west8,4F8E-FF2D-E68A,a2-highgpu-4g,A100,4,1_year,USD,10.737921,Machine Per Hour,2.68448,machine_inclusive,accelerator $2.1441/GPU-hr plus 48 vCPU and 340 GB RAM
2026-08-11T12:08:03+00:00,gcp,2026-08-11T07:00:00Z,europe-west8,4F8E-FF2D-E68A,a2-highgpu-8g,A100,8,1_year,USD,21.475842,Machine Per Hour,2.68448,machine_inclusive,accelerator $2.1441/GPU-hr plus 96 vCPU and 680 GB RAM
2026-08-11T12:08:03+00:00,gcp,2026-08-11T07:00:00Z,europe-west8,4F8E-FF2D-E68A,a2-megagpu-16g,A100,16,1_year,USD,40.733949,Machine Per Hour,2.545872,machine_inclusive,accelerator $2.1441/GPU-hr plus 96 vCPU and 1360 GB RAM
2026-08-11T12:08:03+00:00,gcp,2026-08-11T07:00:00Z,asia-southeast2,4FA5-3B69-F7D5,Nvidia Tesla T4 GPU,T4,1,on_demand,USD,0.4033,GPU Per Hour,0.4033,accelerator_only,"bare accelerator price; Google bills vCPU and RAM separately, so this is NOT comparable to Oracle or Azure"
2026-08-11T12:08:03+00:00,gcp,2026-08-11T07:00:00Z,africa-south1,4FAD-9140-10B0,a2-highgpu-1g,A100,1,spot,USD,0.58855,GPU Per Hour,0.58855,machine_inclusive,accelerator $0.4702/GPU-hr plus 12 vCPU and 85 GB RAM
2026-08-11T12:08:03+00:00,gcp,2026-08-11T07:00:00Z,africa-south1,4FAD-9140-10B0,a2-highgpu-2g,A100,2,spot,USD,1.1771,Machine Per Hour,0.58855,machine_inclusive,accelerator $0.4702/GPU-hr plus 24 vCPU and 170 GB RAM
2026-08-11T12:08:03+00:00,gcp,2026-08-11T07:00:00Z,africa-south1,4FAD-9140-10B0,a2-highgpu-4g,A100,4,spot,USD,2.3542,Machine Per Hour,0.58855,machine_inclusive,accelerator $0.4702/GPU-hr plus 48 vCPU and 340 GB RAM
2026-08-11T12:08:03+00:00,gcp,2026-08-11T07:00:00Z,africa-south1,4FAD-9140-10B0,a2-highgpu-8g,A100,8,spot,USD,4.7084,Machine Per Hour,0.58855,machine_inclusive,accelerator $0.4702/GPU-hr plus 96 vCPU and 680 GB RAM
2026-08-11T12:08:03+00:00,gcp,2026-08-11T07:00:00Z,africa-south1,4FAD-9140-10B0,a2-megagpu-16g,A100,16,spot,USD,8.93104,Machine Per Hour,0.55819,machine_inclusive,accelerator $0.4702/GPU-hr plus 96 vCPU and 1360 GB RAM
2026-08-11T12:08:03+00:00,gcp,2026-08-11T07:00:00Z,australia-southeast1,4FB5-7062-B763,a2-highgpu-1g,A100,1,1_year,USD,3.013426,GPU Per Hour,3.013426,machine_inclusive,accelerator $2.3525/GPU-hr plus 12 vCPU and 85 GB RAM
2026-08-11T12:08:03+00:00,gcp,2026-08-11T07:00:00Z,australia-southeast1,4FB5-7062-B763,a2-highgpu-2g,A100,2,1_year,USD,6.026852,Machine Per Hour,3.013426,machine_inclusive,accelerator $2.3525/GPU-hr plus 24 vCPU and 170 GB RAM
2026-08-11T12:08:03+00:00,gcp,2026-08-11T07:00:00Z,australia-southeast1,4FB5-7062-B763,a2-highgpu-4g,A100,4,1_year,USD,12.053704,Machine Per Hour,3.013426,machine_inclusive,accelerator $2.3525/GPU-hr plus 48 vCPU and 340 GB RAM
2026-08-11T12:08:03+00:00,gcp,2026-08-11T07:00:00Z,australia-southeast1,4FB5-7062-B763,a2-highgpu-8g,A100,8,1_year,USD,24.107409,Machine Per Hour,3.013426,machine_inclusive,accelerator $2.3525/GPU-hr plus 96 vCPU and 680 GB RAM
2026-08-11T12:08:03+00:00,gcp,2026-08-11T07:00:00Z,australia-southeast1,4FB5-7062-B763,a2-megagpu-16g,A100,16,1_year,USD,45.501915,Machine Per Hour,2.84387,machine_inclusive,accelerator $2.3525/GPU-hr plus 96 vCPU and 1360 GB RAM
2026-08-11T12:08:03+00:00,gcp,2026-08-11T07:00:00Z,asia-northeast3,4FC9-53F0-3BEB,a2-ultragpu-1g,A100,1,on_demand,USD,6.453086,GPU Per Hour,6.453086,machine_inclusive,accelerator $5.0444/GPU-hr plus 12 vCPU and 170 GB RAM
2026-08-11T12:08:03+00:00,gcp,2026-08-11T07:00:00Z,asia-northeast3,4FC9-53F0-3BEB,a2-ultragpu-2g,A100,2,on_demand,USD,12.906172,Machine Per Hour,6.453086,machine_inclusive,accelerator $5.0444/GPU-hr plus 24 vCPU and 340 GB RAM
2026-08-11T12:08:03+00:00,gcp,2026-08-11T07:00:00Z,asia-northeast3,4FC9-53F0-3BEB,a2-ultragpu-4g,A100,4,on_demand,USD,25.812344,Machine Per Hour,6.453086,machine_inclusive,accelerator $5.0444/GPU-hr plus 48 vCPU and 680 GB RAM
2026-08-11T12:08:03+00:00,gcp,2026-08-11T07:00:00Z,asia-northeast3,4FC9-53F0-3BEB,a2-ultragpu-8g,A100,8,on_demand,USD,51.624688,Machine Per Hour,6.453086,machine_inclusive,accelerator $5.0444/GPU-hr plus 96 vCPU and 1360 GB RAM
2026-08-11T12:08:03+00:00,gcp,2026-08-11T07:00:00Z,asia-northeast2,4FDA-3DA8-DAA9,A4 Nvidia B200 (1 gpu slice),B200,1,spot,USD,2.4091,GPU Per Hour,2.4091,machine_inclusive,Google publishes no separate A4 vCPU/RAM SKUs -- the per-slice price already covers the whole machine
2026-08-11T12:08:03+00:00,gcp,2026-08-11T07:00:00Z,us-west8,5001-8333-B902,Nvidia Tesla P100 GPU,P100,1,3_year,USD,0.657,GPU Per Hour,0.657,accelerator_only,"bare accelerator price; Google bills vCPU and RAM separately, so this is NOT comparable to Oracle or Azure"
2026-08-11T12:08:03+00:00,gcp,2026-08-11T07:00:00Z,us-east4,5034-88A0-BA40,a3-highgpu-8g,H100,8,spot,USD,41.449696,Machine Per Hour,5.181212,machine_inclusive,accelerator $4.6232/GPU-hr plus 208 vCPU and 1872 GB RAM
2026-08-11T12:08:03+00:00,gcp,2026-08-11T07:00:00Z,europe-west4,5038-EF2D-3652,g2-standard-4,L4,1,spot,USD,0.445776,GPU Per Hour,0.445776,machine_inclusive,accelerator $0.3532/GPU-hr plus 4 vCPU and 16 GB RAM
2026-08-11T12:08:03+00:00,gcp,2026-08-11T07:00:00Z,europe-west4,5038-EF2D-3652,g2-standard-8,L4,1,spot,USD,0.538352,GPU Per Hour,0.538352,machine_inclusive,accelerator $0.3532/GPU-hr plus 8 vCPU and 32 GB RAM
2026-08-11T12:08:03+00:00,gcp,2026-08-11T07:00:00Z,europe-west4,5038-EF2D-3652,g2-standard-12,L4,1,spot,USD,0.630928,GPU Per Hour,0.630928,machine_inclusive,accelerator $0.3532/GPU-hr plus 12 vCPU and 48 GB RAM
2026-08-11T12:08:03+00:00,gcp,2026-08-11T07:00:00Z,europe-west4,5038-EF2D-3652,g2-standard-16,L4,1,spot,USD,0.723504,GPU Per Hour,0.723504,machine_inclusive,accelerator $0.3532/GPU-hr plus 16 vCPU and 64 GB RAM
2026-08-11T12:08:03+00:00,gcp,2026-08-11T07:00:00Z,europe-west4,5038-EF2D-3652,g2-standard-24,L4,2,spot,USD,1.261856,Machine Per Hour,0.630928,machine_inclusive,accelerator $0.3532/GPU-hr plus 24 vCPU and 96 GB RAM
2026-08-11T12:08:03+00:00,gcp,2026-08-11T07:00:00Z,europe-west4,5038-EF2D-3652,g2-standard-32,L4,1,spot,USD,1.093808,GPU Per Hour,1.093808,machine_inclusive,accelerator $0.3532/GPU-hr plus 32 vCPU and 128 GB RAM
2026-08-11T12:08:03+00:00,gcp,2026-08-11T07:00:00Z,europe-west4,5038-EF2D-3652,g2-standard-48,L4,4,spot,USD,2.523712,Machine Per Hour,0.630928,machine_inclusive,accelerator $0.3532/GPU-hr plus 48 vCPU and 192 GB RAM
2026-08-11T12:08:03+00:00,gcp,2026-08-11T07:00:00Z,europe-west4,5038-EF2D-3652,g2-standard-96,L4,8,spot,USD,5.047424,Machine Per Hour,0.630928,machine_inclusive,accelerator $0.3532/GPU-hr plus 96 vCPU and 384 GB RAM
2026-08-11T12:08:03+00:00,gcp,2026-08-11T07:00:00Z,europe-west10,5074-9B2D-09F2,Nvidia Tesla P4 GPU,P4,1,spot,USD,0.1095,GPU Per Hour,0.1095,accelerator_only,"bare accelerator price; Google bills vCPU and RAM separately, so this is NOT comparable to Oracle or Azure"
2026-08-11T12:08:03+00:00,gcp,2026-08-11T07:00:00Z,asia-south1,5079-EAAB-3F10,a2-ultragpu-1g,A100,1,3_year,USD,4.181578,GPU Per Hour,4.181578,machine_inclusive,accelerator $3.7193/GPU-hr plus 12 vCPU and 170 GB RAM
2026-08-11T12:08:03+00:00,gcp,2026-08-11T07:00:00Z,asia-south1,5079-EAAB-3F10,a2-ultragpu-2g,A100,2,3_year,USD,8.363156,Machine Per Hour,4.181578,machine_inclusive,accelerator $3.7193/GPU-hr plus 24 vCPU and 340 GB RAM
2026-08-11T12:08:03+00:00,gcp,2026-08-11T07:00:00Z,asia-south1,5079-EAAB-3F10,a2-ultragpu-4g,A100,4,3_year,USD,16.726311,Machine Per Hour,4.181578,machine_inclusive,accelerator $3.7193/GPU-hr plus 48 vCPU and 680 GB RAM
2026-08-11T12:08:03+00:00,gcp,2026-08-11T07:00:00Z,asia-south1,5079-EAAB-3F10,a2-ultragpu-8g,A100,8,3_year,USD,33.452622,Machine Per Hour,4.181578,machine_inclusive,accelerator $3.7193/GPU-hr plus 96 vCPU and 1360 GB RAM
2026-08-11T12:08:03+00:00,gcp,2026-08-11T07:00:00Z,europe-west6,5088-A4CE-E7C4,a2-ultragpu-1g,A100,1,1_year,USD,5.838898,GPU Per Hour,5.838898,machine_inclusive,accelerator $4.8697/GPU-hr plus 12 vCPU and 170 GB RAM
2026-08-11T12:08:03+00:00,gcp,2026-08-11T07:00:00Z,europe-west6,5088-A4CE-E7C4,a2-ultragpu-2g,A100,2,1_year,USD,11.677796,Machine Per Hour,5.838898,machine_inclusive,accelerator $4.8697/GPU-hr plus 24 vCPU and 340 GB RAM
2026-08-11T12:08:03+00:00,gcp,2026-08-11T07:00:00Z,europe-west6,5088-A4CE-E7C4,a2-ultragpu-4g,A100,4,1_year,USD,23.355593,Machine Per Hour,5.838898,machine_inclusive,accelerator $4.8697/GPU-hr plus 48 vCPU and 680 GB RAM
2026-08-11T12:08:03+00:00,gcp,2026-08-11T07:00:00Z,europe-west6,5088-A4CE-E7C4,a2-ultragpu-8g,A100,8,1_year,USD,46.711186,Machine Per Hour,5.838898,machine_inclusive,accelerator $4.8697/GPU-hr plus 96 vCPU and 1360 GB RAM
2026-08-11T12:08:03+00:00,gcp,2026-08-11T07:00:00Z,asia-southeast2,509C-A00C-67CD,g2-standard-4,L4,1,on_demand,USD,0.950477,GPU Per Hour,0.950477,machine_inclusive,accelerator $0.7531/GPU-hr plus 4 vCPU and 16 GB RAM
2026-08-11T12:08:03+00:00,gcp,2026-08-11T07:00:00Z,asia-southeast2,509C-A00C-67CD,g2-standard-8,L4,1,on_demand,USD,1.147869,GPU Per Hour,1.147869,machine_inclusive,accelerator $0.7531/GPU-hr plus 8 vCPU and 32 GB RAM
2026-08-11T12:08:03+00:00,gcp,2026-08-11T07:00:00Z,asia-southeast2,509C-A00C-67CD,g2-standard-12,L4,1,on_demand,USD,1.34526,GPU Per Hour,1.34526,machine_inclusive,accelerator $0.7531/GPU-hr plus 12 vCPU and 48 GB RAM
2026-08-11T12:08:03+00:00,gcp,2026-08-11T07:00:00Z,asia-southeast2,509C-A00C-67CD,g2-standard-16,L4,1,on_demand,USD,1.542651,GPU Per Hour,1.542651,machine_inclusive,accelerator $0.7531/GPU-hr plus 16 vCPU and 64 GB RAM
2026-08-11T12:08:03+00:00,gcp,2026-08-11T07:00:00Z,asia-southeast2,509C-A00C-67CD,g2-standard-24,L4,2,on_demand,USD,2.69052,Machine Per Hour,1.34526,machine_inclusive,accelerator $0.7531/GPU-hr plus 24 vCPU and 96 GB RAM
2026-08-11T12:08:03+00:00,gcp,2026-08-11T07:00:00Z,asia-southeast2,509C-A00C-67CD,g2-standard-32,L4,1,on_demand,USD,2.332216,GPU Per Hour,2.332216,machine_inclusive,accelerator $0.7531/GPU-hr plus 32 vCPU and 128 GB RAM
2026-08-11T12:08:03+00:00,gcp,2026-08-11T07:00:00Z,asia-southeast2,509C-A00C-67CD,g2-standard-48,L4,4,on_demand,USD,5.381039,Machine Per Hour,1.34526,machine_inclusive,accelerator $0.7531/GPU-hr plus 48 vCPU and 192 GB RAM
2026-08-11T12:08:03+00:00,gcp,2026-08-11T07:00:00Z,asia-southeast2,509C-A00C-67CD,g2-standard-96,L4,8,on_demand,USD,10.762079,Machine Per Hour,1.34526,machine_inclusive,accelerator $0.7531/GPU-hr plus 96 vCPU and 384 GB RAM
2026-08-11T12:08:03+00:00,gcp,2026-08-11T07:00:00Z,europe-north1,50A9-A74F-CF6E,a3-highgpu-8g,H100,8,on_demand,USD,96.712312,Machine Per Hour,12.089039,machine_inclusive,accelerator $10.7870/GPU-hr plus 208 vCPU and 1872 GB RAM
2026-08-11T12:08:03+00:00,gcp,2026-08-11T07:00:00Z,europe-west1,50D9-B0E2-1064,a2-highgpu-1g,A100,1,on_demand,USD,3.747369,GPU Per Hour,3.747369,machine_inclusive,accelerator $2.9339/GPU-hr plus 12 vCPU and 85 GB RAM
2026-08-11T12:08:03+00:00,gcp,2026-08-11T07:00:00Z,europe-west1,50D9-B0E2-1064,a2-highgpu-2g,A100,2,on_demand,USD,7.494738,Machine Per Hour,3.747369,machine_inclusive,accelerator $2.9339/GPU-hr plus 24 vCPU and 170 GB RAM
2026-08-11T12:08:03+00:00,gcp,2026-08-11T07:00:00Z,europe-west1,50D9-B0E2-1064,a2-highgpu-4g,A100,4,on_demand,USD,14.989476,Machine Per Hour,3.747369,machine_inclusive,accelerator $2.9339/GPU-hr plus 48 vCPU and 340 GB RAM
2026-08-11T12:08:03+00:00,gcp,2026-08-11T07:00:00Z,europe-west1,50D9-B0E2-1064,a2-highgpu-8g,A100,8,on_demand,USD,29.978952,Machine Per Hour,3.747369,machine_inclusive,accelerator $2.9339/GPU-hr plus 96 vCPU and 680 GB RAM
2026-08-11T12:08:03+00:00,gcp,2026-08-11T07:00:00Z,europe-west1,50D9-B0E2-1064,a2-megagpu-16g,A100,16,on_demand,USD,56.619696,Machine Per Hour,3.538731,machine_inclusive,accelerator $2.9339/GPU-hr plus 96 vCPU and 1360 GB RAM
2026-08-11T12:08:03+00:00,gcp,2026-08-11T07:00:00Z,us-west1,50E4-2D4A-7538,A4 Nvidia B200 (1 gpu slice),B200,1,3_year,USD,7.0884,GPU Per Hour,7.0884,machine_inclusive,Google publishes no separate A4 vCPU/RAM SKUs -- the per-slice price already covers the whole machine
2026-08-11T12:08:03+00:00,gcp,2026-08-11T07:00:00Z,us-central1,50E4-2D4A-7538,A4 Nvidia B200 (1 gpu slice),B200,1,3_year,USD,7.0884,GPU Per Hour,7.0884,machine_inclusive,Google publishes no separate A4 vCPU/RAM SKUs -- the per-slice price already covers the whole machine
2026-08-11T12:08:03+00:00,gcp,2026-08-11T07:00:00Z,us-east1,50E4-2D4A-7538,A4 Nvidia B200 (1 gpu slice),B200,1,3_year,USD,7.0884,GPU Per Hour,7.0884,machine_inclusive,Google publishes no separate A4 vCPU/RAM SKUs -- the per-slice price already covers the whole machine
2026-08-11T12:08:03+00:00,gcp,2026-08-11T07:00:00Z,asia-south2,510B-3861-7DEC,a2-ultragpu-1g,A100,1,spot,USD,0.567,GPU Per Hour,0.567,machine_inclusive,accelerator $0.4481/GPU-hr plus 12 vCPU and 170 GB RAM
2026-08-11T12:08:03+00:00,gcp,2026-08-11T07:00:00Z,asia-south2,510B-3861-7DEC,a2-ultragpu-2g,A100,2,spot,USD,1.134,Machine Per Hour,0.567,machine_inclusive,accelerator $0.4481/GPU-hr plus 24 vCPU and 340 GB RAM
2026-08-11T12:08:03+00:00,gcp,2026-08-11T07:00:00Z,asia-south2,510B-3861-7DEC,a2-ultragpu-4g,A100,4,spot,USD,2.268,Machine Per Hour,0.567,machine_inclusive,accelerator $0.4481/GPU-hr plus 48 vCPU and 680 GB RAM
2026-08-11T12:08:03+00:00,gcp,2026-08-11T07:00:00Z,asia-south2,510B-3861-7DEC,a2-ultragpu-8g,A100,8,spot,USD,4.536,Machine Per Hour,0.567,machine_inclusive,accelerator $0.4481/GPU-hr plus 96 vCPU and 1360 GB RAM
2026-08-11T12:08:03+00:00,gcp,2026-08-11T07:00:00Z,europe-west10,5135-22E7-A6A7,a3-highgpu-8g,H100,8,on_demand,USD,135.262016,Machine Per Hour,16.907752,machine_inclusive,accelerator $15.0867/GPU-hr plus 208 vCPU and 1872 GB RAM
2026-08-11T12:08:03+00:00,gcp,2026-08-11T07:00:00Z,australia-southeast1,5137-2C46-D8D6,a3-highgpu-8g,H100,8,1_year,USD,76.211787,Machine Per Hour,9.526473,machine_inclusive,accelerator $8.4985/GPU-hr plus 208 vCPU and 1872 GB RAM
2026-08-11T12:08:03+00:00,gcp,2026-08-11T07:00:00Z,us-south1,5146-3C63-DE84,Nvidia Tesla T4 GPU,T4,1,spot,USD,0.039,GPU Per Hour,0.039,accelerator_only,"bare accelerator price; Google bills vCPU and RAM separately, so this is NOT comparable to Oracle or Azure"
2026-08-11T12:08:03+00:00,gcp,2026-08-11T07:00:00Z,us-south1,5174-E6FD-8169,1/8 vGPU,,,1_year,USD,0.44634,GPU Per Hour,,,accelerator not in the lookup table -- add it to gcp.py
2026-08-11T12:08:03+00:00,gcp,2026-08-11T07:00:00Z,us-central1,5191-1F80-11A2,Nvidia Tesla P4 GPU,P4,1,1_year,USD,0.378,GPU Per Hour,0.378,accelerator_only,"bare accelerator price; Google bills vCPU and RAM separately, so this is NOT comparable to Oracle or Azure"
2026-08-11T12:08:03+00:00,gcp,2026-08-11T07:00:00Z,us-east1,5191-1F80-11A2,Nvidia Tesla P4 GPU,P4,1,1_year,USD,0.378,GPU Per Hour,0.378,accelerator_only,"bare accelerator price; Google bills vCPU and RAM separately, so this is NOT comparable to Oracle or Azure"
2026-08-11T12:08:03+00:00,gcp,2026-08-11T07:00:00Z,us-west1,5191-1F80-11A2,Nvidia Tesla P4 GPU,P4,1,1_year,USD,0.378,GPU Per Hour,0.378,accelerator_only,"bare accelerator price; Google bills vCPU and RAM separately, so this is NOT comparable to Oracle or Azure"
2026-08-11T12:08:03+00:00,gcp,2026-08-11T07:00:00Z,asia-south2,51AE-1484-8A4A,Nvidia Tesla P4 GPU,P4,1,on_demand,USD,0.72,GPU Per Hour,0.72,accelerator_only,"bare accelerator price; Google bills vCPU and RAM separately, so this is NOT comparable to Oracle or Azure"
2026-08-11T12:08:03+00:00,gcp,2026-08-11T07:00:00Z,us-west3,51DF-127F-A103,a3-highgpu-8g,H100,8,3_year,USD,46.363184,Machine Per Hour,5.795398,machine_inclusive,accelerator $5.1689/GPU-hr plus 208 vCPU and 1872 GB RAM
2026-08-11T12:08:03+00:00,gcp,2026-08-11T07:00:00Z,me-central2,5277-B95C-B0D5,g2-standard-4,L4,1,3_year,USD,0.508919,GPU Per Hour,0.508919,machine_inclusive,accelerator $0.4032/GPU-hr plus 4 vCPU and 16 GB RAM
2026-08-11T12:08:03+00:00,gcp,2026-08-11T07:00:00Z,me-central2,5277-B95C-B0D5,g2-standard-8,L4,1,3_year,USD,0.614609,GPU Per Hour,0.614609,machine_inclusive,accelerator $0.4032/GPU-hr plus 8 vCPU and 32 GB RAM
2026-08-11T12:08:03+00:00,gcp,2026-08-11T07:00:00Z,me-central2,5277-B95C-B0D5,g2-standard-12,L4,1,3_year,USD,0.7203,GPU Per Hour,0.7203,machine_inclusive,accelerator $0.4032/GPU-hr plus 12 vCPU and 48 GB RAM
2026-08-11T12:08:03+00:00,gcp,2026-08-11T07:00:00Z,me-central2,5277-B95C-B0D5,g2-standard-16,L4,1,3_year,USD,0.82599,GPU Per Hour,0.82599,machine_inclusive,accelerator $0.4032/GPU-hr plus 16 vCPU and 64 GB RAM
2026-08-11T12:08:03+00:00,gcp,2026-08-11T07:00:00Z,me-central2,5277-B95C-B0D5,g2-standard-24,L4,2,3_year,USD,1.440599,Machine Per Hour,0.7203,machine_inclusive,accelerator $0.4032/GPU-hr plus 24 vCPU and 96 GB RAM
2026-08-11T12:08:03+00:00,gcp,2026-08-11T07:00:00Z,me-central2,5277-B95C-B0D5,g2-standard-32,L4,1,3_year,USD,1.248751,GPU Per Hour,1.248751,machine_inclusive,accelerator $0.4032/GPU-hr plus 32 vCPU and 128 GB RAM
2026-08-11T12:08:03+00:00,gcp,2026-08-11T07:00:00Z,me-central2,5277-B95C-B0D5,g2-standard-48,L4,4,3_year,USD,2.881199,Machine Per Hour,0.7203,machine_inclusive,accelerator $0.4032/GPU-hr plus 48 vCPU and 192 GB RAM
2026-08-11T12:08:03+00:00,gcp,2026-08-11T07:00:00Z,me-central2,5277-B95C-B0D5,g2-standard-96,L4,8,3_year,USD,5.762398,Machine Per Hour,0.7203,machine_inclusive,accelerator $0.4032/GPU-hr plus 96 vCPU and 384 GB RAM
2026-08-11T12:08:03+00:00,gcp,2026-08-11T07:00:00Z,us-west4,52B2-4F94-B0D1,RTX 6000 96GB,RTX PRO 6000,1,1_year,USD,0.8316,GPU Per Hour,0.8316,accelerator_only,"bare accelerator price; Google bills vCPU and RAM separately, so this is NOT comparable to Oracle or Azure"
2026-08-11T12:08:03+00:00,gcp,2026-08-11T07:00:00Z,northamerica-northeast1,52C2-C502-F70D,Nvidia Tesla P4 GPU,P4,1,1_year,USD,0.409,GPU Per Hour,0.409,accelerator_only,"bare accelerator price; Google bills vCPU and RAM separately, so this is NOT comparable to Oracle or Azure"
2026-08-11T12:08:03+00:00,gcp,2026-08-11T07:00:00Z,europe-west9,530F-C47C-EF1D,Nvidia Tesla P100 GPU,P100,1,spot,USD,0.4277,GPU Per Hour,0.4277,accelerator_only,"bare accelerator price; Google bills vCPU and RAM separately, so this is NOT comparable to Oracle or Azure"
2026-08-11T12:08:03+00:00,gcp,2026-08-11T07:00:00Z,australia-southeast1,5334-7AE9-262B,a2-ultragpu-1g,A100,1,spot,USD,0.67119,GPU Per Hour,0.67119,machine_inclusive,accelerator $0.5297/GPU-hr plus 12 vCPU and 170 GB RAM
2026-08-11T12:08:03+00:00,gcp,2026-08-11T07:00:00Z,australia-southeast1,5334-7AE9-262B,a2-ultragpu-2g,A100,2,spot,USD,1.34238,Machine Per Hour,0.67119,machine_inclusive,accelerator $0.5297/GPU-hr plus 24 vCPU and 340 GB RAM
2026-08-11T12:08:03+00:00,gcp,2026-08-11T07:00:00Z,australia-southeast1,5334-7AE9-262B,a2-ultragpu-4g,A100,4,spot,USD,2.68476,Machine Per Hour,0.67119,machine_inclusive,accelerator $0.5297/GPU-hr plus 48 vCPU and 680 GB RAM
2026-08-11T12:08:03+00:00,gcp,2026-08-11T07:00:00Z,australia-southeast1,5334-7AE9-262B,a2-ultragpu-8g,A100,8,spot,USD,5.36952,Machine Per Hour,0.67119,machine_inclusive,accelerator $0.5297/GPU-hr plus 96 vCPU and 1360 GB RAM
2026-08-11T12:08:03+00:00,gcp,2026-08-11T07:00:00Z,europe-west10,5373-518F-6DCD,a2-ultragpu-1g,A100,1,3_year,USD,5.361517,GPU Per Hour,5.361517,machine_inclusive,accelerator $4.7687/GPU-hr plus 12 vCPU and 170 GB RAM
2026-08-11T12:08:03+00:00,gcp,2026-08-11T07:00:00Z,europe-west10,5373-518F-6DCD,a2-ultragpu-2g,A100,2,3_year,USD,10.723034,Machine Per Hour,5.361517,machine_inclusive,accelerator $4.7687/GPU-hr plus 24 vCPU and 340 GB RAM
2026-08-11T12:08:03+00:00,gcp,2026-08-11T07:00:00Z,europe-west10,5373-518F-6DCD,a2-ultragpu-4g,A100,4,3_year,USD,21.446069,Machine Per Hour,5.361517,machine_inclusive,accelerator $4.7687/GPU-hr plus 48 vCPU and 680 GB RAM
2026-08-11T12:08:03+00:00,gcp,2026-08-11T07:00:00Z,europe-west10,5373-518F-6DCD,a2-ultragpu-8g,A100,8,3_year,USD,42.892138,Machine Per Hour,5.361517,machine_inclusive,accelerator $4.7687/GPU-hr plus 96 vCPU and 1360 GB RAM
2026-08-11T12:08:03+00:00,gcp,2026-08-11T07:00:00Z,us-south1,537B-6252-D105,g2-standard-4,L4,1,3_year,USD,0.375328,GPU Per Hour,0.375328,machine_inclusive,accelerator $0.2974/GPU-hr plus 4 vCPU and 16 GB RAM
2026-08-11T12:08:03+00:00,gcp,2026-08-11T07:00:00Z,us-south1,537B-6252-D105,g2-standard-8,L4,1,3_year,USD,0.453275,GPU Per Hour,0.453275,machine_inclusive,accelerator $0.2974/GPU-hr plus 8 vCPU and 32 GB RAM
2026-08-11T12:08:03+00:00,gcp,2026-08-11T07:00:00Z,us-south1,537B-6252-D105,g2-standard-12,L4,1,3_year,USD,0.531221,GPU Per Hour,0.531221,machine_inclusive,accelerator $0.2974/GPU-hr plus 12 vCPU and 48 GB RAM
2026-08-11T12:08:03+00:00,gcp,2026-08-11T07:00:00Z,us-south1,537B-6252-D105,g2-standard-16,L4,1,3_year,USD,0.609168,GPU Per Hour,0.609168,machine_inclusive,accelerator $0.2974/GPU-hr plus 16 vCPU and 64 GB RAM
2026-08-11T12:08:03+00:00,gcp,2026-08-11T07:00:00Z,us-south1,537B-6252-D105,g2-standard-24,L4,2,3_year,USD,1.062442,Machine Per Hour,0.531221,machine_inclusive,accelerator $0.2974/GPU-hr plus 24 vCPU and 96 GB RAM
2026-08-11T12:08:03+00:00,gcp,2026-08-11T07:00:00Z,us-south1,537B-6252-D105,g2-standard-32,L4,1,3_year,USD,0.920954,GPU Per Hour,0.920954,machine_inclusive,accelerator $0.2974/GPU-hr plus 32 vCPU and 128 GB RAM
2026-08-11T12:08:03+00:00,gcp,2026-08-11T07:00:00Z,us-south1,537B-6252-D105,g2-standard-48,L4,4,3_year,USD,2.124884,Machine Per Hour,0.531221,machine_inclusive,accelerator $0.2974/GPU-hr plus 48 vCPU and 192 GB RAM
2026-08-11T12:08:03+00:00,gcp,2026-08-11T07:00:00Z,us-south1,537B-6252-D105,g2-standard-96,L4,8,3_year,USD,4.249769,Machine Per Hour,0.531221,machine_inclusive,accelerator $0.2974/GPU-hr plus 96 vCPU and 384 GB RAM
2026-08-11T12:08:03+00:00,gcp,2026-08-11T07:00:00Z,us-west4,5386-1D22-D2E9,A4 Nvidia B200 (1 gpu slice),B200,1,3_year,USD,7.0884,GPU Per Hour,7.0884,machine_inclusive,Google publishes no separate A4 vCPU/RAM SKUs -- the per-slice price already covers the whole machine
2026-08-11T12:08:03+00:00,gcp,2026-08-11T07:00:00Z,europe-west4,545A-5CD3-16A2,Nvidia Tesla P4 GPU,P4,1,spot,USD,0.2836,GPU Per Hour,0.2836,accelerator_only,"bare accelerator price; Google bills vCPU and RAM separately, so this is NOT comparable to Oracle or Azure"
2026-08-11T12:08:03+00:00,gcp,2026-08-11T07:00:00Z,southamerica-west1,54B2-7923-0744,Nvidia Tesla P4 GPU,P4,1,3_year,USD,0.3861,GPU Per Hour,0.3861,accelerator_only,"bare accelerator price; Google bills vCPU and RAM separately, so this is NOT comparable to Oracle or Azure"
2026-08-11T12:08:03+00:00,gcp,2026-08-11T07:00:00Z,europe-west9,54CD-62B3-EF20,a3-highgpu-8g,H100,8,spot,USD,20.755968,Machine Per Hour,2.594496,machine_inclusive,accelerator $2.3151/GPU-hr plus 208 vCPU and 1872 GB RAM
2026-08-11T12:08:03+00:00,gcp,2026-08-11T07:00:00Z,europe-central2,54FE-1037-03E0,a2-highgpu-1g,A100,1,1_year,USD,2.784586,GPU Per Hour,2.784586,machine_inclusive,accelerator $2.1844/GPU-hr plus 12 vCPU and 85 GB RAM
2026-08-11T12:08:03+00:00,gcp,2026-08-11T07:00:00Z,europe-central2,54FE-1037-03E0,a2-highgpu-2g,A100,2,1_year,USD,5.569173,Machine Per Hour,2.784586,machine_inclusive,accelerator $2.1844/GPU-hr plus 24 vCPU and 170 GB RAM
2026-08-11T12:08:03+00:00,gcp,2026-08-11T07:00:00Z,europe-central2,54FE-1037-03E0,a2-highgpu-4g,A100,4,1_year,USD,11.138345,Machine Per Hour,2.784586,machine_inclusive,accelerator $2.1844/GPU-hr plus 48 vCPU and 340 GB RAM
2026-08-11T12:08:03+00:00,gcp,2026-08-11T07:00:00Z,europe-central2,54FE-1037-03E0,a2-highgpu-8g,A100,8,1_year,USD,22.276691,Machine Per Hour,2.784586,machine_inclusive,accelerator $2.1844/GPU-hr plus 96 vCPU and 680 GB RAM
2026-08-11T12:08:03+00:00,gcp,2026-08-11T07:00:00Z,europe-central2,54FE-1037-03E0,a2-megagpu-16g,A100,16,1_year,USD,42.090022,Machine Per Hour,2.630626,machine_inclusive,accelerator $2.1844/GPU-hr plus 96 vCPU and 1360 GB RAM
2026-08-11T12:08:03+00:00,gcp,2026-08-11T07:00:00Z,asia-southeast2,550E-3FF0-9CC6,Nvidia Tesla P4 GPU,P4,1,spot,USD,0.0705,GPU Per Hour,0.0705,accelerator_only,"bare accelerator price; Google bills vCPU and RAM separately, so this is NOT comparable to Oracle or Azure"
2026-08-11T12:08:03+00:00,gcp,2026-08-11T07:00:00Z,australia-southeast2,554C-7DD1-466F,g2-standard-4,L4,1,3_year,USD,0.413351,GPU Per Hour,0.413351,machine_inclusive,accelerator $0.3275/GPU-hr plus 4 vCPU and 16 GB RAM
2026-08-11T12:08:03+00:00,gcp,2026-08-11T07:00:00Z,australia-southeast2,554C-7DD1-466F,g2-standard-8,L4,1,3_year,USD,0.499194,GPU Per Hour,0.499194,machine_inclusive,accelerator $0.3275/GPU-hr plus 8 vCPU and 32 GB RAM
2026-08-11T12:08:03+00:00,gcp,2026-08-11T07:00:00Z,australia-southeast2,554C-7DD1-466F,g2-standard-12,L4,1,3_year,USD,0.585037,GPU Per Hour,0.585037,machine_inclusive,accelerator $0.3275/GPU-hr plus 12 vCPU and 48 GB RAM
2026-08-11T12:08:03+00:00,gcp,2026-08-11T07:00:00Z,australia-southeast2,554C-7DD1-466F,g2-standard-16,L4,1,3_year,USD,0.670881,GPU Per Hour,0.670881,machine_inclusive,accelerator $0.3275/GPU-hr plus 16 vCPU and 64 GB RAM
2026-08-11T12:08:03+00:00,gcp,2026-08-11T07:00:00Z,australia-southeast2,554C-7DD1-466F,g2-standard-24,L4,2,3_year,USD,1.170075,Machine Per Hour,0.585037,machine_inclusive,accelerator $0.3275/GPU-hr plus 24 vCPU and 96 GB RAM
2026-08-11T12:08:03+00:00,gcp,2026-08-11T07:00:00Z,australia-southeast2,554C-7DD1-466F,g2-standard-32,L4,1,3_year,USD,1.014253,GPU Per Hour,1.014253,machine_inclusive,accelerator $0.3275/GPU-hr plus 32 vCPU and 128 GB RAM
2026-08-11T12:08:03+00:00,gcp,2026-08-11T07:00:00Z,australia-southeast2,554C-7DD1-466F,g2-standard-48,L4,4,3_year,USD,2.34015,Machine Per Hour,0.585037,machine_inclusive,accelerator $0.3275/GPU-hr plus 48 vCPU and 192 GB RAM
2026-08-11T12:08:03+00:00,gcp,2026-08-11T07:00:00Z,australia-southeast2,554C-7DD1-466F,g2-standard-96,L4,8,3_year,USD,4.6803,Machine Per Hour,0.585037,machine_inclusive,accelerator $0.3275/GPU-hr plus 96 vCPU and 384 GB RAM
2026-08-11T12:08:03+00:00,gcp,2026-08-11T07:00:00Z,us-east4,55CD-B842-ABA8,a2-highgpu-1g,A100,1,on_demand,USD,3.934355,GPU Per Hour,3.934355,machine_inclusive,accelerator $3.1016/GPU-hr plus 12 vCPU and 85 GB RAM
2026-08-11T12:08:03+00:00,gcp,2026-08-11T07:00:00Z,us-east4,55CD-B842-ABA8,a2-highgpu-2g,A100,2,on_demand,USD,7.86871,Machine Per Hour,3.934355,machine_inclusive,accelerator $3.1016/GPU-hr plus 24 vCPU and 170 GB RAM
2026-08-11T12:08:03+00:00,gcp,2026-08-11T07:00:00Z,us-east4,55CD-B842-ABA8,a2-highgpu-4g,A100,4,on_demand,USD,15.73742,Machine Per Hour,3.934355,machine_inclusive,accelerator $3.1016/GPU-hr plus 48 vCPU and 340 GB RAM
2026-08-11T12:08:03+00:00,gcp,2026-08-11T07:00:00Z,us-east4,55CD-B842-ABA8,a2-highgpu-8g,A100,8,on_demand,USD,31.474839,Machine Per Hour,3.934355,machine_inclusive,accelerator $3.1016/GPU-hr plus 96 vCPU and 680 GB RAM
2026-08-11T12:08:03+00:00,gcp,2026-08-11T07:00:00Z,us-east4,55CD-B842-ABA8,a2-megagpu-16g,A100,16,on_demand,USD,59.531599,Machine Per Hour,3.720725,machine_inclusive,accelerator $3.1016/GPU-hr plus 96 vCPU and 1360 GB RAM
2026-08-11T12:08:03+00:00,gcp,2026-08-11T07:00:00Z,us-west2,5694-31BC-BA89,a2-ultragpu-1g,A100,1,1_year,USD,5.016641,GPU Per Hour,5.016641,machine_inclusive,accelerator $4.1846/GPU-hr plus 12 vCPU and 170 GB RAM
2026-08-11T12:08:03+00:00,gcp,2026-08-11T07:00:00Z,us-west2,5694-31BC-BA89,a2-ultragpu-2g,A100,2,1_year,USD,10.033283,Machine Per Hour,5.016641,machine_inclusive,accelerator $4.1846/GPU-hr plus 24 vCPU and 340 GB RAM
2026-08-11T12:08:03+00:00,gcp,2026-08-11T07:00:00Z,us-west2,5694-31BC-BA89,a2-ultragpu-4g,A100,4,1_year,USD,20.066566,Machine Per Hour,5.016641,machine_inclusive,accelerator $4.1846/GPU-hr plus 48 vCPU and 680 GB RAM
2026-08-11T12:08:03+00:00,gcp,2026-08-11T07:00:00Z,us-west2,5694-31BC-BA89,a2-ultragpu-8g,A100,8,1_year,USD,40.133131,Machine Per Hour,5.016641,machine_inclusive,accelerator $4.1846/GPU-hr plus 96 vCPU and 1360 GB RAM
2026-08-11T12:08:03+00:00,gcp,2026-08-11T07:00:00Z,northamerica-northeast2,56B0-B26B-8435,a2-ultragpu-1g,A100,1,on_demand,USD,5.535713,GPU Per Hour,5.535713,machine_inclusive,accelerator $4.3252/GPU-hr plus 12 vCPU and 170 GB RAM
2026-08-11T12:08:03+00:00,gcp,2026-08-11T07:00:00Z,northamerica-northeast2,56B0-B26B-8435,a2-ultragpu-2g,A100,2,on_demand,USD,11.071426,Machine Per Hour,5.535713,machine_inclusive,accelerator $4.3252/GPU-hr plus 24 vCPU and 340 GB RAM
2026-08-11T12:08:03+00:00,gcp,2026-08-11T07:00:00Z,northamerica-northeast2,56B0-B26B-8435,a2-ultragpu-4g,A100,4,on_demand,USD,22.142852,Machine Per Hour,5.535713,machine_inclusive,accelerator $4.3252/GPU-hr plus 48 vCPU and 680 GB RAM
2026-08-11T12:08:03+00:00,gcp,2026-08-11T07:00:00Z,northamerica-northeast2,56B0-B26B-8435,a2-ultragpu-8g,A100,8,on_demand,USD,44.285704,Machine Per Hour,5.535713,machine_inclusive,accelerator $4.3252/GPU-hr plus 96 vCPU and 1360 GB RAM
2026-08-11T12:08:03+00:00,gcp,2026-08-11T07:00:00Z,asia-southeast2,56CB-7C91-8AFF,Nvidia Tesla T4 GPU,T4,1,1_year,USD,0.2507,GPU Per Hour,0.2507,accelerator_only,"bare accelerator price; Google bills vCPU and RAM separately, so this is NOT comparable to Oracle or Azure"
2026-08-11T12:08:03+00:00,gcp,2026-08-11T07:00:00Z,southamerica-west1,572D-54EB-79AE,g2-standard-4,L4,1,1_year,USD,0.636785,GPU Per Hour,0.636785,machine_inclusive,accelerator $0.5045/GPU-hr plus 4 vCPU and 16 GB RAM
2026-08-11T12:08:03+00:00,gcp,2026-08-11T07:00:00Z,southamerica-west1,572D-54EB-79AE,g2-standard-8,L4,1,1_year,USD,0.76903,GPU Per Hour,0.76903,machine_inclusive,accelerator $0.5045/GPU-hr plus 8 vCPU and 32 GB RAM
2026-08-11T12:08:03+00:00,gcp,2026-08-11T07:00:00Z,southamerica-west1,572D-54EB-79AE,g2-standard-12,L4,1,1_year,USD,0.901275,GPU Per Hour,0.901275,machine_inclusive,accelerator $0.5045/GPU-hr plus 12 vCPU and 48 GB RAM
2026-08-11T12:08:03+00:00,gcp,2026-08-11T07:00:00Z,southamerica-west1,572D-54EB-79AE,g2-standard-16,L4,1,1_year,USD,1.03352,GPU Per Hour,1.03352,machine_inclusive,accelerator $0.5045/GPU-hr plus 16 vCPU and 64 GB RAM
2026-08-11T12:08:03+00:00,gcp,2026-08-11T07:00:00Z,southamerica-west1,572D-54EB-79AE,g2-standard-24,L4,2,1_year,USD,1.80255,Machine Per Hour,0.901275,machine_inclusive,accelerator $0.5045/GPU-hr plus 24 vCPU and 96 GB RAM
2026-08-11T12:08:03+00:00,gcp,2026-08-11T07:00:00Z,southamerica-west1,572D-54EB-79AE,g2-standard-32,L4,1,1_year,USD,1.5625,GPU Per Hour,1.5625,machine_inclusive,accelerator $0.5045/GPU-hr plus 32 vCPU and 128 GB RAM
2026-08-11T12:08:03+00:00,gcp,2026-08-11T07:00:00Z,southamerica-west1,572D-54EB-79AE,g2-standard-48,L4,4,1_year,USD,3.6051,Machine Per Hour,0.901275,machine_inclusive,accelerator $0.5045/GPU-hr plus 48 vCPU and 192 GB RAM
2026-08-11T12:08:03+00:00,gcp,2026-08-11T07:00:00Z,southamerica-west1,572D-54EB-79AE,g2-standard-96,L4,8,1_year,USD,7.210201,Machine Per Hour,0.901275,machine_inclusive,accelerator $0.5045/GPU-hr plus 96 vCPU and 384 GB RAM
2026-08-11T12:08:03+00:00,gcp,2026-08-11T07:00:00Z,southamerica-west1,572E-8758-2A88,Nvidia Tesla P4 GPU,P4,1,on_demand,USD,0.858,GPU Per Hour,0.858,accelerator_only,"bare accelerator price; Google bills vCPU and RAM separately, so this is NOT comparable to Oracle or Azure"
2026-08-11T12:08:03+00:00,gcp,2026-08-11T07:00:00Z,us-west8,573E-8D70-ED3C,Nvidia Tesla T4 GPU,T4,1,3_year,USD,0.16,GPU Per Hour,0.16,accelerator_only,"bare accelerator price; Google bills vCPU and RAM separately, so this is NOT comparable to Oracle or Azure"
2026-08-11T12:08:03+00:00,gcp,2026-08-11T07:00:00Z,europe-west12,57CF-A3A9-B0C1,g2-standard-4,L4,1,on_demand,USD,0.911814,GPU Per Hour,0.911814,machine_inclusive,accelerator $0.7225/GPU-hr plus 4 vCPU and 16 GB RAM
2026-08-11T12:08:03+00:00,gcp,2026-08-11T07:00:00Z,europe-west12,57CF-A3A9-B0C1,g2-standard-8,L4,1,on_demand,USD,1.101175,GPU Per Hour,1.101175,machine_inclusive,accelerator $0.7225/GPU-hr plus 8 vCPU and 32 GB RAM
2026-08-11T12:08:03+00:00,gcp,2026-08-11T07:00:00Z,europe-west12,57CF-A3A9-B0C1,g2-standard-12,L4,1,on_demand,USD,1.290537,GPU Per Hour,1.290537,machine_inclusive,accelerator $0.7225/GPU-hr plus 12 vCPU and 48 GB RAM
2026-08-11T12:08:03+00:00,gcp,2026-08-11T07:00:00Z,europe-west12,57CF-A3A9-B0C1,g2-standard-16,L4,1,on_demand,USD,1.479899,GPU Per Hour,1.479899,machine_inclusive,accelerator $0.7225/GPU-hr plus 16 vCPU and 64 GB RAM
2026-08-11T12:08:03+00:00,gcp,2026-08-11T07:00:00Z,europe-west12,57CF-A3A9-B0C1,g2-standard-24,L4,2,on_demand,USD,2.581074,Machine Per Hour,1.290537,machine_inclusive,accelerator $0.7225/GPU-hr plus 24 vCPU and 96 GB RAM
2026-08-11T12:08:03+00:00,gcp,2026-08-11T07:00:00Z,europe-west12,57CF-A3A9-B0C1,g2-standard-32,L4,1,on_demand,USD,2.237346,GPU Per Hour,2.237346,machine_inclusive,accelerator $0.7225/GPU-hr plus 32 vCPU and 128 GB RAM
2026-08-11T12:08:03+00:00,gcp,2026-08-11T07:00:00Z,europe-west12,57CF-A3A9-B0C1,g2-standard-48,L4,4,on_demand,USD,5.162148,Machine Per Hour,1.290537,machine_inclusive,accelerator $0.7225/GPU-hr plus 48 vCPU and 192 GB RAM
2026-08-11T12:08:03+00:00,gcp,2026-08-11T07:00:00Z,europe-west12,57CF-A3A9-B0C1,g2-standard-96,L4,8,on_demand,USD,10.324296,Machine Per Hour,1.290537,machine_inclusive,accelerator $0.7225/GPU-hr plus 96 vCPU and 384 GB RAM
2026-08-11T12:08:03+00:00,gcp,2026-08-11T07:00:00Z,us-east7,57FF-C2BE-29B1,1/8 vGPU,,,3_year,USD,0.28463,GPU Per Hour,,,accelerator not in the lookup table -- add it to gcp.py
2026-08-11T12:08:03+00:00,gcp,2026-08-11T07:00:00Z,southamerica-west1,5816-A17A-6987,a2-ultragpu-1g,A100,1,spot,USD,2.16788,GPU Per Hour,2.16788,machine_inclusive,accelerator $1.9265/GPU-hr plus 12 vCPU and 170 GB RAM
2026-08-11T12:08:03+00:00,gcp,2026-08-11T07:00:00Z,southamerica-west1,5816-A17A-6987,a2-ultragpu-2g,A100,2,spot,USD,4.33576,Machine Per Hour,2.16788,machine_inclusive,accelerator $1.9265/GPU-hr plus 24 vCPU and 340 GB RAM
2026-08-11T12:08:03+00:00,gcp,2026-08-11T07:00:00Z,southamerica-west1,5816-A17A-6987,a2-ultragpu-4g,A100,4,spot,USD,8.67152,Machine Per Hour,2.16788,machine_inclusive,accelerator $1.9265/GPU-hr plus 48 vCPU and 680 GB RAM
2026-08-11T12:08:03+00:00,gcp,2026-08-11T07:00:00Z,southamerica-west1,5816-A17A-6987,a2-ultragpu-8g,A100,8,spot,USD,17.34304,Machine Per Hour,2.16788,machine_inclusive,accelerator $1.9265/GPU-hr plus 96 vCPU and 1360 GB RAM
2026-08-11T12:08:03+00:00,gcp,2026-08-11T07:00:00Z,asia-southeast1,582E-28B9-2F3A,1/8 vGPU,,,3_year,USD,0.34156,GPU Per Hour,,,accelerator not in the lookup table -- add it to gcp.py
2026-08-11T12:08:03+00:00,gcp,2026-08-11T07:00:00Z,asia-south1,5847-71DB-210A,a3-ultragpu-8g,H200,8,3_year,USD,43.94496,Machine Per Hour,5.49312,machine_inclusive,accelerator $4.8996/GPU-hr plus 224 vCPU and 2952 GB RAM
2026-08-11T12:08:03+00:00,gcp,2026-08-11T07:00:00Z,asia-southeast1,589B-0FAB-031A,Nvidia Tesla T4 GPU,T4,1,on_demand,USD,0.37,GPU Per Hour,0.37,accelerator_only,"bare accelerator price; Google bills vCPU and RAM separately, so this is NOT comparable to Oracle or Azure"
2026-08-11T12:08:03+00:00,gcp,2026-08-11T07:00:00Z,me-central1,58BE-2704-FE8D,Nvidia Tesla T4 GPU,T4,1,on_demand,USD,0.42525,GPU Per Hour,0.42525,accelerator_only,"bare accelerator price; Google bills vCPU and RAM separately, so this is NOT comparable to Oracle or Azure"
2026-08-11T12:08:03+00:00,gcp,2026-08-11T07:00:00Z,asia-southeast1,58D9-A387-D6B0,1/8 vGPU no lssd,,,on_demand,USD,0.77626,GPU Per Hour,,,accelerator not in the lookup table -- add it to gcp.py
2026-08-11T12:08:03+00:00,gcp,2026-08-11T07:00:00Z,asia-northeast1,58DA-6267-E997,Nvidia Tesla T4 GPU,T4,1,3_year,USD,0.17,GPU Per Hour,0.17,accelerator_only,"bare accelerator price; Google bills vCPU and RAM separately, so this is NOT comparable to Oracle or Azure"
2026-08-11T12:08:03+00:00,gcp,2026-08-11T07:00:00Z,us-east4,5905-0472-286F,Nvidia Tesla P4 GPU,P4,1,spot,USD,0.1275,GPU Per Hour,0.1275,accelerator_only,"bare accelerator price; Google bills vCPU and RAM separately, so this is NOT comparable to Oracle or Azure"
2026-08-11T12:08:03+00:00,gcp,2026-08-11T07:00:00Z,asia-southeast1,5912-8F44-2AC8,Nvidia Tesla T4 GPU,T4,1,1_year,USD,0.23,GPU Per Hour,0.23,accelerator_only,"bare accelerator price; Google bills vCPU and RAM separately, so this is NOT comparable to Oracle or Azure"
2026-08-11T12:08:03+00:00,gcp,2026-08-11T07:00:00Z,asia-southeast1,5912-CC9A-0E1C,a3-megagpu-8g,H100 Mega,8,3_year,USD,52.460477,Machine Per Hour,6.55756,machine_inclusive,accelerator $5.8487/GPU-hr plus 208 vCPU and 1872 GB RAM
2026-08-11T12:08:03+00:00,gcp,2026-08-11T07:00:00Z,us-east5,592A-955B-433D,Nvidia Tesla P4 GPU,P4,1,1_year,USD,0.378,GPU Per Hour,0.378,accelerator_only,"bare accelerator price; Google bills vCPU and RAM separately, so this is NOT comparable to Oracle or Azure"
2026-08-11T12:08:03+00:00,gcp,2026-08-11T07:00:00Z,europe-west4,5930-6457-24EB,A4 Nvidia B200 (1 gpu slice),B200,1,on_demand,USD,17.721,GPU Per Hour,17.721,machine_inclusive,Google publishes no separate A4 vCPU/RAM SKUs -- the per-slice price already covers the whole machine
2026-08-11T12:08:03+00:00,gcp,2026-08-11T07:00:00Z,europe-west12,5932-0D26-FF5E,Nvidia Tesla V100 GPU,V100,1,3_year,USD,1.43964,GPU Per Hour,1.43964,accelerator_only,"bare accelerator price; Google bills vCPU and RAM separately, so this is NOT comparable to Oracle or Azure"
2026-08-11T12:08:03+00:00,gcp,2026-08-11T07:00:00Z,australia-southeast2,5933-E0D6-3FCB,Nvidia Tesla T4 GPU,T4,1,3_year,USD,0.2272,GPU Per Hour,0.2272,accelerator_only,"bare accelerator price; Google bills vCPU and RAM separately, so this is NOT comparable to Oracle or Azure"
2026-08-11T12:08:03+00:00,gcp,2026-08-11T07:00:00Z,asia-south1,5998-D103-1637,a2-ultragpu-1g,A100,1,spot,USD,0.73417,GPU Per Hour,0.73417,machine_inclusive,accelerator $0.5653/GPU-hr plus 12 vCPU and 170 GB RAM
2026-08-11T12:08:03+00:00,gcp,2026-08-11T07:00:00Z,asia-south1,5998-D103-1637,a2-ultragpu-2g,A100,2,spot,USD,1.46834,Machine Per Hour,0.73417,machine_inclusive,accelerator $0.5653/GPU-hr plus 24 vCPU and 340 GB RAM
2026-08-11T12:08:03+00:00,gcp,2026-08-11T07:00:00Z,asia-south1,5998-D103-1637,a2-ultragpu-4g,A100,4,spot,USD,2.93668,Machine Per Hour,0.73417,machine_inclusive,accelerator $0.5653/GPU-hr plus 48 vCPU and 680 GB RAM
2026-08-11T12:08:03+00:00,gcp,2026-08-11T07:00:00Z,asia-south1,5998-D103-1637,a2-ultragpu-8g,A100,8,spot,USD,5.87336,Machine Per Hour,0.73417,machine_inclusive,accelerator $0.5653/GPU-hr plus 96 vCPU and 1360 GB RAM
2026-08-11T12:08:03+00:00,gcp,2026-08-11T07:00:00Z,southamerica-east1,59A5-891E-404F,a2-highgpu-1g,A100,1,spot,USD,0.46835,GPU Per Hour,0.46835,machine_inclusive,accelerator $0.3626/GPU-hr plus 12 vCPU and 85 GB RAM
2026-08-11T12:08:03+00:00,gcp,2026-08-11T07:00:00Z,southamerica-east1,59A5-891E-404F,a2-highgpu-2g,A100,2,spot,USD,0.9367,Machine Per Hour,0.46835,machine_inclusive,accelerator $0.3626/GPU-hr plus 24 vCPU and 170 GB RAM
2026-08-11T12:08:03+00:00,gcp,2026-08-11T07:00:00Z,southamerica-east1,59A5-891E-404F,a2-highgpu-4g,A100,4,spot,USD,1.8734,Machine Per Hour,0.46835,machine_inclusive,accelerator $0.3626/GPU-hr plus 48 vCPU and 340 GB RAM
2026-08-11T12:08:03+00:00,gcp,2026-08-11T07:00:00Z,southamerica-east1,59A5-891E-404F,a2-highgpu-8g,A100,8,spot,USD,3.7468,Machine Per Hour,0.46835,machine_inclusive,accelerator $0.3626/GPU-hr plus 96 vCPU and 680 GB RAM
2026-08-11T12:08:03+00:00,gcp,2026-08-11T07:00:00Z,southamerica-east1,59A5-891E-404F,a2-megagpu-16g,A100,16,spot,USD,7.05968,Machine Per Hour,0.44123,machine_inclusive,accelerator $0.3626/GPU-hr plus 96 vCPU and 1360 GB RAM
2026-08-11T12:08:03+00:00,gcp,2026-08-11T07:00:00Z,us-west3,59B6-A92F-291F,1/8 vGPU no lssd,,,spot,USD,0.28463,GPU Per Hour,,,accelerator not in the lookup table -- add it to gcp.py
2026-08-11T12:08:03+00:00,gcp,2026-08-11T07:00:00Z,us-west2,59CE-B328-B142,a3-highgpu-8g,H100,8,spot,USD,9.600016,Machine Per Hour,1.200002,machine_inclusive,accelerator $1.0706/GPU-hr plus 208 vCPU and 1872 GB RAM
2026-08-11T12:08:03+00:00,gcp,2026-08-11T07:00:00Z,europe-west10,59DA-E7E4-0FCB,Nvidia Tesla V100 GPU,V100,1,3_year,USD,1.71864,GPU Per Hour,1.71864,accelerator_only,"bare accelerator price; Google bills vCPU and RAM separately, so this is NOT comparable to Oracle or Azure"
2026-08-11T12:08:03+00:00,gcp,2026-08-11T07:00:00Z,us-west4,59E8-317C-8FD4,1/8 vGPU,,,1_year,USD,0.49097,GPU Per Hour,,,accelerator not in the lookup table -- add it to gcp.py
2026-08-11T12:08:03+00:00,gcp,2026-08-11T07:00:00Z,africa-south1,5A0D-6234-83BB,a2-highgpu-1g,A100,1,1_year,USD,3.026983,GPU Per Hour,3.026983,machine_inclusive,accelerator $2.4177/GPU-hr plus 12 vCPU and 85 GB RAM
2026-08-11T12:08:03+00:00,gcp,2026-08-11T07:00:00Z,africa-south1,5A0D-6234-83BB,a2-highgpu-2g,A100,2,1_year,USD,6.053967,Machine Per Hour,3.026983,machine_inclusive,accelerator $2.4177/GPU-hr plus 24 vCPU and 170 GB RAM
2026-08-11T12:08:03+00:00,gcp,2026-08-11T07:00:00Z,africa-south1,5A0D-6234-83BB,a2-highgpu-4g,A100,4,1_year,USD,12.107933,Machine Per Hour,3.026983,machine_inclusive,accelerator $2.4177/GPU-hr plus 48 vCPU and 340 GB RAM
2026-08-11T12:08:03+00:00,gcp,2026-08-11T07:00:00Z,africa-south1,5A0D-6234-83BB,a2-highgpu-8g,A100,8,1_year,USD,24.215866,Machine Per Hour,3.026983,machine_inclusive,accelerator $2.4177/GPU-hr plus 96 vCPU and 680 GB RAM
2026-08-11T12:08:03+00:00,gcp,2026-08-11T07:00:00Z,africa-south1,5A0D-6234-83BB,a2-megagpu-16g,A100,16,1_year,USD,45.931045,Machine Per Hour,2.87069,machine_inclusive,accelerator $2.4177/GPU-hr plus 96 vCPU and 1360 GB RAM
2026-08-11T12:08:03+00:00,gcp,2026-08-11T07:00:00Z,me-central1,5A0D-F523-959C,Nvidia Tesla P100 GPU,P100,1,3_year,USD,0.798255,GPU Per Hour,0.798255,accelerator_only,"bare accelerator price; Google bills vCPU and RAM separately, so this is NOT comparable to Oracle or Azure"
2026-08-11T12:08:03+00:00,gcp,2026-08-11T07:00:00Z,europe-west2,5A44-6F11-10C3,a2-ultragpu-1g,A100,1,on_demand,USD,6.477558,GPU Per Hour,6.477558,machine_inclusive,accelerator $5.0609/GPU-hr plus 12 vCPU and 170 GB RAM
2026-08-11T12:08:03+00:00,gcp,2026-08-11T07:00:00Z,europe-west2,5A44-6F11-10C3,a2-ultragpu-2g,A100,2,on_demand,USD,12.955116,Machine Per Hour,6.477558,machine_inclusive,accelerator $5.0609/GPU-hr plus 24 vCPU and 340 GB RAM
2026-08-11T12:08:03+00:00,gcp,2026-08-11T07:00:00Z,europe-west2,5A44-6F11-10C3,a2-ultragpu-4g,A100,4,on_demand,USD,25.910232,Machine Per Hour,6.477558,machine_inclusive,accelerator $5.0609/GPU-hr plus 48 vCPU and 680 GB RAM
2026-08-11T12:08:03+00:00,gcp,2026-08-11T07:00:00Z,europe-west2,5A44-6F11-10C3,a2-ultragpu-8g,A100,8,on_demand,USD,51.820464,Machine Per Hour,6.477558,machine_inclusive,accelerator $5.0609/GPU-hr plus 96 vCPU and 1360 GB RAM
2026-08-11T12:08:03+00:00,gcp,2026-08-11T07:00:00Z,us-east5,5A78-F12E-1FD9,Nvidia Tesla P100 GPU,P100,1,spot,USD,0.1314,GPU Per Hour,0.1314,accelerator_only,"bare accelerator price; Google bills vCPU and RAM separately, so this is NOT comparable to Oracle or Azure"
2026-08-11T12:08:03+00:00,gcp,2026-08-11T07:00:00Z,us-south1,5AD7-0DCA-9802,a3-ultragpu-8g,H200,8,spot,USD,59.110656,Machine Per Hour,7.388832,machine_inclusive,accelerator $6.5927/GPU-hr plus 224 vCPU and 2952 GB RAM
2026-08-11T12:08:03+00:00,gcp,2026-08-11T07:00:00Z,northamerica-northeast1,5AF4-0AAF-DE1F,g2-standard-4,L4,1,on_demand,USD,0.778293,GPU Per Hour,0.778293,machine_inclusive,accelerator $0.6167/GPU-hr plus 4 vCPU and 16 GB RAM
2026-08-11T12:08:03+00:00,gcp,2026-08-11T07:00:00Z,northamerica-northeast1,5AF4-0AAF-DE1F,g2-standard-8,L4,1,on_demand,USD,0.939926,GPU Per Hour,0.939926,machine_inclusive,accelerator $0.6167/GPU-hr plus 8 vCPU and 32 GB RAM
2026-08-11T12:08:03+00:00,gcp,2026-08-11T07:00:00Z,northamerica-northeast1,5AF4-0AAF-DE1F,g2-standard-12,L4,1,on_demand,USD,1.101558,GPU Per Hour,1.101558,machine_inclusive,accelerator $0.6167/GPU-hr plus 12 vCPU and 48 GB RAM
2026-08-11T12:08:03+00:00,gcp,2026-08-11T07:00:00Z,northamerica-northeast1,5AF4-0AAF-DE1F,g2-standard-16,L4,1,on_demand,USD,1.263191,GPU Per Hour,1.263191,machine_inclusive,accelerator $0.6167/GPU-hr plus 16 vCPU and 64 GB RAM
2026-08-11T12:08:03+00:00,gcp,2026-08-11T07:00:00Z,northamerica-northeast1,5AF4-0AAF-DE1F,g2-standard-24,L4,2,on_demand,USD,2.203117,Machine Per Hour,1.101558,machine_inclusive,accelerator $0.6167/GPU-hr plus 24 vCPU and 96 GB RAM
2026-08-11T12:08:03+00:00,gcp,2026-08-11T07:00:00Z,northamerica-northeast1,5AF4-0AAF-DE1F,g2-standard-32,L4,1,on_demand,USD,1.909722,GPU Per Hour,1.909722,machine_inclusive,accelerator $0.6167/GPU-hr plus 32 vCPU and 128 GB RAM
2026-08-11T12:08:03+00:00,gcp,2026-08-11T07:00:00Z,northamerica-northeast1,5AF4-0AAF-DE1F,g2-standard-48,L4,4,on_demand,USD,4.406234,Machine Per Hour,1.101558,machine_inclusive,accelerator $0.6167/GPU-hr plus 48 vCPU and 192 GB RAM
2026-08-11T12:08:03+00:00,gcp,2026-08-11T07:00:00Z,northamerica-northeast1,5AF4-0AAF-DE1F,g2-standard-96,L4,8,on_demand,USD,8.812467,Machine Per Hour,1.101558,machine_inclusive,accelerator $0.6167/GPU-hr plus 96 vCPU and 384 GB RAM
2026-08-11T12:08:03+00:00,gcp,2026-08-11T07:00:00Z,asia-northeast3,5B09-E1AB-96DB,Nvidia Tesla P100 GPU,P100,1,1_year,USD,1.008,GPU Per Hour,1.008,accelerator_only,"bare accelerator price; Google bills vCPU and RAM separately, so this is NOT comparable to Oracle or Azure"
2026-08-11T12:08:03+00:00,gcp,2026-08-11T07:00:00Z,asia-south2,5B15-E88A-0C34,a3-highgpu-8g,H100,8,3_year,USD,46.324615,Machine Per Hour,5.790577,machine_inclusive,accelerator $5.1646/GPU-hr plus 208 vCPU and 1872 GB RAM
2026-08-11T12:08:03+00:00,gcp,2026-08-11T07:00:00Z,northamerica-northeast1,5B76-B960-96C8,a2-highgpu-1g,A100,1,3_year,USD,1.376006,GPU Per Hour,1.376006,machine_inclusive,accelerator $1.0911/GPU-hr plus 12 vCPU and 85 GB RAM
2026-08-11T12:08:03+00:00,gcp,2026-08-11T07:00:00Z,northamerica-northeast1,5B76-B960-96C8,a2-highgpu-2g,A100,2,3_year,USD,2.752012,Machine Per Hour,1.376006,machine_inclusive,accelerator $1.0911/GPU-hr plus 24 vCPU and 170 GB RAM
2026-08-11T12:08:03+00:00,gcp,2026-08-11T07:00:00Z,northamerica-northeast1,5B76-B960-96C8,a2-highgpu-4g,A100,4,3_year,USD,5.504024,Machine Per Hour,1.376006,machine_inclusive,accelerator $1.0911/GPU-hr plus 48 vCPU and 340 GB RAM
2026-08-11T12:08:03+00:00,gcp,2026-08-11T07:00:00Z,northamerica-northeast1,5B76-B960-96C8,a2-highgpu-8g,A100,8,3_year,USD,11.008048,Machine Per Hour,1.376006,machine_inclusive,accelerator $1.0911/GPU-hr plus 96 vCPU and 680 GB RAM
2026-08-11T12:08:03+00:00,gcp,2026-08-11T07:00:00Z,northamerica-northeast1,5B76-B960-96C8,a2-megagpu-16g,A100,16,3_year,USD,20.846741,Machine Per Hour,1.302921,machine_inclusive,accelerator $1.0911/GPU-hr plus 96 vCPU and 1360 GB RAM
2026-08-11T12:08:03+00:00,gcp,2026-08-11T07:00:00Z,asia-northeast2,5B7D-FEE2-2A0D,a2-ultragpu-1g,A100,1,on_demand,USD,6.453086,GPU Per Hour,6.453086,machine_inclusive,accelerator $5.0444/GPU-hr plus 12 vCPU and 170 GB RAM
2026-08-11T12:08:03+00:00,gcp,2026-08-11T07:00:00Z,asia-northeast2,5B7D-FEE2-2A0D,a2-ultragpu-2g,A100,2,on_demand,USD,12.906172,Machine Per Hour,6.453086,machine_inclusive,accelerator $5.0444/GPU-hr plus 24 vCPU and 340 GB RAM
2026-08-11T12:08:03+00:00,gcp,2026-08-11T07:00:00Z,asia-northeast2,5B7D-FEE2-2A0D,a2-ultragpu-4g,A100,4,on_demand,USD,25.812344,Machine Per Hour,6.453086,machine_inclusive,accelerator $5.0444/GPU-hr plus 48 vCPU and 680 GB RAM
2026-08-11T12:08:03+00:00,gcp,2026-08-11T07:00:00Z,asia-northeast2,5B7D-FEE2-2A0D,a2-ultragpu-8g,A100,8,on_demand,USD,51.624688,Machine Per Hour,6.453086,machine_inclusive,accelerator $5.0444/GPU-hr plus 96 vCPU and 1360 GB RAM
2026-08-11T12:08:03+00:00,gcp,2026-08-11T07:00:00Z,europe-west9,5C76-9532-F678,Nvidia Tesla V100 GPU,V100,1,3_year,USD,1.29456,GPU Per Hour,1.29456,accelerator_only,"bare accelerator price; Google bills vCPU and RAM separately, so this is NOT comparable to Oracle or Azure"
2026-08-11T12:08:03+00:00,gcp,2026-08-11T07:00:00Z,europe-west1,5CFC-91A5-9B5C,a2-ultragpu-1g,A100,1,on_demand,USD,5.534855,GPU Per Hour,5.534855,machine_inclusive,accelerator $4.3252/GPU-hr plus 12 vCPU and 170 GB RAM
2026-08-11T12:08:03+00:00,gcp,2026-08-11T07:00:00Z,europe-west1,5CFC-91A5-9B5C,a2-ultragpu-2g,A100,2,on_demand,USD,11.06971,Machine Per Hour,5.534855,machine_inclusive,accelerator $4.3252/GPU-hr plus 24 vCPU and 340 GB RAM
2026-08-11T12:08:03+00:00,gcp,2026-08-11T07:00:00Z,europe-west1,5CFC-91A5-9B5C,a2-ultragpu-4g,A100,4,on_demand,USD,22.13942,Machine Per Hour,5.534855,machine_inclusive,accelerator $4.3252/GPU-hr plus 48 vCPU and 680 GB RAM
2026-08-11T12:08:03+00:00,gcp,2026-08-11T07:00:00Z,europe-west1,5CFC-91A5-9B5C,a2-ultragpu-8g,A100,8,on_demand,USD,44.27884,Machine Per Hour,5.534855,machine_inclusive,accelerator $4.3252/GPU-hr plus 96 vCPU and 1360 GB RAM
2026-08-11T12:08:03+00:00,gcp,2026-08-11T07:00:00Z,asia-southeast2,5D29-88A6-04EB,1/8 vGPU,,,3_year,USD,0.37002,GPU Per Hour,,,accelerator not in the lookup table -- add it to gcp.py
2026-08-11T12:08:03+00:00,gcp,2026-08-11T07:00:00Z,northamerica-northeast1,5D47-FD3B-A277,g2-standard-4,L4,1,3_year,USD,0.350232,GPU Per Hour,0.350232,machine_inclusive,accelerator $0.2775/GPU-hr plus 4 vCPU and 16 GB RAM
2026-08-11T12:08:03+00:00,gcp,2026-08-11T07:00:00Z,northamerica-northeast1,5D47-FD3B-A277,g2-standard-8,L4,1,3_year,USD,0.422966,GPU Per Hour,0.422966,machine_inclusive,accelerator $0.2775/GPU-hr plus 8 vCPU and 32 GB RAM
2026-08-11T12:08:03+00:00,gcp,2026-08-11T07:00:00Z,northamerica-northeast1,5D47-FD3B-A277,g2-standard-12,L4,1,3_year,USD,0.495701,GPU Per Hour,0.495701,machine_inclusive,accelerator $0.2775/GPU-hr plus 12 vCPU and 48 GB RAM
2026-08-11T12:08:03+00:00,gcp,2026-08-11T07:00:00Z,northamerica-northeast1,5D47-FD3B-A277,g2-standard-16,L4,1,3_year,USD,0.568436,GPU Per Hour,0.568436,machine_inclusive,accelerator $0.2775/GPU-hr plus 16 vCPU and 64 GB RAM
2026-08-11T12:08:03+00:00,gcp,2026-08-11T07:00:00Z,northamerica-northeast1,5D47-FD3B-A277,g2-standard-24,L4,2,3_year,USD,0.991402,Machine Per Hour,0.495701,machine_inclusive,accelerator $0.2775/GPU-hr plus 24 vCPU and 96 GB RAM
2026-08-11T12:08:03+00:00,gcp,2026-08-11T07:00:00Z,northamerica-northeast1,5D47-FD3B-A277,g2-standard-32,L4,1,3_year,USD,0.859375,GPU Per Hour,0.859375,machine_inclusive,accelerator $0.2775/GPU-hr plus 32 vCPU and 128 GB RAM
2026-08-11T12:08:03+00:00,gcp,2026-08-11T07:00:00Z,northamerica-northeast1,5D47-FD3B-A277,g2-standard-48,L4,4,3_year,USD,1.982805,Machine Per Hour,0.495701,machine_inclusive,accelerator $0.2775/GPU-hr plus 48 vCPU and 192 GB RAM
2026-08-11T12:08:03+00:00,gcp,2026-08-11T07:00:00Z,northamerica-northeast1,5D47-FD3B-A277,g2-standard-96,L4,8,3_year,USD,3.96561,Machine Per Hour,0.495701,machine_inclusive,accelerator $0.2775/GPU-hr plus 96 vCPU and 384 GB RAM
2026-08-11T12:08:03+00:00,gcp,2026-08-11T07:00:00Z,europe-west4,5DC7-220E-D29D,a3-megagpu-8g,H100 Mega,8,spot,USD,54.307216,Machine Per Hour,6.788402,machine_inclusive,accelerator $6.0571/GPU-hr plus 208 vCPU and 1872 GB RAM
2026-08-11T12:08:03+00:00,gcp,2026-08-11T07:00:00Z,asia-southeast2,5DE0-A122-C063,Nvidia Tesla T4 GPU,T4,1,spot,USD,0.1215,GPU Per Hour,0.1215,accelerator_only,"bare accelerator price; Google bills vCPU and RAM separately, so this is NOT comparable to Oracle or Azure"
2026-08-11T12:08:03+00:00,gcp,2026-08-11T07:00:00Z,europe-west1,5E43-74DA-CCCB,a3-ultragpu-8g,H200,8,3_year,USD,40.32008,Machine Per Hour,5.04001,machine_inclusive,accelerator $4.4958/GPU-hr plus 224 vCPU and 2952 GB RAM
2026-08-11T12:08:03+00:00,gcp,2026-08-11T07:00:00Z,us-west8,5E87-C296-EB74,Nvidia Tesla V100 GPU,V100,1,3_year,USD,1.116,GPU Per Hour,1.116,accelerator_only,"bare accelerator price; Google bills vCPU and RAM separately, so this is NOT comparable to Oracle or Azure"
2026-08-11T12:08:03+00:00,gcp,2026-08-11T07:00:00Z,europe-west2,5EC2-A20B-2D2B,1/8 vGPU,,,1_year,USD,0.53561,GPU Per Hour,,,accelerator not in the lookup table -- add it to gcp.py
2026-08-11T12:08:03+00:00,gcp,2026-08-11T07:00:00Z,us-central1,5F45-2ADE-3091,Nvidia H100 80GB Plus GPU,,,3_year,USD,4.498984,GPU Per Hour,,,accelerator not in the lookup table -- add it to gcp.py
2026-08-11T12:08:03+00:00,gcp,2026-08-11T07:00:00Z,us-east1,5F45-2ADE-3091,Nvidia H100 80GB Plus GPU,,,3_year,USD,4.498984,GPU Per Hour,,,accelerator not in the lookup table -- add it to gcp.py
2026-08-11T12:08:03+00:00,gcp,2026-08-11T07:00:00Z,us-west1,5F45-2ADE-3091,Nvidia H100 80GB Plus GPU,,,3_year,USD,4.498984,GPU Per Hour,,,accelerator not in the lookup table -- add it to gcp.py
2026-08-11T12:08:03+00:00,gcp,2026-08-11T07:00:00Z,europe-central2,5F63-835C-6AA1,a2-highgpu-1g,A100,1,spot,USD,0.39576,GPU Per Hour,0.39576,machine_inclusive,accelerator $0.3099/GPU-hr plus 12 vCPU and 85 GB RAM
2026-08-11T12:08:03+00:00,gcp,2026-08-11T07:00:00Z,europe-central2,5F63-835C-6AA1,a2-highgpu-2g,A100,2,spot,USD,0.79152,Machine Per Hour,0.39576,machine_inclusive,accelerator $0.3099/GPU-hr plus 24 vCPU and 170 GB RAM
2026-08-11T12:08:03+00:00,gcp,2026-08-11T07:00:00Z,europe-central2,5F63-835C-6AA1,a2-highgpu-4g,A100,4,spot,USD,1.58304,Machine Per Hour,0.39576,machine_inclusive,accelerator $0.3099/GPU-hr plus 48 vCPU and 340 GB RAM
2026-08-11T12:08:03+00:00,gcp,2026-08-11T07:00:00Z,europe-central2,5F63-835C-6AA1,a2-highgpu-8g,A100,8,spot,USD,3.16608,Machine Per Hour,0.39576,machine_inclusive,accelerator $0.3099/GPU-hr plus 96 vCPU and 680 GB RAM
2026-08-11T12:08:03+00:00,gcp,2026-08-11T07:00:00Z,europe-central2,5F63-835C-6AA1,a2-megagpu-16g,A100,16,spot,USD,5.97984,Machine Per Hour,0.37374,machine_inclusive,accelerator $0.3099/GPU-hr plus 96 vCPU and 1360 GB RAM
2026-08-11T12:08:03+00:00,gcp,2026-08-11T07:00:00Z,europe-central2,5F68-4141-AB13,Nvidia Tesla P100 GPU,P100,1,on_demand,USD,1.6,GPU Per Hour,1.6,accelerator_only,"bare accelerator price; Google bills vCPU and RAM separately, so this is NOT comparable to Oracle or Azure"
2026-08-11T12:08:03+00:00,gcp,2026-08-11T07:00:00Z,asia-northeast1,5F99-F715-68A0,A4 Nvidia B200 (1 gpu slice),B200,1,3_year,USD,8.50608,GPU Per Hour,8.50608,machine_inclusive,Google publishes no separate A4 vCPU/RAM SKUs -- the per-slice price already covers the whole machine
2026-08-11T12:08:03+00:00,gcp,2026-08-11T07:00:00Z,europe-west10,5FBE-AB9A-4348,a2-highgpu-1g,A100,1,on_demand,USD,5.657013,GPU Per Hour,5.657013,machine_inclusive,accelerator $4.5182/GPU-hr plus 12 vCPU and 85 GB RAM
2026-08-11T12:08:03+00:00,gcp,2026-08-11T07:00:00Z,europe-west10,5FBE-AB9A-4348,a2-highgpu-2g,A100,2,on_demand,USD,11.314025,Machine Per Hour,5.657013,machine_inclusive,accelerator $4.5182/GPU-hr plus 24 vCPU and 170 GB RAM
2026-08-11T12:08:03+00:00,gcp,2026-08-11T07:00:00Z,europe-west10,5FBE-AB9A-4348,a2-highgpu-4g,A100,4,on_demand,USD,22.62805,Machine Per Hour,5.657013,machine_inclusive,accelerator $4.5182/GPU-hr plus 48 vCPU and 340 GB RAM
2026-08-11T12:08:03+00:00,gcp,2026-08-11T07:00:00Z,europe-west10,5FBE-AB9A-4348,a2-highgpu-8g,A100,8,on_demand,USD,45.256101,Machine Per Hour,5.657013,machine_inclusive,accelerator $4.5182/GPU-hr plus 96 vCPU and 680 GB RAM
2026-08-11T12:08:03+00:00,gcp,2026-08-11T07:00:00Z,europe-west10,5FBE-AB9A-4348,a2-megagpu-16g,A100,16,on_demand,USD,85.838831,Machine Per Hour,5.364927,machine_inclusive,accelerator $4.5182/GPU-hr plus 96 vCPU and 1360 GB RAM
2026-08-11T12:08:03+00:00,gcp,2026-08-11T07:00:00Z,asia-northeast3,5FCA-EE09-8E99,Nvidia Tesla T4 GPU,T4,1,3_year,USD,0.17,GPU Per Hour,0.17,accelerator_only,"bare accelerator price; Google bills vCPU and RAM separately, so this is NOT comparable to Oracle or Azure"
2026-08-11T12:08:03+00:00,gcp,2026-08-11T07:00:00Z,australia-southeast2,5FD4-C34F-34D6,a3-highgpu-8g,H100,8,spot,USD,10.362464,Machine Per Hour,1.295308,machine_inclusive,accelerator $1.1560/GPU-hr plus 208 vCPU and 1872 GB RAM
2026-08-11T12:08:03+00:00,gcp,2026-08-11T07:00:00Z,us-east5,5FFF-7001-D632,Nvidia Tesla P100 GPU,P100,1,1_year,USD,0.919,GPU Per Hour,0.919,accelerator_only,"bare accelerator price; Google bills vCPU and RAM separately, so this is NOT comparable to Oracle or Azure"
2026-08-11T12:08:03+00:00,gcp,2026-08-11T07:00:00Z,asia-south2,6010-C9BD-5B5E,a2-highgpu-1g,A100,1,3_year,USD,1.543111,GPU Per Hour,1.543111,machine_inclusive,accelerator $1.2322/GPU-hr plus 12 vCPU and 85 GB RAM
2026-08-11T12:08:03+00:00,gcp,2026-08-11T07:00:00Z,asia-south2,6010-C9BD-5B5E,a2-highgpu-2g,A100,2,3_year,USD,3.086222,Machine Per Hour,1.543111,machine_inclusive,accelerator $1.2322/GPU-hr plus 24 vCPU and 170 GB RAM
2026-08-11T12:08:03+00:00,gcp,2026-08-11T07:00:00Z,asia-south2,6010-C9BD-5B5E,a2-highgpu-4g,A100,4,3_year,USD,6.172444,Machine Per Hour,1.543111,machine_inclusive,accelerator $1.2322/GPU-hr plus 48 vCPU and 340 GB RAM
2026-08-11T12:08:03+00:00,gcp,2026-08-11T07:00:00Z,asia-south2,6010-C9BD-5B5E,a2-highgpu-8g,A100,8,3_year,USD,12.344888,Machine Per Hour,1.543111,machine_inclusive,accelerator $1.2322/GPU-hr plus 96 vCPU and 680 GB RAM
2026-08-11T12:08:03+00:00,gcp,2026-08-11T07:00:00Z,asia-south2,6010-C9BD-5B5E,a2-megagpu-16g,A100,16,3_year,USD,23.413976,Machine Per Hour,1.463374,machine_inclusive,accelerator $1.2322/GPU-hr plus 96 vCPU and 1360 GB RAM
2026-08-11T12:08:03+00:00,gcp,2026-08-11T07:00:00Z,asia-southeast1,6012-C7D6-4721,a3-highgpu-8g,H100,8,spot,USD,61.57,Machine Per Hour,7.69625,machine_inclusive,accelerator $6.9052/GPU-hr plus 208 vCPU and 1872 GB RAM
2026-08-11T12:08:03+00:00,gcp,2026-08-11T07:00:00Z,europe-west9,6024-9E9B-A6D8,Nvidia Tesla V100 GPU,V100,1,spot,USD,0.2589,GPU Per Hour,0.2589,accelerator_only,"bare accelerator price; Google bills vCPU and RAM separately, so this is NOT comparable to Oracle or Azure"
2026-08-11T12:08:03+00:00,gcp,2026-08-11T07:00:00Z,us-south1,605D-B0EB-E2B1,RTX 6000 96GB,RTX PRO 6000,1,on_demand,USD,1.09565,GPU Per Hour,1.09565,accelerator_only,"bare accelerator price; Google bills vCPU and RAM separately, so this is NOT comparable to Oracle or Azure"
2026-08-11T12:08:03+00:00,gcp,2026-08-11T07:00:00Z,us-west1,6070-CD93-39BC,RTX 6000 96GB,RTX PRO 6000,1,1_year,USD,0.756,GPU Per Hour,0.756,accelerator_only,"bare accelerator price; Google bills vCPU and RAM separately, so this is NOT comparable to Oracle or Azure"
2026-08-11T12:08:03+00:00,gcp,2026-08-11T07:00:00Z,us-central1,60B2-2A10-9A50,g2-standard-4,L4,1,3_year,USD,0.318075,GPU Per Hour,0.318075,machine_inclusive,accelerator $0.2520/GPU-hr plus 4 vCPU and 16 GB RAM
2026-08-11T12:08:03+00:00,gcp,2026-08-11T07:00:00Z,us-central1,60B2-2A10-9A50,g2-standard-8,L4,1,3_year,USD,0.384131,GPU Per Hour,0.384131,machine_inclusive,accelerator $0.2520/GPU-hr plus 8 vCPU and 32 GB RAM
2026-08-11T12:08:03+00:00,gcp,2026-08-11T07:00:00Z,us-central1,60B2-2A10-9A50,g2-standard-12,L4,1,3_year,USD,0.450187,GPU Per Hour,0.450187,machine_inclusive,accelerator $0.2520/GPU-hr plus 12 vCPU and 48 GB RAM
2026-08-11T12:08:03+00:00,gcp,2026-08-11T07:00:00Z,us-central1,60B2-2A10-9A50,g2-standard-16,L4,1,3_year,USD,0.516244,GPU Per Hour,0.516244,machine_inclusive,accelerator $0.2520/GPU-hr plus 16 vCPU and 64 GB RAM
2026-08-11T12:08:03+00:00,gcp,2026-08-11T07:00:00Z,us-central1,60B2-2A10-9A50,g2-standard-24,L4,2,3_year,USD,0.900375,Machine Per Hour,0.450187,machine_inclusive,accelerator $0.2520/GPU-hr plus 24 vCPU and 96 GB RAM
2026-08-11T12:08:03+00:00,gcp,2026-08-11T07:00:00Z,us-central1,60B2-2A10-9A50,g2-standard-32,L4,1,3_year,USD,0.780469,GPU Per Hour,0.780469,machine_inclusive,accelerator $0.2520/GPU-hr plus 32 vCPU and 128 GB RAM
2026-08-11T12:08:03+00:00,gcp,2026-08-11T07:00:00Z,us-central1,60B2-2A10-9A50,g2-standard-48,L4,4,3_year,USD,1.800749,Machine Per Hour,0.450187,machine_inclusive,accelerator $0.2520/GPU-hr plus 48 vCPU and 192 GB RAM
2026-08-11T12:08:03+00:00,gcp,2026-08-11T07:00:00Z,us-central1,60B2-2A10-9A50,g2-standard-96,L4,8,3_year,USD,3.601498,Machine Per Hour,0.450187,machine_inclusive,accelerator $0.2520/GPU-hr plus 96 vCPU and 384 GB RAM
2026-08-11T12:08:03+00:00,gcp,2026-08-11T07:00:00Z,us-east1,60B2-2A10-9A50,g2-standard-4,L4,1,3_year,USD,0.318075,GPU Per Hour,0.318075,machine_inclusive,accelerator $0.2520/GPU-hr plus 4 vCPU and 16 GB RAM
2026-08-11T12:08:03+00:00,gcp,2026-08-11T07:00:00Z,us-east1,60B2-2A10-9A50,g2-standard-8,L4,1,3_year,USD,0.384131,GPU Per Hour,0.384131,machine_inclusive,accelerator $0.2520/GPU-hr plus 8 vCPU and 32 GB RAM
2026-08-11T12:08:03+00:00,gcp,2026-08-11T07:00:00Z,us-east1,60B2-2A10-9A50,g2-standard-12,L4,1,3_year,USD,0.450187,GPU Per Hour,0.450187,machine_inclusive,accelerator $0.2520/GPU-hr plus 12 vCPU and 48 GB RAM
2026-08-11T12:08:03+00:00,gcp,2026-08-11T07:00:00Z,us-east1,60B2-2A10-9A50,g2-standard-16,L4,1,3_year,USD,0.516244,GPU Per Hour,0.516244,machine_inclusive,accelerator $0.2520/GPU-hr plus 16 vCPU and 64 GB RAM
2026-08-11T12:08:03+00:00,gcp,2026-08-11T07:00:00Z,us-east1,60B2-2A10-9A50,g2-standard-24,L4,2,3_year,USD,0.900375,Machine Per Hour,0.450187,machine_inclusive,accelerator $0.2520/GPU-hr plus 24 vCPU and 96 GB RAM
2026-08-11T12:08:03+00:00,gcp,2026-08-11T07:00:00Z,us-east1,60B2-2A10-9A50,g2-standard-32,L4,1,3_year,USD,0.780469,GPU Per Hour,0.780469,machine_inclusive,accelerator $0.2520/GPU-hr plus 32 vCPU and 128 GB RAM
2026-08-11T12:08:03+00:00,gcp,2026-08-11T07:00:00Z,us-east1,60B2-2A10-9A50,g2-standard-48,L4,4,3_year,USD,1.800749,Machine Per Hour,0.450187,machine_inclusive,accelerator $0.2520/GPU-hr plus 48 vCPU and 192 GB RAM
2026-08-11T12:08:03+00:00,gcp,2026-08-11T07:00:00Z,us-east1,60B2-2A10-9A50,g2-standard-96,L4,8,3_year,USD,3.601498,Machine Per Hour,0.450187,machine_inclusive,accelerator $0.2520/GPU-hr plus 96 vCPU and 384 GB RAM
2026-08-11T12:08:03+00:00,gcp,2026-08-11T07:00:00Z,us-west1,60B2-2A10-9A50,g2-standard-4,L4,1,3_year,USD,0.318075,GPU Per Hour,0.318075,machine_inclusive,accelerator $0.2520/GPU-hr plus 4 vCPU and 16 GB RAM
2026-08-11T12:08:03+00:00,gcp,2026-08-11T07:00:00Z,us-west1,60B2-2A10-9A50,g2-standard-8,L4,1,3_year,USD,0.384131,GPU Per Hour,0.384131,machine_inclusive,accelerator $0.2520/GPU-hr plus 8 vCPU and 32 GB RAM
2026-08-11T12:08:03+00:00,gcp,2026-08-11T07:00:00Z,us-west1,60B2-2A10-9A50,g2-standard-12,L4,1,3_year,USD,0.450187,GPU Per Hour,0.450187,machine_inclusive,accelerator $0.2520/GPU-hr plus 12 vCPU and 48 GB RAM
2026-08-11T12:08:03+00:00,gcp,2026-08-11T07:00:00Z,us-west1,60B2-2A10-9A50,g2-standard-16,L4,1,3_year,USD,0.516244,GPU Per Hour,0.516244,machine_inclusive,accelerator $0.2520/GPU-hr plus 16 vCPU and 64 GB RAM
2026-08-11T12:08:03+00:00,gcp,2026-08-11T07:00:00Z,us-west1,60B2-2A10-9A50,g2-standard-24,L4,2,3_year,USD,0.900375,Machine Per Hour,0.450187,machine_inclusive,accelerator $0.2520/GPU-hr plus 24 vCPU and 96 GB RAM
2026-08-11T12:08:03+00:00,gcp,2026-08-11T07:00:00Z,us-west1,60B2-2A10-9A50,g2-standard-32,L4,1,3_year,USD,0.780469,GPU Per Hour,0.780469,machine_inclusive,accelerator $0.2520/GPU-hr plus 32 vCPU and 128 GB RAM
2026-08-11T12:08:03+00:00,gcp,2026-08-11T07:00:00Z,us-west1,60B2-2A10-9A50,g2-standard-48,L4,4,3_year,USD,1.800749,Machine Per Hour,0.450187,machine_inclusive,accelerator $0.2520/GPU-hr plus 48 vCPU and 192 GB RAM
2026-08-11T12:08:03+00:00,gcp,2026-08-11T07:00:00Z,us-west1,60B2-2A10-9A50,g2-standard-96,L4,8,3_year,USD,3.601498,Machine Per Hour,0.450187,machine_inclusive,accelerator $0.2520/GPU-hr plus 96 vCPU and 384 GB RAM
2026-08-11T12:08:03+00:00,gcp,2026-08-11T07:00:00Z,europe-west3,60B6-C06E-87F5,a3-highgpu-8g,H100,8,spot,USD,46.727792,Machine Per Hour,5.840974,machine_inclusive,accelerator $5.2118/GPU-hr plus 208 vCPU and 1872 GB RAM
2026-08-11T12:08:03+00:00,gcp,2026-08-11T07:00:00Z,europe-central2,6139-EB39-D958,Nvidia Tesla P4 GPU,P4,1,spot,USD,0.0647,GPU Per Hour,0.0647,accelerator_only,"bare accelerator price; Google bills vCPU and RAM separately, so this is NOT comparable to Oracle or Azure"
2026-08-11T12:08:03+00:00,gcp,2026-08-11T07:00:00Z,asia-northeast3,616D-2044-6A77,a3-highgpu-8g,H100,8,3_year,USD,49.529659,Machine Per Hour,6.191207,machine_inclusive,accelerator $5.5219/GPU-hr plus 208 vCPU and 1872 GB RAM
2026-08-11T12:08:03+00:00,gcp,2026-08-11T07:00:00Z,africa-south1,616F-36FD-6C77,a2-ultragpu-1g,A100,1,3_year,USD,4.553808,GPU Per Hour,4.553808,machine_inclusive,accelerator $4.0503/GPU-hr plus 12 vCPU and 170 GB RAM
2026-08-11T12:08:03+00:00,gcp,2026-08-11T07:00:00Z,africa-south1,616F-36FD-6C77,a2-ultragpu-2g,A100,2,3_year,USD,9.107616,Machine Per Hour,4.553808,machine_inclusive,accelerator $4.0503/GPU-hr plus 24 vCPU and 340 GB RAM
2026-08-11T12:08:03+00:00,gcp,2026-08-11T07:00:00Z,africa-south1,616F-36FD-6C77,a2-ultragpu-4g,A100,4,3_year,USD,18.215233,Machine Per Hour,4.553808,machine_inclusive,accelerator $4.0503/GPU-hr plus 48 vCPU and 680 GB RAM
2026-08-11T12:08:03+00:00,gcp,2026-08-11T07:00:00Z,africa-south1,616F-36FD-6C77,a2-ultragpu-8g,A100,8,3_year,USD,36.430466,Machine Per Hour,4.553808,machine_inclusive,accelerator $4.0503/GPU-hr plus 96 vCPU and 1360 GB RAM
2026-08-11T12:08:03+00:00,gcp,2026-08-11T07:00:00Z,asia-southeast1,6193-7D18-501F,g2-standard-4,L4,1,3_year,USD,0.392408,GPU Per Hour,0.392408,machine_inclusive,accelerator $0.3109/GPU-hr plus 4 vCPU and 16 GB RAM
2026-08-11T12:08:03+00:00,gcp,2026-08-11T07:00:00Z,asia-southeast1,6193-7D18-501F,g2-standard-8,L4,1,3_year,USD,0.473902,GPU Per Hour,0.473902,machine_inclusive,accelerator $0.3109/GPU-hr plus 8 vCPU and 32 GB RAM
2026-08-11T12:08:03+00:00,gcp,2026-08-11T07:00:00Z,asia-southeast1,6193-7D18-501F,g2-standard-12,L4,1,3_year,USD,0.555396,GPU Per Hour,0.555396,machine_inclusive,accelerator $0.3109/GPU-hr plus 12 vCPU and 48 GB RAM
2026-08-11T12:08:03+00:00,gcp,2026-08-11T07:00:00Z,asia-southeast1,6193-7D18-501F,g2-standard-16,L4,1,3_year,USD,0.63689,GPU Per Hour,0.63689,machine_inclusive,accelerator $0.3109/GPU-hr plus 16 vCPU and 64 GB RAM
2026-08-11T12:08:03+00:00,gcp,2026-08-11T07:00:00Z,asia-southeast1,6193-7D18-501F,g2-standard-24,L4,2,3_year,USD,1.110792,Machine Per Hour,0.555396,machine_inclusive,accelerator $0.3109/GPU-hr plus 24 vCPU and 96 GB RAM
2026-08-11T12:08:03+00:00,gcp,2026-08-11T07:00:00Z,asia-southeast1,6193-7D18-501F,g2-standard-32,L4,1,3_year,USD,0.962865,GPU Per Hour,0.962865,machine_inclusive,accelerator $0.3109/GPU-hr plus 32 vCPU and 128 GB RAM
2026-08-11T12:08:03+00:00,gcp,2026-08-11T07:00:00Z,asia-southeast1,6193-7D18-501F,g2-standard-48,L4,4,3_year,USD,2.221584,Machine Per Hour,0.555396,machine_inclusive,accelerator $0.3109/GPU-hr plus 48 vCPU and 192 GB RAM
2026-08-11T12:08:03+00:00,gcp,2026-08-11T07:00:00Z,asia-southeast1,6193-7D18-501F,g2-standard-96,L4,8,3_year,USD,4.443169,Machine Per Hour,0.555396,machine_inclusive,accelerator $0.3109/GPU-hr plus 96 vCPU and 384 GB RAM
2026-08-11T12:08:03+00:00,gcp,2026-08-11T07:00:00Z,europe-west4,61AD-5055-1A78,g2-standard-4,L4,1,1_year,USD,0.468037,GPU Per Hour,0.468037,machine_inclusive,accelerator $0.3708/GPU-hr plus 4 vCPU and 16 GB RAM
2026-08-11T12:08:03+00:00,gcp,2026-08-11T07:00:00Z,europe-west4,61AD-5055-1A78,g2-standard-8,L4,1,1_year,USD,0.565237,GPU Per Hour,0.565237,machine_inclusive,accelerator $0.3708/GPU-hr plus 8 vCPU and 32 GB RAM
2026-08-11T12:08:03+00:00,gcp,2026-08-11T07:00:00Z,europe-west4,61AD-5055-1A78,g2-standard-12,L4,1,1_year,USD,0.662437,GPU Per Hour,0.662437,machine_inclusive,accelerator $0.3708/GPU-hr plus 12 vCPU and 48 GB RAM
2026-08-11T12:08:03+00:00,gcp,2026-08-11T07:00:00Z,europe-west4,61AD-5055-1A78,g2-standard-16,L4,1,1_year,USD,0.759637,GPU Per Hour,0.759637,machine_inclusive,accelerator $0.3708/GPU-hr plus 16 vCPU and 64 GB RAM
2026-08-11T12:08:03+00:00,gcp,2026-08-11T07:00:00Z,europe-west4,61AD-5055-1A78,g2-standard-24,L4,2,1_year,USD,1.324874,Machine Per Hour,0.662437,machine_inclusive,accelerator $0.3708/GPU-hr plus 24 vCPU and 96 GB RAM
2026-08-11T12:08:03+00:00,gcp,2026-08-11T07:00:00Z,europe-west4,61AD-5055-1A78,g2-standard-32,L4,1,1_year,USD,1.148437,GPU Per Hour,1.148437,machine_inclusive,accelerator $0.3708/GPU-hr plus 32 vCPU and 128 GB RAM
2026-08-11T12:08:03+00:00,gcp,2026-08-11T07:00:00Z,europe-west4,61AD-5055-1A78,g2-standard-48,L4,4,1_year,USD,2.649749,Machine Per Hour,0.662437,machine_inclusive,accelerator $0.3708/GPU-hr plus 48 vCPU and 192 GB RAM
2026-08-11T12:08:03+00:00,gcp,2026-08-11T07:00:00Z,europe-west4,61AD-5055-1A78,g2-standard-96,L4,8,1_year,USD,5.299498,Machine Per Hour,0.662437,machine_inclusive,accelerator $0.3708/GPU-hr plus 96 vCPU and 384 GB RAM
2026-08-11T12:08:03+00:00,gcp,2026-08-11T07:00:00Z,us-west4,61F4-B5BF-7497,RTX 6000 96GB,RTX PRO 6000,1,3_year,USD,0.530299,GPU Per Hour,0.530299,accelerator_only,"bare accelerator price; Google bills vCPU and RAM separately, so this is NOT comparable to Oracle or Azure"
2026-08-11T12:08:03+00:00,gcp,2026-08-11T07:00:00Z,us-east5,620E-0644-C572,a3-highgpu-8g,H100,8,on_demand,USD,98.925667,Machine Per Hour,12.365708,machine_inclusive,accelerator $11.0338/GPU-hr plus 208 vCPU and 1872 GB RAM
2026-08-11T12:08:03+00:00,gcp,2026-08-11T07:00:00Z,us-west8,6224-EFB3-1B25,1/8 vGPU,,,3_year,USD,0.28463,GPU Per Hour,,,accelerator not in the lookup table -- add it to gcp.py
2026-08-11T12:08:03+00:00,gcp,2026-08-11T07:00:00Z,australia-southeast1,622E-C321-B10F,g2-standard-4,L4,1,1_year,USD,0.556434,GPU Per Hour,0.556434,machine_inclusive,accelerator $0.4409/GPU-hr plus 4 vCPU and 16 GB RAM
2026-08-11T12:08:03+00:00,gcp,2026-08-11T07:00:00Z,australia-southeast1,622E-C321-B10F,g2-standard-8,L4,1,1_year,USD,0.671992,GPU Per Hour,0.671992,machine_inclusive,accelerator $0.4409/GPU-hr plus 8 vCPU and 32 GB RAM
2026-08-11T12:08:03+00:00,gcp,2026-08-11T07:00:00Z,australia-southeast1,622E-C321-B10F,g2-standard-12,L4,1,1_year,USD,0.78755,GPU Per Hour,0.78755,machine_inclusive,accelerator $0.4409/GPU-hr plus 12 vCPU and 48 GB RAM
2026-08-11T12:08:03+00:00,gcp,2026-08-11T07:00:00Z,australia-southeast1,622E-C321-B10F,g2-standard-16,L4,1,1_year,USD,0.903108,GPU Per Hour,0.903108,machine_inclusive,accelerator $0.4409/GPU-hr plus 16 vCPU and 64 GB RAM
2026-08-11T12:08:03+00:00,gcp,2026-08-11T07:00:00Z,australia-southeast1,622E-C321-B10F,g2-standard-24,L4,2,1_year,USD,1.575101,Machine Per Hour,0.78755,machine_inclusive,accelerator $0.4409/GPU-hr plus 24 vCPU and 96 GB RAM
2026-08-11T12:08:03+00:00,gcp,2026-08-11T07:00:00Z,australia-southeast1,622E-C321-B10F,g2-standard-32,L4,1,1_year,USD,1.36534,GPU Per Hour,1.36534,machine_inclusive,accelerator $0.4409/GPU-hr plus 32 vCPU and 128 GB RAM
2026-08-11T12:08:03+00:00,gcp,2026-08-11T07:00:00Z,australia-southeast1,622E-C321-B10F,g2-standard-48,L4,4,1_year,USD,3.150201,Machine Per Hour,0.78755,machine_inclusive,accelerator $0.4409/GPU-hr plus 48 vCPU and 192 GB RAM
2026-08-11T12:08:03+00:00,gcp,2026-08-11T07:00:00Z,australia-southeast1,622E-C321-B10F,g2-standard-96,L4,8,1_year,USD,6.300403,Machine Per Hour,0.78755,machine_inclusive,accelerator $0.4409/GPU-hr plus 96 vCPU and 384 GB RAM
2026-08-11T12:08:03+00:00,gcp,2026-08-11T07:00:00Z,us-east4,627D-B1DB-155F,a3-ultragpu-8g,H200,8,spot,USD,48.507536,Machine Per Hour,6.063442,machine_inclusive,accelerator $5.4104/GPU-hr plus 224 vCPU and 2952 GB RAM
2026-08-11T12:08:03+00:00,gcp,2026-08-11T07:00:00Z,asia-northeast2,6296-BC3D-18C2,a2-ultragpu-1g,A100,1,1_year,USD,5.357801,GPU Per Hour,5.357801,machine_inclusive,accelerator $4.4704/GPU-hr plus 12 vCPU and 170 GB RAM
2026-08-11T12:08:03+00:00,gcp,2026-08-11T07:00:00Z,asia-northeast2,6296-BC3D-18C2,a2-ultragpu-2g,A100,2,1_year,USD,10.715602,Machine Per Hour,5.357801,machine_inclusive,accelerator $4.4704/GPU-hr plus 24 vCPU and 340 GB RAM
2026-08-11T12:08:03+00:00,gcp,2026-08-11T07:00:00Z,asia-northeast2,6296-BC3D-18C2,a2-ultragpu-4g,A100,4,1_year,USD,21.431203,Machine Per Hour,5.357801,machine_inclusive,accelerator $4.4704/GPU-hr plus 48 vCPU and 680 GB RAM
2026-08-11T12:08:03+00:00,gcp,2026-08-11T07:00:00Z,asia-northeast2,6296-BC3D-18C2,a2-ultragpu-8g,A100,8,1_year,USD,42.862406,Machine Per Hour,5.357801,machine_inclusive,accelerator $4.4704/GPU-hr plus 96 vCPU and 1360 GB RAM
2026-08-11T12:08:03+00:00,gcp,2026-08-11T07:00:00Z,europe-west4,6297-6CDB-2FBE,a2-highgpu-1g,A100,1,3_year,USD,1.311818,GPU Per Hour,1.311818,machine_inclusive,accelerator $1.0269/GPU-hr plus 12 vCPU and 85 GB RAM
2026-08-11T12:08:03+00:00,gcp,2026-08-11T07:00:00Z,europe-west4,6297-6CDB-2FBE,a2-highgpu-2g,A100,2,3_year,USD,2.623635,Machine Per Hour,1.311818,machine_inclusive,accelerator $1.0269/GPU-hr plus 24 vCPU and 170 GB RAM
2026-08-11T12:08:03+00:00,gcp,2026-08-11T07:00:00Z,europe-west4,6297-6CDB-2FBE,a2-highgpu-4g,A100,4,3_year,USD,5.24727,Machine Per Hour,1.311818,machine_inclusive,accelerator $1.0269/GPU-hr plus 48 vCPU and 340 GB RAM
2026-08-11T12:08:03+00:00,gcp,2026-08-11T07:00:00Z,europe-west4,6297-6CDB-2FBE,a2-highgpu-8g,A100,8,3_year,USD,10.49454,Machine Per Hour,1.311818,machine_inclusive,accelerator $1.0269/GPU-hr plus 96 vCPU and 680 GB RAM
2026-08-11T12:08:03+00:00,gcp,2026-08-11T07:00:00Z,europe-west4,6297-6CDB-2FBE,a2-megagpu-16g,A100,16,3_year,USD,19.819726,Machine Per Hour,1.238733,machine_inclusive,accelerator $1.0269/GPU-hr plus 96 vCPU and 1360 GB RAM
2026-08-11T12:08:03+00:00,gcp,2026-08-11T07:00:00Z,africa-south1,62A8-C455-835F,Nvidia Tesla V100 GPU,V100,1,spot,USD,0.3044,GPU Per Hour,0.3044,accelerator_only,"bare accelerator price; Google bills vCPU and RAM separately, so this is NOT comparable to Oracle or Azure"
2026-08-11T12:08:03+00:00,gcp,2026-08-11T07:00:00Z,us-west3,62C4-2E27-F233,Nvidia Tesla V100 GPU,V100,1,on_demand,USD,2.976,GPU Per Hour,2.976,accelerator_only,"bare accelerator price; Google bills vCPU and RAM separately, so this is NOT comparable to Oracle or Azure"
2026-08-11T12:08:03+00:00,gcp,2026-08-11T07:00:00Z,southamerica-east1,6354-B6C9-6560,g2-standard-4,L4,1,spot,USD,0.117532,GPU Per Hour,0.117532,machine_inclusive,accelerator $0.0931/GPU-hr plus 4 vCPU and 16 GB RAM
2026-08-11T12:08:03+00:00,gcp,2026-08-11T07:00:00Z,southamerica-east1,6354-B6C9-6560,g2-standard-8,L4,1,spot,USD,0.141964,GPU Per Hour,0.141964,machine_inclusive,accelerator $0.0931/GPU-hr plus 8 vCPU and 32 GB RAM
2026-08-11T12:08:03+00:00,gcp,2026-08-11T07:00:00Z,southamerica-east1,6354-B6C9-6560,g2-standard-12,L4,1,spot,USD,0.166396,GPU Per Hour,0.166396,machine_inclusive,accelerator $0.0931/GPU-hr plus 12 vCPU and 48 GB RAM
2026-08-11T12:08:03+00:00,gcp,2026-08-11T07:00:00Z,southamerica-east1,6354-B6C9-6560,g2-standard-16,L4,1,spot,USD,0.190828,GPU Per Hour,0.190828,machine_inclusive,accelerator $0.0931/GPU-hr plus 16 vCPU and 64 GB RAM
2026-08-11T12:08:03+00:00,gcp,2026-08-11T07:00:00Z,southamerica-east1,6354-B6C9-6560,g2-standard-24,L4,2,spot,USD,0.332792,Machine Per Hour,0.166396,machine_inclusive,accelerator $0.0931/GPU-hr plus 24 vCPU and 96 GB RAM
2026-08-11T12:08:03+00:00,gcp,2026-08-11T07:00:00Z,southamerica-east1,6354-B6C9-6560,g2-standard-32,L4,1,spot,USD,0.288556,GPU Per Hour,0.288556,machine_inclusive,accelerator $0.0931/GPU-hr plus 32 vCPU and 128 GB RAM
2026-08-11T12:08:03+00:00,gcp,2026-08-11T07:00:00Z,southamerica-east1,6354-B6C9-6560,g2-standard-48,L4,4,spot,USD,0.665584,Machine Per Hour,0.166396,machine_inclusive,accelerator $0.0931/GPU-hr plus 48 vCPU and 192 GB RAM
2026-08-11T12:08:03+00:00,gcp,2026-08-11T07:00:00Z,southamerica-east1,6354-B6C9-6560,g2-standard-96,L4,8,spot,USD,1.331168,Machine Per Hour,0.166396,machine_inclusive,accelerator $0.0931/GPU-hr plus 96 vCPU and 384 GB RAM
2026-08-11T12:08:03+00:00,gcp,2026-08-11T07:00:00Z,europe-west3,639F-313F-39F8,A4 Nvidia B200 (1 gpu slice),B200,1,spot,USD,2.4091,GPU Per Hour,2.4091,machine_inclusive,Google publishes no separate A4 vCPU/RAM SKUs -- the per-slice price already covers the whole machine
2026-08-11T12:08:03+00:00,gcp,2026-08-11T07:00:00Z,asia-northeast3,63AA-71B6-AEF6,Nvidia Tesla P100 GPU,P100,1,3_year,USD,0.72,GPU Per Hour,0.72,accelerator_only,"bare accelerator price; Google bills vCPU and RAM separately, so this is NOT comparable to Oracle or Azure"
2026-08-11T12:08:03+00:00,gcp,2026-08-11T07:00:00Z,asia-east2,63C3-13D3-51BB,a2-highgpu-1g,A100,1,spot,USD,0.42535,GPU Per Hour,0.42535,machine_inclusive,accelerator $0.3322/GPU-hr plus 12 vCPU and 85 GB RAM
2026-08-11T12:08:03+00:00,gcp,2026-08-11T07:00:00Z,asia-east2,63C3-13D3-51BB,a2-highgpu-2g,A100,2,spot,USD,0.8507,Machine Per Hour,0.42535,machine_inclusive,accelerator $0.3322/GPU-hr plus 24 vCPU and 170 GB RAM
2026-08-11T12:08:03+00:00,gcp,2026-08-11T07:00:00Z,asia-east2,63C3-13D3-51BB,a2-highgpu-4g,A100,4,spot,USD,1.7014,Machine Per Hour,0.42535,machine_inclusive,accelerator $0.3322/GPU-hr plus 48 vCPU and 340 GB RAM
2026-08-11T12:08:03+00:00,gcp,2026-08-11T07:00:00Z,asia-east2,63C3-13D3-51BB,a2-highgpu-8g,A100,8,spot,USD,3.4028,Machine Per Hour,0.42535,machine_inclusive,accelerator $0.3322/GPU-hr plus 96 vCPU and 680 GB RAM
2026-08-11T12:08:03+00:00,gcp,2026-08-11T07:00:00Z,asia-east2,63C3-13D3-51BB,a2-megagpu-16g,A100,16,spot,USD,6.42352,Machine Per Hour,0.40147,machine_inclusive,accelerator $0.3322/GPU-hr plus 96 vCPU and 1360 GB RAM
2026-08-11T12:08:03+00:00,gcp,2026-08-11T07:00:00Z,europe-central2,63E1-FFD5-0FA7,Nvidia Tesla T4 GPU,T4,1,on_demand,USD,0.41,GPU Per Hour,0.41,accelerator_only,"bare accelerator price; Google bills vCPU and RAM separately, so this is NOT comparable to Oracle or Azure"
2026-08-11T12:08:03+00:00,gcp,2026-08-11T07:00:00Z,us-central1,643F-1AA2-DF25,1/8 vGPU,,,3_year,USD,0.28463,GPU Per Hour,,,accelerator not in the lookup table -- add it to gcp.py
2026-08-11T12:08:03+00:00,gcp,2026-08-11T07:00:00Z,us-west1,6499-1B74-5770,1/8 vGPU no lssd,,,on_demand,USD,0.64688,GPU Per Hour,,,accelerator not in the lookup table -- add it to gcp.py
2026-08-11T12:08:03+00:00,gcp,2026-08-11T07:00:00Z,asia-south2,649F-DBD9-532E,a2-highgpu-1g,A100,1,1_year,USD,2.777522,GPU Per Hour,2.777522,machine_inclusive,accelerator $2.2180/GPU-hr plus 12 vCPU and 85 GB RAM
2026-08-11T12:08:03+00:00,gcp,2026-08-11T07:00:00Z,asia-south2,649F-DBD9-532E,a2-highgpu-2g,A100,2,1_year,USD,5.555045,Machine Per Hour,2.777522,machine_inclusive,accelerator $2.2180/GPU-hr plus 24 vCPU and 170 GB RAM
2026-08-11T12:08:03+00:00,gcp,2026-08-11T07:00:00Z,asia-south2,649F-DBD9-532E,a2-highgpu-4g,A100,4,1_year,USD,11.110089,Machine Per Hour,2.777522,machine_inclusive,accelerator $2.2180/GPU-hr plus 48 vCPU and 340 GB RAM
2026-08-11T12:08:03+00:00,gcp,2026-08-11T07:00:00Z,asia-south2,649F-DBD9-532E,a2-highgpu-8g,A100,8,1_year,USD,22.220178,Machine Per Hour,2.777522,machine_inclusive,accelerator $2.2180/GPU-hr plus 96 vCPU and 680 GB RAM
2026-08-11T12:08:03+00:00,gcp,2026-08-11T07:00:00Z,asia-south2,649F-DBD9-532E,a2-megagpu-16g,A100,16,1_year,USD,42.143922,Machine Per Hour,2.633995,machine_inclusive,accelerator $2.2180/GPU-hr plus 96 vCPU and 1360 GB RAM
2026-08-11T12:08:03+00:00,gcp,2026-08-11T07:00:00Z,africa-south1,64A6-EE3E-D6C1,a3-highgpu-8g,H100,8,on_demand,USD,114.884881,Machine Per Hour,14.36061,machine_inclusive,accelerator $12.8139/GPU-hr plus 208 vCPU and 1872 GB RAM
2026-08-11T12:08:03+00:00,gcp,2026-08-11T07:00:00Z,me-west1,64B0-DF4B-25D1,Nvidia Tesla P100 GPU,P100,1,spot,USD,0.4056,GPU Per Hour,0.4056,accelerator_only,"bare accelerator price; Google bills vCPU and RAM separately, so this is NOT comparable to Oracle or Azure"
2026-08-11T12:08:03+00:00,gcp,2026-08-11T07:00:00Z,europe-north1,64B1-09EE-B7D7,a3-highgpu-8g,H100,8,3_year,USD,42.467763,Machine Per Hour,5.30847,machine_inclusive,accelerator $4.7346/GPU-hr plus 208 vCPU and 1872 GB RAM
2026-08-11T12:08:03+00:00,gcp,2026-08-11T07:00:00Z,asia-south2,64BD-A5BE-2CF5,RTX 6000 96GB,RTX PRO 6000,1,on_demand,USD,1.424345,GPU Per Hour,1.424345,accelerator_only,"bare accelerator price; Google bills vCPU and RAM separately, so this is NOT comparable to Oracle or Azure"
2026-08-11T12:08:03+00:00,gcp,2026-08-11T07:00:00Z,europe-west10,6518-AE4F-AEBA,RTX 6000 96GB,RTX PRO 6000,1,1_year,USD,0.9072,GPU Per Hour,0.9072,accelerator_only,"bare accelerator price; Google bills vCPU and RAM separately, so this is NOT comparable to Oracle or Azure"
2026-08-11T12:08:03+00:00,gcp,2026-08-11T07:00:00Z,me-central2,6598-CDD2-6061,1/8 vGPU,,,1_year,USD,0.53561,GPU Per Hour,,,accelerator not in the lookup table -- add it to gcp.py
2026-08-11T12:08:03+00:00,gcp,2026-08-11T07:00:00Z,us-west1,65B6-35B7-A1E7,a3-ultragpu-8g,H200,8,spot,USD,48.217648,Machine Per Hour,6.027206,machine_inclusive,accelerator $5.3776/GPU-hr plus 224 vCPU and 2952 GB RAM
2026-08-11T12:08:03+00:00,gcp,2026-08-11T07:00:00Z,us-central1,65B6-35B7-A1E7,a3-ultragpu-8g,H200,8,spot,USD,48.217648,Machine Per Hour,6.027206,machine_inclusive,accelerator $5.3776/GPU-hr plus 224 vCPU and 2952 GB RAM
2026-08-11T12:08:03+00:00,gcp,2026-08-11T07:00:00Z,us-east1,65B6-35B7-A1E7,a3-ultragpu-8g,H200,8,spot,USD,48.217648,Machine Per Hour,6.027206,machine_inclusive,accelerator $5.3776/GPU-hr plus 224 vCPU and 2952 GB RAM
2026-08-11T12:08:03+00:00,gcp,2026-08-11T07:00:00Z,europe-west9,65B8-F22C-9359,Nvidia Tesla P4 GPU,P4,1,1_year,USD,0.43848,GPU Per Hour,0.43848,accelerator_only,"bare accelerator price; Google bills vCPU and RAM separately, so this is NOT comparable to Oracle or Azure"
2026-08-11T12:08:03+00:00,gcp,2026-08-11T07:00:00Z,asia-southeast1,664B-FC54-AAE8,RTX 6000 96GB,RTX PRO 6000,1,3_year,USD,0.578508,GPU Per Hour,0.578508,accelerator_only,"bare accelerator price; Google bills vCPU and RAM separately, so this is NOT comparable to Oracle or Azure"
2026-08-11T12:08:03+00:00,gcp,2026-08-11T07:00:00Z,us-west1,667B-4C8B-7339,RTX 6000 96GB,RTX PRO 6000,1,3_year,USD,0.48209,GPU Per Hour,0.48209,accelerator_only,"bare accelerator price; Google bills vCPU and RAM separately, so this is NOT comparable to Oracle or Azure"
2026-08-11T12:08:03+00:00,gcp,2026-08-11T07:00:00Z,europe-north1,6729-BC49-7469,1/8 vGPU,,,3_year,USD,0.31309,GPU Per Hour,,,accelerator not in the lookup table -- add it to gcp.py
2026-08-11T12:08:03+00:00,gcp,2026-08-11T07:00:00Z,us-west3,673A-8EAB-1605,a2-highgpu-1g,A100,1,on_demand,USD,4.325069,GPU Per Hour,4.325069,machine_inclusive,accelerator $3.4369/GPU-hr plus 12 vCPU and 85 GB RAM
2026-08-11T12:08:03+00:00,gcp,2026-08-11T07:00:00Z,us-west3,673A-8EAB-1605,a2-highgpu-2g,A100,2,on_demand,USD,8.650137,Machine Per Hour,4.325069,machine_inclusive,accelerator $3.4369/GPU-hr plus 24 vCPU and 170 GB RAM
2026-08-11T12:08:03+00:00,gcp,2026-08-11T07:00:00Z,us-west3,673A-8EAB-1605,a2-highgpu-4g,A100,4,on_demand,USD,17.300275,Machine Per Hour,4.325069,machine_inclusive,accelerator $3.4369/GPU-hr plus 48 vCPU and 340 GB RAM
2026-08-11T12:08:03+00:00,gcp,2026-08-11T07:00:00Z,us-west3,673A-8EAB-1605,a2-highgpu-8g,A100,8,on_demand,USD,34.600549,Machine Per Hour,4.325069,machine_inclusive,accelerator $3.4369/GPU-hr plus 96 vCPU and 680 GB RAM
2026-08-11T12:08:03+00:00,gcp,2026-08-11T07:00:00Z,us-west3,673A-8EAB-1605,a2-megagpu-16g,A100,16,on_demand,USD,65.555979,Machine Per Hour,4.097249,machine_inclusive,accelerator $3.4369/GPU-hr plus 96 vCPU and 1360 GB RAM
2026-08-11T12:08:03+00:00,gcp,2026-08-11T07:00:00Z,me-central1,674D-1E0F-9AFA,a2-highgpu-1g,A100,1,spot,USD,0.547155,GPU Per Hour,0.547155,machine_inclusive,accelerator $0.4370/GPU-hr plus 12 vCPU and 85 GB RAM
2026-08-11T12:08:03+00:00,gcp,2026-08-11T07:00:00Z,me-central1,674D-1E0F-9AFA,a2-highgpu-2g,A100,2,spot,USD,1.09431,Machine Per Hour,0.547155,machine_inclusive,accelerator $0.4370/GPU-hr plus 24 vCPU and 170 GB RAM
2026-08-11T12:08:03+00:00,gcp,2026-08-11T07:00:00Z,me-central1,674D-1E0F-9AFA,a2-highgpu-4g,A100,4,spot,USD,2.18862,Machine Per Hour,0.547155,machine_inclusive,accelerator $0.4370/GPU-hr plus 48 vCPU and 340 GB RAM
2026-08-11T12:08:03+00:00,gcp,2026-08-11T07:00:00Z,me-central1,674D-1E0F-9AFA,a2-highgpu-8g,A100,8,spot,USD,4.37724,Machine Per Hour,0.547155,machine_inclusive,accelerator $0.4370/GPU-hr plus 96 vCPU and 680 GB RAM
2026-08-11T12:08:03+00:00,gcp,2026-08-11T07:00:00Z,me-central1,674D-1E0F-9AFA,a2-megagpu-16g,A100,16,spot,USD,8.30232,Machine Per Hour,0.518895,machine_inclusive,accelerator $0.4370/GPU-hr plus 96 vCPU and 1360 GB RAM
2026-08-11T12:08:03+00:00,gcp,2026-08-11T07:00:00Z,us-west4,6768-770B-8D80,a2-highgpu-1g,A100,1,3_year,USD,1.382558,GPU Per Hour,1.382558,machine_inclusive,accelerator $1.0911/GPU-hr plus 12 vCPU and 85 GB RAM
2026-08-11T12:08:03+00:00,gcp,2026-08-11T07:00:00Z,us-west4,6768-770B-8D80,a2-highgpu-2g,A100,2,3_year,USD,2.765116,Machine Per Hour,1.382558,machine_inclusive,accelerator $1.0911/GPU-hr plus 24 vCPU and 170 GB RAM
2026-08-11T12:08:03+00:00,gcp,2026-08-11T07:00:00Z,us-west4,6768-770B-8D80,a2-highgpu-4g,A100,4,3_year,USD,5.530232,Machine Per Hour,1.382558,machine_inclusive,accelerator $1.0911/GPU-hr plus 48 vCPU and 340 GB RAM
2026-08-11T12:08:03+00:00,gcp,2026-08-11T07:00:00Z,us-west4,6768-770B-8D80,a2-highgpu-8g,A100,8,3_year,USD,11.060465,Machine Per Hour,1.382558,machine_inclusive,accelerator $1.0911/GPU-hr plus 96 vCPU and 680 GB RAM
2026-08-11T12:08:03+00:00,gcp,2026-08-11T07:00:00Z,us-west4,6768-770B-8D80,a2-megagpu-16g,A100,16,3_year,USD,20.924597,Machine Per Hour,1.307787,machine_inclusive,accelerator $1.0911/GPU-hr plus 96 vCPU and 1360 GB RAM
2026-08-11T12:08:03+00:00,gcp,2026-08-11T07:00:00Z,us-east5,676F-7CF1-A0BC,Nvidia Tesla V100 GPU,V100,1,on_demand,USD,2.48,GPU Per Hour,2.48,accelerator_only,"bare accelerator price; Google bills vCPU and RAM separately, so this is NOT comparable to Oracle or Azure"
2026-08-11T12:08:03+00:00,gcp,2026-08-11T07:00:00Z,us-west4,6784-B6D2-DD04,RTX 6000 96GB,RTX PRO 6000,1,on_demand,USD,1.205215,GPU Per Hour,1.205215,accelerator_only,"bare accelerator price; Google bills vCPU and RAM separately, so this is NOT comparable to Oracle or Azure"
2026-08-11T12:08:03+00:00,gcp,2026-08-11T07:00:00Z,europe-west1,67AA-87CA-3761,1/8 vGPU no lssd,,,on_demand,USD,0.71157,GPU Per Hour,,,accelerator not in the lookup table -- add it to gcp.py
2026-08-11T12:08:03+00:00,gcp,2026-08-11T07:00:00Z,us-west2,67D4-A866-1F63,a3-highgpu-8g,H100,8,3_year,USD,46.363184,Machine Per Hour,5.795398,machine_inclusive,accelerator $5.1689/GPU-hr plus 208 vCPU and 1872 GB RAM
2026-08-11T12:08:03+00:00,gcp,2026-08-11T07:00:00Z,europe-west3,67E8-B538-5DA1,g2-standard-4,L4,1,spot,USD,0.4998,GPU Per Hour,0.4998,machine_inclusive,accelerator $0.3960/GPU-hr plus 4 vCPU and 16 GB RAM
2026-08-11T12:08:03+00:00,gcp,2026-08-11T07:00:00Z,europe-west3,67E8-B538-5DA1,g2-standard-8,L4,1,spot,USD,0.6036,GPU Per Hour,0.6036,machine_inclusive,accelerator $0.3960/GPU-hr plus 8 vCPU and 32 GB RAM
2026-08-11T12:08:03+00:00,gcp,2026-08-11T07:00:00Z,europe-west3,67E8-B538-5DA1,g2-standard-12,L4,1,spot,USD,0.7074,GPU Per Hour,0.7074,machine_inclusive,accelerator $0.3960/GPU-hr plus 12 vCPU and 48 GB RAM
2026-08-11T12:08:03+00:00,gcp,2026-08-11T07:00:00Z,europe-west3,67E8-B538-5DA1,g2-standard-16,L4,1,spot,USD,0.8112,GPU Per Hour,0.8112,machine_inclusive,accelerator $0.3960/GPU-hr plus 16 vCPU and 64 GB RAM
2026-08-11T12:08:03+00:00,gcp,2026-08-11T07:00:00Z,europe-west3,67E8-B538-5DA1,g2-standard-24,L4,2,spot,USD,1.4148,Machine Per Hour,0.7074,machine_inclusive,accelerator $0.3960/GPU-hr plus 24 vCPU and 96 GB RAM
2026-08-11T12:08:03+00:00,gcp,2026-08-11T07:00:00Z,europe-west3,67E8-B538-5DA1,g2-standard-32,L4,1,spot,USD,1.2264,GPU Per Hour,1.2264,machine_inclusive,accelerator $0.3960/GPU-hr plus 32 vCPU and 128 GB RAM
2026-08-11T12:08:03+00:00,gcp,2026-08-11T07:00:00Z,europe-west3,67E8-B538-5DA1,g2-standard-48,L4,4,spot,USD,2.8296,Machine Per Hour,0.7074,machine_inclusive,accelerator $0.3960/GPU-hr plus 48 vCPU and 192 GB RAM
2026-08-11T12:08:03+00:00,gcp,2026-08-11T07:00:00Z,europe-west3,67E8-B538-5DA1,g2-standard-96,L4,8,spot,USD,5.6592,Machine Per Hour,0.7074,machine_inclusive,accelerator $0.3960/GPU-hr plus 96 vCPU and 384 GB RAM
2026-08-11T12:08:03+00:00,gcp,2026-08-11T07:00:00Z,southamerica-east1,681B-A6EB-99AD,A4 Nvidia B200 (1 gpu slice),B200,1,spot,USD,3.1921,GPU Per Hour,3.1921,machine_inclusive,Google publishes no separate A4 vCPU/RAM SKUs -- the per-slice price already covers the whole machine
2026-08-11T12:08:03+00:00,gcp,2026-08-11T07:00:00Z,asia-east1,683F-D9EF-1D9F,a3-highgpu-8g,H100,8,spot,USD,55.03024,Machine Per Hour,6.87878,machine_inclusive,accelerator $6.1383/GPU-hr plus 208 vCPU and 1872 GB RAM
2026-08-11T12:08:03+00:00,gcp,2026-08-11T07:00:00Z,europe-west6,6865-7B95-6A3D,Nvidia Tesla P100 GPU,P100,1,3_year,USD,0.854,GPU Per Hour,0.854,accelerator_only,"bare accelerator price; Google bills vCPU and RAM separately, so this is NOT comparable to Oracle or Azure"
2026-08-11T12:08:03+00:00,gcp,2026-08-11T07:00:00Z,europe-north1,6890-9791-F3E4,a2-highgpu-1g,A100,1,on_demand,USD,3.74802,GPU Per Hour,3.74802,machine_inclusive,accelerator $2.9339/GPU-hr plus 12 vCPU and 85 GB RAM
2026-08-11T12:08:03+00:00,gcp,2026-08-11T07:00:00Z,europe-north1,6890-9791-F3E4,a2-highgpu-2g,A100,2,on_demand,USD,7.49604,Machine Per Hour,3.74802,machine_inclusive,accelerator $2.9339/GPU-hr plus 24 vCPU and 170 GB RAM
2026-08-11T12:08:03+00:00,gcp,2026-08-11T07:00:00Z,europe-north1,6890-9791-F3E4,a2-highgpu-4g,A100,4,on_demand,USD,14.99208,Machine Per Hour,3.74802,machine_inclusive,accelerator $2.9339/GPU-hr plus 48 vCPU and 340 GB RAM
2026-08-11T12:08:03+00:00,gcp,2026-08-11T07:00:00Z,europe-north1,6890-9791-F3E4,a2-highgpu-8g,A100,8,on_demand,USD,29.98416,Machine Per Hour,3.74802,machine_inclusive,accelerator $2.9339/GPU-hr plus 96 vCPU and 680 GB RAM
2026-08-11T12:08:03+00:00,gcp,2026-08-11T07:00:00Z,europe-north1,6890-9791-F3E4,a2-megagpu-16g,A100,16,on_demand,USD,56.626944,Machine Per Hour,3.539184,machine_inclusive,accelerator $2.9339/GPU-hr plus 96 vCPU and 1360 GB RAM
2026-08-11T12:08:03+00:00,gcp,2026-08-11T07:00:00Z,asia-south1,6894-2BA0-CAEA,a3-highgpu-8g,H100,8,1_year,USD,63.408206,Machine Per Hour,7.926026,machine_inclusive,accelerator $7.0708/GPU-hr plus 208 vCPU and 1872 GB RAM
2026-08-11T12:08:03+00:00,gcp,2026-08-11T07:00:00Z,asia-south2,68F1-B0A3-AE0A,RTX 6000 96GB,RTX PRO 6000,1,spot,USD,0.5697,GPU Per Hour,0.5697,accelerator_only,"bare accelerator price; Google bills vCPU and RAM separately, so this is NOT comparable to Oracle or Azure"
2026-08-11T12:08:03+00:00,gcp,2026-08-11T07:00:00Z,europe-west8,6900-B187-4D9C,a3-highgpu-8g,H100,8,1_year,USD,70.724536,Machine Per Hour,8.840567,machine_inclusive,accelerator $7.8866/GPU-hr plus 208 vCPU and 1872 GB RAM
2026-08-11T12:08:03+00:00,gcp,2026-08-11T07:00:00Z,europe-west2,6909-9C23-9D90,a3-highgpu-8g,H100,8,spot,USD,9.123632,Machine Per Hour,1.140454,machine_inclusive,accelerator $1.0175/GPU-hr plus 208 vCPU and 1872 GB RAM
2026-08-11T12:08:03+00:00,gcp,2026-08-11T07:00:00Z,europe-central2,6931-CF8D-F8D8,Nvidia Tesla V100 GPU,V100,1,spot,USD,0.74,GPU Per Hour,0.74,accelerator_only,"bare accelerator price; Google bills vCPU and RAM separately, so this is NOT comparable to Oracle or Azure"
2026-08-11T12:08:03+00:00,gcp,2026-08-11T07:00:00Z,us-west4,697F-298A-9C53,g2-standard-4,L4,1,3_year,USD,0.358247,GPU Per Hour,0.358247,machine_inclusive,accelerator $0.2838/GPU-hr plus 4 vCPU and 16 GB RAM
2026-08-11T12:08:03+00:00,gcp,2026-08-11T07:00:00Z,us-west4,697F-298A-9C53,g2-standard-8,L4,1,3_year,USD,0.432647,GPU Per Hour,0.432647,machine_inclusive,accelerator $0.2838/GPU-hr plus 8 vCPU and 32 GB RAM
2026-08-11T12:08:03+00:00,gcp,2026-08-11T07:00:00Z,us-west4,697F-298A-9C53,g2-standard-12,L4,1,3_year,USD,0.507046,GPU Per Hour,0.507046,machine_inclusive,accelerator $0.2838/GPU-hr plus 12 vCPU and 48 GB RAM
2026-08-11T12:08:03+00:00,gcp,2026-08-11T07:00:00Z,us-west4,697F-298A-9C53,g2-standard-16,L4,1,3_year,USD,0.581445,GPU Per Hour,0.581445,machine_inclusive,accelerator $0.2838/GPU-hr plus 16 vCPU and 64 GB RAM
2026-08-11T12:08:03+00:00,gcp,2026-08-11T07:00:00Z,us-west4,697F-298A-9C53,g2-standard-24,L4,2,3_year,USD,1.014092,Machine Per Hour,0.507046,machine_inclusive,accelerator $0.2838/GPU-hr plus 24 vCPU and 96 GB RAM
2026-08-11T12:08:03+00:00,gcp,2026-08-11T07:00:00Z,us-west4,697F-298A-9C53,g2-standard-32,L4,1,3_year,USD,0.879043,GPU Per Hour,0.879043,machine_inclusive,accelerator $0.2838/GPU-hr plus 32 vCPU and 128 GB RAM
2026-08-11T12:08:03+00:00,gcp,2026-08-11T07:00:00Z,us-west4,697F-298A-9C53,g2-standard-48,L4,4,3_year,USD,2.028184,Machine Per Hour,0.507046,machine_inclusive,accelerator $0.2838/GPU-hr plus 48 vCPU and 192 GB RAM
2026-08-11T12:08:03+00:00,gcp,2026-08-11T07:00:00Z,us-west4,697F-298A-9C53,g2-standard-96,L4,8,3_year,USD,4.056368,Machine Per Hour,0.507046,machine_inclusive,accelerator $0.2838/GPU-hr plus 96 vCPU and 384 GB RAM
2026-08-11T12:08:03+00:00,gcp,2026-08-11T07:00:00Z,australia-southeast2,6986-23AE-B1A7,Nvidia Tesla P100 GPU,P100,1,on_demand,USD,2.0732,GPU Per Hour,2.0732,accelerator_only,"bare accelerator price; Google bills vCPU and RAM separately, so this is NOT comparable to Oracle or Azure"
2026-08-11T12:08:03+00:00,gcp,2026-08-11T07:00:00Z,us-south1,69A3-B4BA-9945,Nvidia Tesla V100 GPU,V100,1,3_year,USD,1.31688,GPU Per Hour,1.31688,accelerator_only,"bare accelerator price; Google bills vCPU and RAM separately, so this is NOT comparable to Oracle or Azure"
2026-08-11T12:08:03+00:00,gcp,2026-08-11T07:00:00Z,asia-southeast2,69CC-D21E-15E9,Nvidia Tesla P4 GPU,P4,1,3_year,USD,0.31828,GPU Per Hour,0.31828,accelerator_only,"bare accelerator price; Google bills vCPU and RAM separately, so this is NOT comparable to Oracle or Azure"
2026-08-11T12:08:03+00:00,gcp,2026-08-11T07:00:00Z,europe-north1,69D8-4B55-DC7C,A4 Nvidia B200 (1 gpu slice),B200,1,spot,USD,5.4373,GPU Per Hour,5.4373,machine_inclusive,Google publishes no separate A4 vCPU/RAM SKUs -- the per-slice price already covers the whole machine
2026-08-11T12:08:03+00:00,gcp,2026-08-11T07:00:00Z,asia-east2,69D8-A558-AF70,g2-standard-4,L4,1,1_year,USD,0.622936,GPU Per Hour,0.622936,machine_inclusive,accelerator $0.4936/GPU-hr plus 4 vCPU and 16 GB RAM
2026-08-11T12:08:03+00:00,gcp,2026-08-11T07:00:00Z,asia-east2,69D8-A558-AF70,g2-standard-8,L4,1,1_year,USD,0.752305,GPU Per Hour,0.752305,machine_inclusive,accelerator $0.4936/GPU-hr plus 8 vCPU and 32 GB RAM
2026-08-11T12:08:03+00:00,gcp,2026-08-11T07:00:00Z,asia-east2,69D8-A558-AF70,g2-standard-12,L4,1,1_year,USD,0.881674,GPU Per Hour,0.881674,machine_inclusive,accelerator $0.4936/GPU-hr plus 12 vCPU and 48 GB RAM
2026-08-11T12:08:03+00:00,gcp,2026-08-11T07:00:00Z,asia-east2,69D8-A558-AF70,g2-standard-16,L4,1,1_year,USD,1.011043,GPU Per Hour,1.011043,machine_inclusive,accelerator $0.4936/GPU-hr plus 16 vCPU and 64 GB RAM
2026-08-11T12:08:03+00:00,gcp,2026-08-11T07:00:00Z,asia-east2,69D8-A558-AF70,g2-standard-24,L4,2,1_year,USD,1.763348,Machine Per Hour,0.881674,machine_inclusive,accelerator $0.4936/GPU-hr plus 24 vCPU and 96 GB RAM
2026-08-11T12:08:03+00:00,gcp,2026-08-11T07:00:00Z,asia-east2,69D8-A558-AF70,g2-standard-32,L4,1,1_year,USD,1.528518,GPU Per Hour,1.528518,machine_inclusive,accelerator $0.4936/GPU-hr plus 32 vCPU and 128 GB RAM
2026-08-11T12:08:03+00:00,gcp,2026-08-11T07:00:00Z,asia-east2,69D8-A558-AF70,g2-standard-48,L4,4,1_year,USD,3.526696,Machine Per Hour,0.881674,machine_inclusive,accelerator $0.4936/GPU-hr plus 48 vCPU and 192 GB RAM
2026-08-11T12:08:03+00:00,gcp,2026-08-11T07:00:00Z,asia-east2,69D8-A558-AF70,g2-standard-96,L4,8,1_year,USD,7.053392,Machine Per Hour,0.881674,machine_inclusive,accelerator $0.4936/GPU-hr plus 96 vCPU and 384 GB RAM
2026-08-11T12:08:03+00:00,gcp,2026-08-11T07:00:00Z,us-west4,69DE-572D-D1D3,Nvidia Tesla T4 GPU,T4,1,spot,USD,0.1598,GPU Per Hour,0.1598,accelerator_only,"bare accelerator price; Google bills vCPU and RAM separately, so this is NOT comparable to Oracle or Azure"
2026-08-11T12:08:03+00:00,gcp,2026-08-11T07:00:00Z,europe-west4,6A05-FD86-BEAF,A4 Nvidia B200 (1 gpu slice),B200,1,3_year,USD,7.79724,GPU Per Hour,7.79724,machine_inclusive,Google publishes no separate A4 vCPU/RAM SKUs -- the per-slice price already covers the whole machine
2026-08-11T12:08:03+00:00,gcp,2026-08-11T07:00:00Z,europe-north1,6A27-F79E-B849,RTX 6000 96GB,RTX PRO 6000,1,spot,USD,0.4821,GPU Per Hour,0.4821,accelerator_only,"bare accelerator price; Google bills vCPU and RAM separately, so this is NOT comparable to Oracle or Azure"
2026-08-11T12:08:03+00:00,gcp,2026-08-11T07:00:00Z,me-central2,6A3F-3444-A5CF,Nvidia Tesla P4 GPU,P4,1,3_year,USD,0.432,GPU Per Hour,0.432,accelerator_only,"bare accelerator price; Google bills vCPU and RAM separately, so this is NOT comparable to Oracle or Azure"
2026-08-11T12:08:03+00:00,gcp,2026-08-11T07:00:00Z,europe-southwest1,6A51-16ED-E69B,a3-highgpu-8g,H100,8,1_year,USD,71.943924,Machine Per Hour,8.99299,machine_inclusive,accelerator $8.0226/GPU-hr plus 208 vCPU and 1872 GB RAM
2026-08-11T12:08:03+00:00,gcp,2026-08-11T07:00:00Z,me-west1,6A59-39DA-FF8C,Nvidia Tesla T4 GPU,T4,1,spot,USD,0.1121,GPU Per Hour,0.1121,accelerator_only,"bare accelerator price; Google bills vCPU and RAM separately, so this is NOT comparable to Oracle or Azure"
2026-08-11T12:08:03+00:00,gcp,2026-08-11T07:00:00Z,europe-west2,6AB5-36BD-B568,Nvidia Tesla T4 GPU,T4,1,1_year,USD,0.26,GPU Per Hour,0.26,accelerator_only,"bare accelerator price; Google bills vCPU and RAM separately, so this is NOT comparable to Oracle or Azure"
2026-08-11T12:08:03+00:00,gcp,2026-08-11T07:00:00Z,asia-south1,6AD5-B941-E4E3,a2-ultragpu-1g,A100,1,on_demand,USD,6.038617,GPU Per Hour,6.038617,machine_inclusive,accelerator $4.7180/GPU-hr plus 12 vCPU and 170 GB RAM
2026-08-11T12:08:03+00:00,gcp,2026-08-11T07:00:00Z,asia-south1,6AD5-B941-E4E3,a2-ultragpu-2g,A100,2,on_demand,USD,12.077234,Machine Per Hour,6.038617,machine_inclusive,accelerator $4.7180/GPU-hr plus 24 vCPU and 340 GB RAM
2026-08-11T12:08:03+00:00,gcp,2026-08-11T07:00:00Z,asia-south1,6AD5-B941-E4E3,a2-ultragpu-4g,A100,4,on_demand,USD,24.154468,Machine Per Hour,6.038617,machine_inclusive,accelerator $4.7180/GPU-hr plus 48 vCPU and 680 GB RAM
2026-08-11T12:08:03+00:00,gcp,2026-08-11T07:00:00Z,asia-south1,6AD5-B941-E4E3,a2-ultragpu-8g,A100,8,on_demand,USD,48.308936,Machine Per Hour,6.038617,machine_inclusive,accelerator $4.7180/GPU-hr plus 96 vCPU and 1360 GB RAM
2026-08-11T12:08:03+00:00,gcp,2026-08-11T07:00:00Z,asia-southeast1,6ADC-7980-5345,a2-highgpu-1g,A100,1,spot,USD,2.40826,GPU Per Hour,2.40826,machine_inclusive,accelerator $1.8609/GPU-hr plus 12 vCPU and 85 GB RAM
2026-08-11T12:08:03+00:00,gcp,2026-08-11T07:00:00Z,asia-southeast1,6ADC-7980-5345,a2-highgpu-2g,A100,2,spot,USD,4.81652,Machine Per Hour,2.40826,machine_inclusive,accelerator $1.8609/GPU-hr plus 24 vCPU and 170 GB RAM
2026-08-11T12:08:03+00:00,gcp,2026-08-11T07:00:00Z,asia-southeast1,6ADC-7980-5345,a2-highgpu-4g,A100,4,spot,USD,9.63304,Machine Per Hour,2.40826,machine_inclusive,accelerator $1.8609/GPU-hr plus 48 vCPU and 340 GB RAM
2026-08-11T12:08:03+00:00,gcp,2026-08-11T07:00:00Z,asia-southeast1,6ADC-7980-5345,a2-highgpu-8g,A100,8,spot,USD,19.26608,Machine Per Hour,2.40826,machine_inclusive,accelerator $1.8609/GPU-hr plus 96 vCPU and 680 GB RAM
2026-08-11T12:08:03+00:00,gcp,2026-08-11T07:00:00Z,asia-southeast1,6ADC-7980-5345,a2-megagpu-16g,A100,16,spot,USD,36.28576,Machine Per Hour,2.26786,machine_inclusive,accelerator $1.8609/GPU-hr plus 96 vCPU and 1360 GB RAM
2026-08-11T12:08:03+00:00,gcp,2026-08-11T07:00:00Z,asia-south1,6B10-FAFA-4E1C,g2-standard-4,L4,1,spot,USD,0.356928,GPU Per Hour,0.356928,machine_inclusive,accelerator $0.2828/GPU-hr plus 4 vCPU and 16 GB RAM
2026-08-11T12:08:03+00:00,gcp,2026-08-11T07:00:00Z,asia-south1,6B10-FAFA-4E1C,g2-standard-8,L4,1,spot,USD,0.431056,GPU Per Hour,0.431056,machine_inclusive,accelerator $0.2828/GPU-hr plus 8 vCPU and 32 GB RAM
2026-08-11T12:08:03+00:00,gcp,2026-08-11T07:00:00Z,asia-south1,6B10-FAFA-4E1C,g2-standard-12,L4,1,spot,USD,0.505184,GPU Per Hour,0.505184,machine_inclusive,accelerator $0.2828/GPU-hr plus 12 vCPU and 48 GB RAM
2026-08-11T12:08:03+00:00,gcp,2026-08-11T07:00:00Z,asia-south1,6B10-FAFA-4E1C,g2-standard-16,L4,1,spot,USD,0.579312,GPU Per Hour,0.579312,machine_inclusive,accelerator $0.2828/GPU-hr plus 16 vCPU and 64 GB RAM
2026-08-11T12:08:03+00:00,gcp,2026-08-11T07:00:00Z,asia-south1,6B10-FAFA-4E1C,g2-standard-24,L4,2,spot,USD,1.010368,Machine Per Hour,0.505184,machine_inclusive,accelerator $0.2828/GPU-hr plus 24 vCPU and 96 GB RAM
2026-08-11T12:08:03+00:00,gcp,2026-08-11T07:00:00Z,asia-south1,6B10-FAFA-4E1C,g2-standard-32,L4,1,spot,USD,0.875824,GPU Per Hour,0.875824,machine_inclusive,accelerator $0.2828/GPU-hr plus 32 vCPU and 128 GB RAM
2026-08-11T12:08:03+00:00,gcp,2026-08-11T07:00:00Z,asia-south1,6B10-FAFA-4E1C,g2-standard-48,L4,4,spot,USD,2.020736,Machine Per Hour,0.505184,machine_inclusive,accelerator $0.2828/GPU-hr plus 48 vCPU and 192 GB RAM
2026-08-11T12:08:03+00:00,gcp,2026-08-11T07:00:00Z,asia-south1,6B10-FAFA-4E1C,g2-standard-96,L4,8,spot,USD,4.041472,Machine Per Hour,0.505184,machine_inclusive,accelerator $0.2828/GPU-hr plus 96 vCPU and 384 GB RAM
2026-08-11T12:08:03+00:00,gcp,2026-08-11T07:00:00Z,asia-east2,6B17-0CA3-7622,a2-ultragpu-1g,A100,1,1_year,USD,5.838898,GPU Per Hour,5.838898,machine_inclusive,accelerator $4.8697/GPU-hr plus 12 vCPU and 170 GB RAM
2026-08-11T12:08:03+00:00,gcp,2026-08-11T07:00:00Z,asia-east2,6B17-0CA3-7622,a2-ultragpu-2g,A100,2,1_year,USD,11.677796,Machine Per Hour,5.838898,machine_inclusive,accelerator $4.8697/GPU-hr plus 24 vCPU and 340 GB RAM
2026-08-11T12:08:03+00:00,gcp,2026-08-11T07:00:00Z,asia-east2,6B17-0CA3-7622,a2-ultragpu-4g,A100,4,1_year,USD,23.355593,Machine Per Hour,5.838898,machine_inclusive,accelerator $4.8697/GPU-hr plus 48 vCPU and 680 GB RAM
2026-08-11T12:08:03+00:00,gcp,2026-08-11T07:00:00Z,asia-east2,6B17-0CA3-7622,a2-ultragpu-8g,A100,8,1_year,USD,46.711186,Machine Per Hour,5.838898,machine_inclusive,accelerator $4.8697/GPU-hr plus 96 vCPU and 1360 GB RAM
2026-08-11T12:08:03+00:00,gcp,2026-08-11T07:00:00Z,me-central1,6B7D-945F-CE02,Nvidia Tesla P4 GPU,P4,1,1_year,USD,0.45927,GPU Per Hour,0.45927,accelerator_only,"bare accelerator price; Google bills vCPU and RAM separately, so this is NOT comparable to Oracle or Azure"
2026-08-11T12:08:03+00:00,gcp,2026-08-11T07:00:00Z,northamerica-northeast1,6B86-4180-2721,a2-ultragpu-1g,A100,1,3_year,USD,3.833385,GPU Per Hour,3.833385,machine_inclusive,accelerator $3.4097/GPU-hr plus 12 vCPU and 170 GB RAM
2026-08-11T12:08:03+00:00,gcp,2026-08-11T07:00:00Z,northamerica-northeast1,6B86-4180-2721,a2-ultragpu-2g,A100,2,3_year,USD,7.66677,Machine Per Hour,3.833385,machine_inclusive,accelerator $3.4097/GPU-hr plus 24 vCPU and 340 GB RAM
2026-08-11T12:08:03+00:00,gcp,2026-08-11T07:00:00Z,northamerica-northeast1,6B86-4180-2721,a2-ultragpu-4g,A100,4,3_year,USD,15.333541,Machine Per Hour,3.833385,machine_inclusive,accelerator $3.4097/GPU-hr plus 48 vCPU and 680 GB RAM
2026-08-11T12:08:03+00:00,gcp,2026-08-11T07:00:00Z,northamerica-northeast1,6B86-4180-2721,a2-ultragpu-8g,A100,8,3_year,USD,30.667082,Machine Per Hour,3.833385,machine_inclusive,accelerator $3.4097/GPU-hr plus 96 vCPU and 1360 GB RAM
2026-08-11T12:08:03+00:00,gcp,2026-08-11T07:00:00Z,europe-west4,6B9F-4268-96F9,A4 Nvidia B200 (1 gpu slice),B200,1,spot,USD,4.4722,GPU Per Hour,4.4722,machine_inclusive,Google publishes no separate A4 vCPU/RAM SKUs -- the per-slice price already covers the whole machine
2026-08-11T12:08:03+00:00,gcp,2026-08-11T07:00:00Z,us-central1,6BE9-B219-3DF0,1/8 vGPU,,,1_year,USD,0.44634,GPU Per Hour,,,accelerator not in the lookup table -- add it to gcp.py
2026-08-11T12:08:03+00:00,gcp,2026-08-11T07:00:00Z,europe-north1,6C31-6F29-0EE6,RTX 6000 96GB,RTX PRO 6000,1,on_demand,USD,1.205215,GPU Per Hour,1.205215,accelerator_only,"bare accelerator price; Google bills vCPU and RAM separately, so this is NOT comparable to Oracle or Azure"
2026-08-11T12:08:03+00:00,gcp,2026-08-11T07:00:00Z,northamerica-northeast1,6C8F-35D0-6F98,a2-ultragpu-1g,A100,1,1_year,USD,4.595592,GPU Per Hour,4.595592,machine_inclusive,accelerator $3.8330/GPU-hr plus 12 vCPU and 170 GB RAM
2026-08-11T12:08:03+00:00,gcp,2026-08-11T07:00:00Z,northamerica-northeast1,6C8F-35D0-6F98,a2-ultragpu-2g,A100,2,1_year,USD,9.191183,Machine Per Hour,4.595592,machine_inclusive,accelerator $3.8330/GPU-hr plus 24 vCPU and 340 GB RAM
2026-08-11T12:08:03+00:00,gcp,2026-08-11T07:00:00Z,northamerica-northeast1,6C8F-35D0-6F98,a2-ultragpu-4g,A100,4,1_year,USD,18.382366,Machine Per Hour,4.595592,machine_inclusive,accelerator $3.8330/GPU-hr plus 48 vCPU and 680 GB RAM
2026-08-11T12:08:03+00:00,gcp,2026-08-11T07:00:00Z,northamerica-northeast1,6C8F-35D0-6F98,a2-ultragpu-8g,A100,8,1_year,USD,36.764733,Machine Per Hour,4.595592,machine_inclusive,accelerator $3.8330/GPU-hr plus 96 vCPU and 1360 GB RAM
2026-08-11T12:08:03+00:00,gcp,2026-08-11T07:00:00Z,us-central1,6CA6-FB4B-081C,Nvidia H100 80GB Plus GPU,,,1_year,USD,7.113593,GPU Per Hour,,,accelerator not in the lookup table -- add it to gcp.py
2026-08-11T12:08:03+00:00,gcp,2026-08-11T07:00:00Z,us-east1,6CA6-FB4B-081C,Nvidia H100 80GB Plus GPU,,,1_year,USD,7.113593,GPU Per Hour,,,accelerator not in the lookup table -- add it to gcp.py
2026-08-11T12:08:03+00:00,gcp,2026-08-11T07:00:00Z,us-west1,6CA6-FB4B-081C,Nvidia H100 80GB Plus GPU,,,1_year,USD,7.113593,GPU Per Hour,,,accelerator not in the lookup table -- add it to gcp.py
2026-08-11T12:08:03+00:00,gcp,2026-08-11T07:00:00Z,us-west8,6CB6-E9F5-1557,a2-ultragpu-1g,A100,1,on_demand,USD,5.027702,GPU Per Hour,5.027702,machine_inclusive,accelerator $3.9281/GPU-hr plus 12 vCPU and 170 GB RAM
2026-08-11T12:08:03+00:00,gcp,2026-08-11T07:00:00Z,us-west8,6CB6-E9F5-1557,a2-ultragpu-2g,A100,2,on_demand,USD,10.055404,Machine Per Hour,5.027702,machine_inclusive,accelerator $3.9281/GPU-hr plus 24 vCPU and 340 GB RAM
2026-08-11T12:08:03+00:00,gcp,2026-08-11T07:00:00Z,us-west8,6CB6-E9F5-1557,a2-ultragpu-4g,A100,4,on_demand,USD,20.110808,Machine Per Hour,5.027702,machine_inclusive,accelerator $3.9281/GPU-hr plus 48 vCPU and 680 GB RAM
2026-08-11T12:08:03+00:00,gcp,2026-08-11T07:00:00Z,us-west8,6CB6-E9F5-1557,a2-ultragpu-8g,A100,8,on_demand,USD,40.221616,Machine Per Hour,5.027702,machine_inclusive,accelerator $3.9281/GPU-hr plus 96 vCPU and 1360 GB RAM
2026-08-11T12:08:03+00:00,gcp,2026-08-11T07:00:00Z,southamerica-east1,6CE8-C0A5-E940,a2-highgpu-1g,A100,1,on_demand,USD,5.19743,GPU Per Hour,5.19743,machine_inclusive,accelerator $4.0236/GPU-hr plus 12 vCPU and 85 GB RAM
2026-08-11T12:08:03+00:00,gcp,2026-08-11T07:00:00Z,southamerica-east1,6CE8-C0A5-E940,a2-highgpu-2g,A100,2,on_demand,USD,10.394861,Machine Per Hour,5.19743,machine_inclusive,accelerator $4.0236/GPU-hr plus 24 vCPU and 170 GB RAM
2026-08-11T12:08:03+00:00,gcp,2026-08-11T07:00:00Z,southamerica-east1,6CE8-C0A5-E940,a2-highgpu-4g,A100,4,on_demand,USD,20.789721,Machine Per Hour,5.19743,machine_inclusive,accelerator $4.0236/GPU-hr plus 48 vCPU and 340 GB RAM
2026-08-11T12:08:03+00:00,gcp,2026-08-11T07:00:00Z,southamerica-east1,6CE8-C0A5-E940,a2-highgpu-8g,A100,8,on_demand,USD,41.579442,Machine Per Hour,5.19743,machine_inclusive,accelerator $4.0236/GPU-hr plus 96 vCPU and 680 GB RAM
2026-08-11T12:08:03+00:00,gcp,2026-08-11T07:00:00Z,southamerica-east1,6CE8-C0A5-E940,a2-megagpu-16g,A100,16,on_demand,USD,78.341605,Machine Per Hour,4.89635,machine_inclusive,accelerator $4.0236/GPU-hr plus 96 vCPU and 1360 GB RAM
2026-08-11T12:08:03+00:00,gcp,2026-08-11T07:00:00Z,asia-south2,6D10-78F3-0F9F,a2-ultragpu-1g,A100,1,on_demand,USD,6.038617,GPU Per Hour,6.038617,machine_inclusive,accelerator $4.7180/GPU-hr plus 12 vCPU and 170 GB RAM
2026-08-11T12:08:03+00:00,gcp,2026-08-11T07:00:00Z,asia-south2,6D10-78F3-0F9F,a2-ultragpu-2g,A100,2,on_demand,USD,12.077234,Machine Per Hour,6.038617,machine_inclusive,accelerator $4.7180/GPU-hr plus 24 vCPU and 340 GB RAM
2026-08-11T12:08:03+00:00,gcp,2026-08-11T07:00:00Z,asia-south2,6D10-78F3-0F9F,a2-ultragpu-4g,A100,4,on_demand,USD,24.154468,Machine Per Hour,6.038617,machine_inclusive,accelerator $4.7180/GPU-hr plus 48 vCPU and 680 GB RAM
2026-08-11T12:08:03+00:00,gcp,2026-08-11T07:00:00Z,asia-south2,6D10-78F3-0F9F,a2-ultragpu-8g,A100,8,on_demand,USD,48.308936,Machine Per Hour,6.038617,machine_inclusive,accelerator $4.7180/GPU-hr plus 96 vCPU and 1360 GB RAM
2026-08-11T12:08:03+00:00,gcp,2026-08-11T07:00:00Z,southamerica-west1,6D85-44FB-026C,a3-highgpu-8g,H100,8,1_year,USD,87.186279,Machine Per Hour,10.898285,machine_inclusive,accelerator $9.7223/GPU-hr plus 208 vCPU and 1872 GB RAM
2026-08-11T12:08:03+00:00,gcp,2026-08-11T07:00:00Z,asia-southeast2,6DA1-58C8-7DDC,a2-ultragpu-1g,A100,1,1_year,USD,5.612401,GPU Per Hour,5.612401,machine_inclusive,accelerator $4.6810/GPU-hr plus 12 vCPU and 170 GB RAM
2026-08-11T12:08:03+00:00,gcp,2026-08-11T07:00:00Z,asia-southeast2,6DA1-58C8-7DDC,a2-ultragpu-2g,A100,2,1_year,USD,11.224803,Machine Per Hour,5.612401,machine_inclusive,accelerator $4.6810/GPU-hr plus 24 vCPU and 340 GB RAM
2026-08-11T12:08:03+00:00,gcp,2026-08-11T07:00:00Z,asia-southeast2,6DA1-58C8-7DDC,a2-ultragpu-4g,A100,4,1_year,USD,22.449606,Machine Per Hour,5.612401,machine_inclusive,accelerator $4.6810/GPU-hr plus 48 vCPU and 680 GB RAM
2026-08-11T12:08:03+00:00,gcp,2026-08-11T07:00:00Z,asia-southeast2,6DA1-58C8-7DDC,a2-ultragpu-8g,A100,8,1_year,USD,44.899211,Machine Per Hour,5.612401,machine_inclusive,accelerator $4.6810/GPU-hr plus 96 vCPU and 1360 GB RAM
2026-08-11T12:08:03+00:00,gcp,2026-08-11T07:00:00Z,asia-northeast1,6DC0-5236-A576,a2-ultragpu-1g,A100,1,spot,USD,2.57511,GPU Per Hour,2.57511,machine_inclusive,accelerator $1.7300/GPU-hr plus 12 vCPU and 170 GB RAM
2026-08-11T12:08:03+00:00,gcp,2026-08-11T07:00:00Z,asia-northeast1,6DC0-5236-A576,a2-ultragpu-2g,A100,2,spot,USD,5.15022,Machine Per Hour,2.57511,machine_inclusive,accelerator $1.7300/GPU-hr plus 24 vCPU and 340 GB RAM
2026-08-11T12:08:03+00:00,gcp,2026-08-11T07:00:00Z,asia-northeast1,6DC0-5236-A576,a2-ultragpu-4g,A100,4,spot,USD,10.30044,Machine Per Hour,2.57511,machine_inclusive,accelerator $1.7300/GPU-hr plus 48 vCPU and 680 GB RAM
2026-08-11T12:08:03+00:00,gcp,2026-08-11T07:00:00Z,asia-northeast1,6DC0-5236-A576,a2-ultragpu-8g,A100,8,spot,USD,20.60088,Machine Per Hour,2.57511,machine_inclusive,accelerator $1.7300/GPU-hr plus 96 vCPU and 1360 GB RAM
2026-08-11T12:08:03+00:00,gcp,2026-08-11T07:00:00Z,europe-west2,6DE3-B8FD-41F1,a2-ultragpu-1g,A100,1,3_year,USD,4.485531,GPU Per Hour,4.485531,machine_inclusive,accelerator $3.9896/GPU-hr plus 12 vCPU and 170 GB RAM
2026-08-11T12:08:03+00:00,gcp,2026-08-11T07:00:00Z,europe-west2,6DE3-B8FD-41F1,a2-ultragpu-2g,A100,2,3_year,USD,8.971062,Machine Per Hour,4.485531,machine_inclusive,accelerator $3.9896/GPU-hr plus 24 vCPU and 340 GB RAM
2026-08-11T12:08:03+00:00,gcp,2026-08-11T07:00:00Z,europe-west2,6DE3-B8FD-41F1,a2-ultragpu-4g,A100,4,3_year,USD,17.942124,Machine Per Hour,4.485531,machine_inclusive,accelerator $3.9896/GPU-hr plus 48 vCPU and 680 GB RAM
2026-08-11T12:08:03+00:00,gcp,2026-08-11T07:00:00Z,europe-west2,6DE3-B8FD-41F1,a2-ultragpu-8g,A100,8,3_year,USD,35.884247,Machine Per Hour,4.485531,machine_inclusive,accelerator $3.9896/GPU-hr plus 96 vCPU and 1360 GB RAM
2026-08-11T12:08:03+00:00,gcp,2026-08-11T07:00:00Z,australia-southeast1,6E1C-FE85-B8E3,g2-standard-4,L4,1,on_demand,USD,0.883229,GPU Per Hour,0.883229,machine_inclusive,accelerator $0.6998/GPU-hr plus 4 vCPU and 16 GB RAM
2026-08-11T12:08:03+00:00,gcp,2026-08-11T07:00:00Z,australia-southeast1,6E1C-FE85-B8E3,g2-standard-8,L4,1,on_demand,USD,1.066655,GPU Per Hour,1.066655,machine_inclusive,accelerator $0.6998/GPU-hr plus 8 vCPU and 32 GB RAM
2026-08-11T12:08:03+00:00,gcp,2026-08-11T07:00:00Z,australia-southeast1,6E1C-FE85-B8E3,g2-standard-12,L4,1,on_demand,USD,1.25008,GPU Per Hour,1.25008,machine_inclusive,accelerator $0.6998/GPU-hr plus 12 vCPU and 48 GB RAM
2026-08-11T12:08:03+00:00,gcp,2026-08-11T07:00:00Z,australia-southeast1,6E1C-FE85-B8E3,g2-standard-16,L4,1,on_demand,USD,1.433505,GPU Per Hour,1.433505,machine_inclusive,accelerator $0.6998/GPU-hr plus 16 vCPU and 64 GB RAM
2026-08-11T12:08:03+00:00,gcp,2026-08-11T07:00:00Z,australia-southeast1,6E1C-FE85-B8E3,g2-standard-24,L4,2,on_demand,USD,2.50016,Machine Per Hour,1.25008,machine_inclusive,accelerator $0.6998/GPU-hr plus 24 vCPU and 96 GB RAM
2026-08-11T12:08:03+00:00,gcp,2026-08-11T07:00:00Z,australia-southeast1,6E1C-FE85-B8E3,g2-standard-32,L4,1,on_demand,USD,2.167207,GPU Per Hour,2.167207,machine_inclusive,accelerator $0.6998/GPU-hr plus 32 vCPU and 128 GB RAM
2026-08-11T12:08:03+00:00,gcp,2026-08-11T07:00:00Z,australia-southeast1,6E1C-FE85-B8E3,g2-standard-48,L4,4,on_demand,USD,5.00032,Machine Per Hour,1.25008,machine_inclusive,accelerator $0.6998/GPU-hr plus 48 vCPU and 192 GB RAM
2026-08-11T12:08:03+00:00,gcp,2026-08-11T07:00:00Z,australia-southeast1,6E1C-FE85-B8E3,g2-standard-96,L4,8,on_demand,USD,10.000641,Machine Per Hour,1.25008,machine_inclusive,accelerator $0.6998/GPU-hr plus 96 vCPU and 384 GB RAM
2026-08-11T12:08:03+00:00,gcp,2026-08-11T07:00:00Z,asia-southeast1,6E2E-85EA-E2A1,a3-highgpu-8g,H100,8,1_year,USD,78.82407,Machine Per Hour,9.853009,machine_inclusive,accelerator $8.8385/GPU-hr plus 208 vCPU and 1872 GB RAM
2026-08-11T12:08:03+00:00,gcp,2026-08-11T07:00:00Z,us-west2,6E55-E398-4915,a2-ultragpu-1g,A100,1,on_demand,USD,6.042715,GPU Per Hour,6.042715,machine_inclusive,accelerator $4.7219/GPU-hr plus 12 vCPU and 170 GB RAM
2026-08-11T12:08:03+00:00,gcp,2026-08-11T07:00:00Z,us-west2,6E55-E398-4915,a2-ultragpu-2g,A100,2,on_demand,USD,12.08543,Machine Per Hour,6.042715,machine_inclusive,accelerator $4.7219/GPU-hr plus 24 vCPU and 340 GB RAM
2026-08-11T12:08:03+00:00,gcp,2026-08-11T07:00:00Z,us-west2,6E55-E398-4915,a2-ultragpu-4g,A100,4,on_demand,USD,24.17086,Machine Per Hour,6.042715,machine_inclusive,accelerator $4.7219/GPU-hr plus 48 vCPU and 680 GB RAM
2026-08-11T12:08:03+00:00,gcp,2026-08-11T07:00:00Z,us-west2,6E55-E398-4915,a2-ultragpu-8g,A100,8,on_demand,USD,48.34172,Machine Per Hour,6.042715,machine_inclusive,accelerator $4.7219/GPU-hr plus 96 vCPU and 1360 GB RAM
2026-08-11T12:08:03+00:00,gcp,2026-08-11T07:00:00Z,us-west4,6E7A-3CB4-0441,g2-standard-4,L4,1,on_demand,USD,0.796105,GPU Per Hour,0.796105,machine_inclusive,accelerator $0.6308/GPU-hr plus 4 vCPU and 16 GB RAM
2026-08-11T12:08:03+00:00,gcp,2026-08-11T07:00:00Z,us-west4,6E7A-3CB4-0441,g2-standard-8,L4,1,on_demand,USD,0.961437,GPU Per Hour,0.961437,machine_inclusive,accelerator $0.6308/GPU-hr plus 8 vCPU and 32 GB RAM
2026-08-11T12:08:03+00:00,gcp,2026-08-11T07:00:00Z,us-west4,6E7A-3CB4-0441,g2-standard-12,L4,1,on_demand,USD,1.126769,GPU Per Hour,1.126769,machine_inclusive,accelerator $0.6308/GPU-hr plus 12 vCPU and 48 GB RAM
2026-08-11T12:08:03+00:00,gcp,2026-08-11T07:00:00Z,us-west4,6E7A-3CB4-0441,g2-standard-16,L4,1,on_demand,USD,1.292101,GPU Per Hour,1.292101,machine_inclusive,accelerator $0.6308/GPU-hr plus 16 vCPU and 64 GB RAM
2026-08-11T12:08:03+00:00,gcp,2026-08-11T07:00:00Z,us-west4,6E7A-3CB4-0441,g2-standard-24,L4,2,on_demand,USD,2.253538,Machine Per Hour,1.126769,machine_inclusive,accelerator $0.6308/GPU-hr plus 24 vCPU and 96 GB RAM
2026-08-11T12:08:03+00:00,gcp,2026-08-11T07:00:00Z,us-west4,6E7A-3CB4-0441,g2-standard-32,L4,1,on_demand,USD,1.953428,GPU Per Hour,1.953428,machine_inclusive,accelerator $0.6308/GPU-hr plus 32 vCPU and 128 GB RAM
2026-08-11T12:08:03+00:00,gcp,2026-08-11T07:00:00Z,us-west4,6E7A-3CB4-0441,g2-standard-48,L4,4,on_demand,USD,4.507075,Machine Per Hour,1.126769,machine_inclusive,accelerator $0.6308/GPU-hr plus 48 vCPU and 192 GB RAM
2026-08-11T12:08:03+00:00,gcp,2026-08-11T07:00:00Z,us-west4,6E7A-3CB4-0441,g2-standard-96,L4,8,on_demand,USD,9.014151,Machine Per Hour,1.126769,machine_inclusive,accelerator $0.6308/GPU-hr plus 96 vCPU and 384 GB RAM
2026-08-11T12:08:03+00:00,gcp,2026-08-11T07:00:00Z,northamerica-northeast2,6EA7-88BA-6D16,a2-ultragpu-1g,A100,1,1_year,USD,4.595592,GPU Per Hour,4.595592,machine_inclusive,accelerator $3.8330/GPU-hr plus 12 vCPU and 170 GB RAM
2026-08-11T12:08:03+00:00,gcp,2026-08-11T07:00:00Z,northamerica-northeast2,6EA7-88BA-6D16,a2-ultragpu-2g,A100,2,1_year,USD,9.191183,Machine Per Hour,4.595592,machine_inclusive,accelerator $3.8330/GPU-hr plus 24 vCPU and 340 GB RAM
2026-08-11T12:08:03+00:00,gcp,2026-08-11T07:00:00Z,northamerica-northeast2,6EA7-88BA-6D16,a2-ultragpu-4g,A100,4,1_year,USD,18.382366,Machine Per Hour,4.595592,machine_inclusive,accelerator $3.8330/GPU-hr plus 48 vCPU and 680 GB RAM
2026-08-11T12:08:03+00:00,gcp,2026-08-11T07:00:00Z,northamerica-northeast2,6EA7-88BA-6D16,a2-ultragpu-8g,A100,8,1_year,USD,36.764733,Machine Per Hour,4.595592,machine_inclusive,accelerator $3.8330/GPU-hr plus 96 vCPU and 1360 GB RAM
2026-08-11T12:08:03+00:00,gcp,2026-08-11T07:00:00Z,europe-west9,6EC0-BB63-F71C,g2-standard-4,L4,1,3_year,USD,0.368966,GPU Per Hour,0.368966,machine_inclusive,accelerator $0.2923/GPU-hr plus 4 vCPU and 16 GB RAM
2026-08-11T12:08:03+00:00,gcp,2026-08-11T07:00:00Z,europe-west9,6EC0-BB63-F71C,g2-standard-8,L4,1,3_year,USD,0.445592,GPU Per Hour,0.445592,machine_inclusive,accelerator $0.2923/GPU-hr plus 8 vCPU and 32 GB RAM
2026-08-11T12:08:03+00:00,gcp,2026-08-11T07:00:00Z,europe-west9,6EC0-BB63-F71C,g2-standard-12,L4,1,3_year,USD,0.522217,GPU Per Hour,0.522217,machine_inclusive,accelerator $0.2923/GPU-hr plus 12 vCPU and 48 GB RAM
2026-08-11T12:08:03+00:00,gcp,2026-08-11T07:00:00Z,europe-west9,6EC0-BB63-F71C,g2-standard-16,L4,1,3_year,USD,0.598843,GPU Per Hour,0.598843,machine_inclusive,accelerator $0.2923/GPU-hr plus 16 vCPU and 64 GB RAM
2026-08-11T12:08:03+00:00,gcp,2026-08-11T07:00:00Z,europe-west9,6EC0-BB63-F71C,g2-standard-24,L4,2,3_year,USD,1.044435,Machine Per Hour,0.522217,machine_inclusive,accelerator $0.2923/GPU-hr plus 24 vCPU and 96 GB RAM
2026-08-11T12:08:03+00:00,gcp,2026-08-11T07:00:00Z,europe-west9,6EC0-BB63-F71C,g2-standard-32,L4,1,3_year,USD,0.905345,GPU Per Hour,0.905345,machine_inclusive,accelerator $0.2923/GPU-hr plus 32 vCPU and 128 GB RAM
2026-08-11T12:08:03+00:00,gcp,2026-08-11T07:00:00Z,europe-west9,6EC0-BB63-F71C,g2-standard-48,L4,4,3_year,USD,2.088869,Machine Per Hour,0.522217,machine_inclusive,accelerator $0.2923/GPU-hr plus 48 vCPU and 192 GB RAM
2026-08-11T12:08:03+00:00,gcp,2026-08-11T07:00:00Z,europe-west9,6EC0-BB63-F71C,g2-standard-96,L4,8,3_year,USD,4.177739,Machine Per Hour,0.522217,machine_inclusive,accelerator $0.2923/GPU-hr plus 96 vCPU and 384 GB RAM
2026-08-11T12:08:03+00:00,gcp,2026-08-11T07:00:00Z,europe-west9,6EE8-48B0-2E73,a2-ultragpu-1g,A100,1,1_year,USD,4.841608,GPU Per Hour,4.841608,machine_inclusive,accelerator $4.0381/GPU-hr plus 12 vCPU and 170 GB RAM
2026-08-11T12:08:03+00:00,gcp,2026-08-11T07:00:00Z,europe-west9,6EE8-48B0-2E73,a2-ultragpu-2g,A100,2,1_year,USD,9.683215,Machine Per Hour,4.841608,machine_inclusive,accelerator $4.0381/GPU-hr plus 24 vCPU and 340 GB RAM
2026-08-11T12:08:03+00:00,gcp,2026-08-11T07:00:00Z,europe-west9,6EE8-48B0-2E73,a2-ultragpu-4g,A100,4,1_year,USD,19.36643,Machine Per Hour,4.841608,machine_inclusive,accelerator $4.0381/GPU-hr plus 48 vCPU and 680 GB RAM
2026-08-11T12:08:03+00:00,gcp,2026-08-11T07:00:00Z,europe-west9,6EE8-48B0-2E73,a2-ultragpu-8g,A100,8,1_year,USD,38.732861,Machine Per Hour,4.841608,machine_inclusive,accelerator $4.0381/GPU-hr plus 96 vCPU and 1360 GB RAM
2026-08-11T12:08:03+00:00,gcp,2026-08-11T07:00:00Z,me-central2,6EEB-BB7A-5F81,Nvidia Tesla P100 GPU,P100,1,3_year,USD,1.0512,GPU Per Hour,1.0512,accelerator_only,"bare accelerator price; Google bills vCPU and RAM separately, so this is NOT comparable to Oracle or Azure"
2026-08-11T12:08:03+00:00,gcp,2026-08-11T07:00:00Z,europe-west1,6F0B-98EB-B43A,g2-standard-4,L4,1,3_year,USD,0.350232,GPU Per Hour,0.350232,machine_inclusive,accelerator $0.2775/GPU-hr plus 4 vCPU and 16 GB RAM
2026-08-11T12:08:03+00:00,gcp,2026-08-11T07:00:00Z,europe-west1,6F0B-98EB-B43A,g2-standard-8,L4,1,3_year,USD,0.422966,GPU Per Hour,0.422966,machine_inclusive,accelerator $0.2775/GPU-hr plus 8 vCPU and 32 GB RAM
2026-08-11T12:08:03+00:00,gcp,2026-08-11T07:00:00Z,europe-west1,6F0B-98EB-B43A,g2-standard-12,L4,1,3_year,USD,0.495701,GPU Per Hour,0.495701,machine_inclusive,accelerator $0.2775/GPU-hr plus 12 vCPU and 48 GB RAM
2026-08-11T12:08:03+00:00,gcp,2026-08-11T07:00:00Z,europe-west1,6F0B-98EB-B43A,g2-standard-16,L4,1,3_year,USD,0.568436,GPU Per Hour,0.568436,machine_inclusive,accelerator $0.2775/GPU-hr plus 16 vCPU and 64 GB RAM
2026-08-11T12:08:03+00:00,gcp,2026-08-11T07:00:00Z,europe-west1,6F0B-98EB-B43A,g2-standard-24,L4,2,3_year,USD,0.991402,Machine Per Hour,0.495701,machine_inclusive,accelerator $0.2775/GPU-hr plus 24 vCPU and 96 GB RAM
2026-08-11T12:08:03+00:00,gcp,2026-08-11T07:00:00Z,europe-west1,6F0B-98EB-B43A,g2-standard-32,L4,1,3_year,USD,0.859375,GPU Per Hour,0.859375,machine_inclusive,accelerator $0.2775/GPU-hr plus 32 vCPU and 128 GB RAM
2026-08-11T12:08:03+00:00,gcp,2026-08-11T07:00:00Z,europe-west1,6F0B-98EB-B43A,g2-standard-48,L4,4,3_year,USD,1.982805,Machine Per Hour,0.495701,machine_inclusive,accelerator $0.2775/GPU-hr plus 48 vCPU and 192 GB RAM
2026-08-11T12:08:03+00:00,gcp,2026-08-11T07:00:00Z,europe-west1,6F0B-98EB-B43A,g2-standard-96,L4,8,3_year,USD,3.96561,Machine Per Hour,0.495701,machine_inclusive,accelerator $0.2775/GPU-hr plus 96 vCPU and 384 GB RAM
2026-08-11T12:08:03+00:00,gcp,2026-08-11T07:00:00Z,asia-south2,6F1B-B1C7-C485,1/8 vGPU no lssd,,,on_demand,USD,0.84094,GPU Per Hour,,,accelerator not in the lookup table -- add it to gcp.py
2026-08-11T12:08:03+00:00,gcp,2026-08-11T07:00:00Z,europe-north1,6F32-ACAD-F536,a2-ultragpu-1g,A100,1,1_year,USD,4.595623,GPU Per Hour,4.595623,machine_inclusive,accelerator $3.8330/GPU-hr plus 12 vCPU and 170 GB RAM
2026-08-11T12:08:03+00:00,gcp,2026-08-11T07:00:00Z,europe-north1,6F32-ACAD-F536,a2-ultragpu-2g,A100,2,1_year,USD,9.191246,Machine Per Hour,4.595623,machine_inclusive,accelerator $3.8330/GPU-hr plus 24 vCPU and 340 GB RAM
2026-08-11T12:08:03+00:00,gcp,2026-08-11T07:00:00Z,europe-north1,6F32-ACAD-F536,a2-ultragpu-4g,A100,4,1_year,USD,18.382491,Machine Per Hour,4.595623,machine_inclusive,accelerator $3.8330/GPU-hr plus 48 vCPU and 680 GB RAM
2026-08-11T12:08:03+00:00,gcp,2026-08-11T07:00:00Z,europe-north1,6F32-ACAD-F536,a2-ultragpu-8g,A100,8,1_year,USD,36.764982,Machine Per Hour,4.595623,machine_inclusive,accelerator $3.8330/GPU-hr plus 96 vCPU and 1360 GB RAM
2026-08-11T12:08:03+00:00,gcp,2026-08-11T07:00:00Z,africa-south1,6F4F-446B-3D40,a2-highgpu-1g,A100,1,on_demand,USD,4.804788,GPU Per Hour,4.804788,machine_inclusive,accelerator $3.8376/GPU-hr plus 12 vCPU and 85 GB RAM
2026-08-11T12:08:03+00:00,gcp,2026-08-11T07:00:00Z,africa-south1,6F4F-446B-3D40,a2-highgpu-2g,A100,2,on_demand,USD,9.609576,Machine Per Hour,4.804788,machine_inclusive,accelerator $3.8376/GPU-hr plus 24 vCPU and 170 GB RAM
2026-08-11T12:08:03+00:00,gcp,2026-08-11T07:00:00Z,africa-south1,6F4F-446B-3D40,a2-highgpu-4g,A100,4,on_demand,USD,19.219152,Machine Per Hour,4.804788,machine_inclusive,accelerator $3.8376/GPU-hr plus 48 vCPU and 340 GB RAM
2026-08-11T12:08:03+00:00,gcp,2026-08-11T07:00:00Z,africa-south1,6F4F-446B-3D40,a2-highgpu-8g,A100,8,on_demand,USD,38.438304,Machine Per Hour,4.804788,machine_inclusive,accelerator $3.8376/GPU-hr plus 96 vCPU and 680 GB RAM
2026-08-11T12:08:03+00:00,gcp,2026-08-11T07:00:00Z,africa-south1,6F4F-446B-3D40,a2-megagpu-16g,A100,16,on_demand,USD,72.907277,Machine Per Hour,4.556705,machine_inclusive,accelerator $3.8376/GPU-hr plus 96 vCPU and 1360 GB RAM
2026-08-11T12:08:03+00:00,gcp,2026-08-11T07:00:00Z,europe-central2,6F61-F064-B5BC,a2-ultragpu-1g,A100,1,1_year,USD,5.377433,GPU Per Hour,5.377433,machine_inclusive,accelerator $4.4850/GPU-hr plus 12 vCPU and 170 GB RAM
2026-08-11T12:08:03+00:00,gcp,2026-08-11T07:00:00Z,europe-central2,6F61-F064-B5BC,a2-ultragpu-2g,A100,2,1_year,USD,10.754866,Machine Per Hour,5.377433,machine_inclusive,accelerator $4.4850/GPU-hr plus 24 vCPU and 340 GB RAM
2026-08-11T12:08:03+00:00,gcp,2026-08-11T07:00:00Z,europe-central2,6F61-F064-B5BC,a2-ultragpu-4g,A100,4,1_year,USD,21.509732,Machine Per Hour,5.377433,machine_inclusive,accelerator $4.4850/GPU-hr plus 48 vCPU and 680 GB RAM
2026-08-11T12:08:03+00:00,gcp,2026-08-11T07:00:00Z,europe-central2,6F61-F064-B5BC,a2-ultragpu-8g,A100,8,1_year,USD,43.019464,Machine Per Hour,5.377433,machine_inclusive,accelerator $4.4850/GPU-hr plus 96 vCPU and 1360 GB RAM
2026-08-11T12:08:03+00:00,gcp,2026-08-11T07:00:00Z,us-west3,6F83-20FE-AB1F,A4 Nvidia B200 (1 gpu slice),B200,1,spot,USD,4.7076,GPU Per Hour,4.7076,machine_inclusive,Google publishes no separate A4 vCPU/RAM SKUs -- the per-slice price already covers the whole machine
2026-08-11T12:08:03+00:00,gcp,2026-08-11T07:00:00Z,europe-west1,6FAF-ADE7-FB07,Nvidia Tesla T4 GPU,T4,1,on_demand,USD,0.35,GPU Per Hour,0.35,accelerator_only,"bare accelerator price; Google bills vCPU and RAM separately, so this is NOT comparable to Oracle or Azure"
2026-08-11T12:08:03+00:00,gcp,2026-08-11T07:00:00Z,us-west8,6FD3-0B01-1078,A4 Nvidia B200 (1 gpu slice),B200,1,spot,USD,8.4578,GPU Per Hour,8.4578,machine_inclusive,Google publishes no separate A4 vCPU/RAM SKUs -- the per-slice price already covers the whole machine
2026-08-11T12:08:03+00:00,gcp,2026-08-11T07:00:00Z,europe-west1,6FE2-A784-DD60,a3-highgpu-8g,H100,8,1_year,USD,67.133436,Machine Per Hour,8.391679,machine_inclusive,accelerator $7.4862/GPU-hr plus 208 vCPU and 1872 GB RAM
2026-08-11T12:08:03+00:00,gcp,2026-08-11T07:00:00Z,us-east4,7026-FF0B-CB07,RTX 6000 96GB,RTX PRO 6000,1,on_demand,USD,1.09565,GPU Per Hour,1.09565,accelerator_only,"bare accelerator price; Google bills vCPU and RAM separately, so this is NOT comparable to Oracle or Azure"
2026-08-11T12:08:03+00:00,gcp,2026-08-11T07:00:00Z,asia-east2,7066-EF40-2F1C,a3-highgpu-8g,H100,8,1_year,USD,85.29013,Machine Per Hour,10.661266,machine_inclusive,accelerator $9.5109/GPU-hr plus 208 vCPU and 1872 GB RAM
2026-08-11T12:08:03+00:00,gcp,2026-08-11T07:00:00Z,asia-northeast3,7081-7A9E-A244,1/8 vGPU,,,3_year,USD,0.37002,GPU Per Hour,,,accelerator not in the lookup table -- add it to gcp.py
2026-08-11T12:08:03+00:00,gcp,2026-08-11T07:00:00Z,europe-southwest1,70D0-6D88-4307,a2-ultragpu-1g,A100,1,3_year,USD,4.108175,GPU Per Hour,4.108175,machine_inclusive,accelerator $3.6540/GPU-hr plus 12 vCPU and 170 GB RAM
2026-08-11T12:08:03+00:00,gcp,2026-08-11T07:00:00Z,europe-southwest1,70D0-6D88-4307,a2-ultragpu-2g,A100,2,3_year,USD,8.21635,Machine Per Hour,4.108175,machine_inclusive,accelerator $3.6540/GPU-hr plus 24 vCPU and 340 GB RAM
2026-08-11T12:08:03+00:00,gcp,2026-08-11T07:00:00Z,europe-southwest1,70D0-6D88-4307,a2-ultragpu-4g,A100,4,3_year,USD,16.4327,Machine Per Hour,4.108175,machine_inclusive,accelerator $3.6540/GPU-hr plus 48 vCPU and 680 GB RAM
2026-08-11T12:08:03+00:00,gcp,2026-08-11T07:00:00Z,europe-southwest1,70D0-6D88-4307,a2-ultragpu-8g,A100,8,3_year,USD,32.8654,Machine Per Hour,4.108175,machine_inclusive,accelerator $3.6540/GPU-hr plus 96 vCPU and 1360 GB RAM
2026-08-11T12:08:03+00:00,gcp,2026-08-11T07:00:00Z,asia-south2,710C-8ABA-B283,1/8 vGPU no lssd,,,spot,USD,0.33638,GPU Per Hour,,,accelerator not in the lookup table -- add it to gcp.py
2026-08-11T12:08:03+00:00,gcp,2026-08-11T07:00:00Z,europe-central2,7162-C0CB-FEE9,a3-highgpu-8g,H100,8,on_demand,USD,113.163383,Machine Per Hour,14.145423,machine_inclusive,accelerator $12.6219/GPU-hr plus 208 vCPU and 1872 GB RAM
2026-08-11T12:08:03+00:00,gcp,2026-08-11T07:00:00Z,us-west8,716D-034C-311A,Nvidia Tesla P4 GPU,P4,1,spot,USD,0.1103,GPU Per Hour,0.1103,accelerator_only,"bare accelerator price; Google bills vCPU and RAM separately, so this is NOT comparable to Oracle or Azure"
2026-08-11T12:08:03+00:00,gcp,2026-08-11T07:00:00Z,northamerica-northeast2,720B-1B77-CE57,g2-standard-4,L4,1,spot,USD,0.466984,GPU Per Hour,0.466984,machine_inclusive,accelerator $0.3700/GPU-hr plus 4 vCPU and 16 GB RAM
2026-08-11T12:08:03+00:00,gcp,2026-08-11T07:00:00Z,northamerica-northeast2,720B-1B77-CE57,g2-standard-8,L4,1,spot,USD,0.563968,GPU Per Hour,0.563968,machine_inclusive,accelerator $0.3700/GPU-hr plus 8 vCPU and 32 GB RAM
2026-08-11T12:08:03+00:00,gcp,2026-08-11T07:00:00Z,northamerica-northeast2,720B-1B77-CE57,g2-standard-12,L4,1,spot,USD,0.660952,GPU Per Hour,0.660952,machine_inclusive,accelerator $0.3700/GPU-hr plus 12 vCPU and 48 GB RAM
2026-08-11T12:08:03+00:00,gcp,2026-08-11T07:00:00Z,northamerica-northeast2,720B-1B77-CE57,g2-standard-16,L4,1,spot,USD,0.757936,GPU Per Hour,0.757936,machine_inclusive,accelerator $0.3700/GPU-hr plus 16 vCPU and 64 GB RAM
2026-08-11T12:08:03+00:00,gcp,2026-08-11T07:00:00Z,northamerica-northeast2,720B-1B77-CE57,g2-standard-24,L4,2,spot,USD,1.321904,Machine Per Hour,0.660952,machine_inclusive,accelerator $0.3700/GPU-hr plus 24 vCPU and 96 GB RAM
2026-08-11T12:08:03+00:00,gcp,2026-08-11T07:00:00Z,northamerica-northeast2,720B-1B77-CE57,g2-standard-32,L4,1,spot,USD,1.145872,GPU Per Hour,1.145872,machine_inclusive,accelerator $0.3700/GPU-hr plus 32 vCPU and 128 GB RAM
2026-08-11T12:08:03+00:00,gcp,2026-08-11T07:00:00Z,northamerica-northeast2,720B-1B77-CE57,g2-standard-48,L4,4,spot,USD,2.643808,Machine Per Hour,0.660952,machine_inclusive,accelerator $0.3700/GPU-hr plus 48 vCPU and 192 GB RAM
2026-08-11T12:08:03+00:00,gcp,2026-08-11T07:00:00Z,northamerica-northeast2,720B-1B77-CE57,g2-standard-96,L4,8,spot,USD,5.287616,Machine Per Hour,0.660952,machine_inclusive,accelerator $0.3700/GPU-hr plus 96 vCPU and 384 GB RAM
2026-08-11T12:08:03+00:00,gcp,2026-08-11T07:00:00Z,europe-southwest1,7285-F8CF-B107,g2-standard-4,L4,1,1_year,USD,0.525459,GPU Per Hour,0.525459,machine_inclusive,accelerator $0.4163/GPU-hr plus 4 vCPU and 16 GB RAM
2026-08-11T12:08:03+00:00,gcp,2026-08-11T07:00:00Z,europe-southwest1,7285-F8CF-B107,g2-standard-8,L4,1,1_year,USD,0.634584,GPU Per Hour,0.634584,machine_inclusive,accelerator $0.4163/GPU-hr plus 8 vCPU and 32 GB RAM
2026-08-11T12:08:03+00:00,gcp,2026-08-11T07:00:00Z,europe-southwest1,7285-F8CF-B107,g2-standard-12,L4,1,1_year,USD,0.74371,GPU Per Hour,0.74371,machine_inclusive,accelerator $0.4163/GPU-hr plus 12 vCPU and 48 GB RAM
2026-08-11T12:08:03+00:00,gcp,2026-08-11T07:00:00Z,europe-southwest1,7285-F8CF-B107,g2-standard-16,L4,1,1_year,USD,0.852835,GPU Per Hour,0.852835,machine_inclusive,accelerator $0.4163/GPU-hr plus 16 vCPU and 64 GB RAM
2026-08-11T12:08:03+00:00,gcp,2026-08-11T07:00:00Z,europe-southwest1,7285-F8CF-B107,g2-standard-24,L4,2,1_year,USD,1.487419,Machine Per Hour,0.74371,machine_inclusive,accelerator $0.4163/GPU-hr plus 24 vCPU and 96 GB RAM
2026-08-11T12:08:03+00:00,gcp,2026-08-11T07:00:00Z,europe-southwest1,7285-F8CF-B107,g2-standard-32,L4,1,1_year,USD,1.289335,GPU Per Hour,1.289335,machine_inclusive,accelerator $0.4163/GPU-hr plus 32 vCPU and 128 GB RAM
2026-08-11T12:08:03+00:00,gcp,2026-08-11T07:00:00Z,europe-southwest1,7285-F8CF-B107,g2-standard-48,L4,4,1_year,USD,2.974838,Machine Per Hour,0.74371,machine_inclusive,accelerator $0.4163/GPU-hr plus 48 vCPU and 192 GB RAM
2026-08-11T12:08:03+00:00,gcp,2026-08-11T07:00:00Z,europe-southwest1,7285-F8CF-B107,g2-standard-96,L4,8,1_year,USD,5.949676,Machine Per Hour,0.74371,machine_inclusive,accelerator $0.4163/GPU-hr plus 96 vCPU and 384 GB RAM
2026-08-11T12:08:03+00:00,gcp,2026-08-11T07:00:00Z,europe-southwest1,72CC-7778-1498,a2-highgpu-1g,A100,1,spot,USD,0.39017,GPU Per Hour,0.39017,machine_inclusive,accelerator $0.3116/GPU-hr plus 12 vCPU and 85 GB RAM
2026-08-11T12:08:03+00:00,gcp,2026-08-11T07:00:00Z,europe-southwest1,72CC-7778-1498,a2-highgpu-2g,A100,2,spot,USD,0.78034,Machine Per Hour,0.39017,machine_inclusive,accelerator $0.3116/GPU-hr plus 24 vCPU and 170 GB RAM
2026-08-11T12:08:03+00:00,gcp,2026-08-11T07:00:00Z,europe-southwest1,72CC-7778-1498,a2-highgpu-4g,A100,4,spot,USD,1.56068,Machine Per Hour,0.39017,machine_inclusive,accelerator $0.3116/GPU-hr plus 48 vCPU and 340 GB RAM
2026-08-11T12:08:03+00:00,gcp,2026-08-11T07:00:00Z,europe-southwest1,72CC-7778-1498,a2-highgpu-8g,A100,8,spot,USD,3.12136,Machine Per Hour,0.39017,machine_inclusive,accelerator $0.3116/GPU-hr plus 96 vCPU and 680 GB RAM
2026-08-11T12:08:03+00:00,gcp,2026-08-11T07:00:00Z,europe-southwest1,72CC-7778-1498,a2-megagpu-16g,A100,16,spot,USD,5.92016,Machine Per Hour,0.37001,machine_inclusive,accelerator $0.3116/GPU-hr plus 96 vCPU and 1360 GB RAM
2026-08-11T12:08:03+00:00,gcp,2026-08-11T07:00:00Z,me-central1,72CF-D400-3D25,Nvidia Tesla P100 GPU,P100,1,spot,USD,0.4479,GPU Per Hour,0.4479,accelerator_only,"bare accelerator price; Google bills vCPU and RAM separately, so this is NOT comparable to Oracle or Azure"
2026-08-11T12:08:03+00:00,gcp,2026-08-11T07:00:00Z,us-east5,72F6-3C61-9D08,RTX 6000 96GB,RTX PRO 6000,1,spot,USD,0.4821,GPU Per Hour,0.4821,accelerator_only,"bare accelerator price; Google bills vCPU and RAM separately, so this is NOT comparable to Oracle or Azure"
2026-08-11T12:08:03+00:00,gcp,2026-08-11T07:00:00Z,asia-northeast1,7386-7E64-5ABE,1/8 vGPU,,,3_year,USD,0.37002,GPU Per Hour,,,accelerator not in the lookup table -- add it to gcp.py
2026-08-11T12:08:03+00:00,gcp,2026-08-11T07:00:00Z,asia-southeast2,73AB-6EB7-E7C5,Nvidia Tesla P4 GPU,P4,1,on_demand,USD,0.7085,GPU Per Hour,0.7085,accelerator_only,"bare accelerator price; Google bills vCPU and RAM separately, so this is NOT comparable to Oracle or Azure"
2026-08-11T12:08:03+00:00,gcp,2026-08-11T07:00:00Z,us-west1,73C5-0031-0BF3,RTX 6000 96GB,RTX PRO 6000,1,on_demand,USD,1.09565,GPU Per Hour,1.09565,accelerator_only,"bare accelerator price; Google bills vCPU and RAM separately, so this is NOT comparable to Oracle or Azure"
2026-08-11T12:08:03+00:00,gcp,2026-08-11T07:00:00Z,southamerica-west1,7407-6780-BF57,Nvidia Tesla V100 GPU,V100,1,spot,USD,0.3192,GPU Per Hour,0.3192,accelerator_only,"bare accelerator price; Google bills vCPU and RAM separately, so this is NOT comparable to Oracle or Azure"
2026-08-11T12:08:03+00:00,gcp,2026-08-11T07:00:00Z,us-west3,749D-8C88-C2F8,A4 Nvidia B200 (1 gpu slice),B200,1,1_year,USD,11.1159,GPU Per Hour,11.1159,machine_inclusive,Google publishes no separate A4 vCPU/RAM SKUs -- the per-slice price already covers the whole machine
2026-08-11T12:08:03+00:00,gcp,2026-08-11T07:00:00Z,me-central2,74BE-AC81-C7DE,Nvidia Tesla V100 GPU,V100,1,spot,USD,0.3724,GPU Per Hour,0.3724,accelerator_only,"bare accelerator price; Google bills vCPU and RAM separately, so this is NOT comparable to Oracle or Azure"
2026-08-11T12:08:03+00:00,gcp,2026-08-11T07:00:00Z,us-west4,74CE-7844-372A,Nvidia Tesla P4 GPU,P4,1,1_year,USD,0.378,GPU Per Hour,0.378,accelerator_only,"bare accelerator price; Google bills vCPU and RAM separately, so this is NOT comparable to Oracle or Azure"
2026-08-11T12:08:03+00:00,gcp,2026-08-11T07:00:00Z,us-west3,74E3-B555-7FF8,A4 Nvidia B200 (1 gpu slice),B200,1,3_year,USD,7.0884,GPU Per Hour,7.0884,machine_inclusive,Google publishes no separate A4 vCPU/RAM SKUs -- the per-slice price already covers the whole machine
2026-08-11T12:08:03+00:00,gcp,2026-08-11T07:00:00Z,asia-south1,7589-CD8B-1EAD,Nvidia Tesla T4 GPU,T4,1,spot,USD,0.1576,GPU Per Hour,0.1576,accelerator_only,"bare accelerator price; Google bills vCPU and RAM separately, so this is NOT comparable to Oracle or Azure"
2026-08-11T12:08:03+00:00,gcp,2026-08-11T07:00:00Z,us-west1,759E-59C1-661D,a3-ultragpu-8g,H200,8,1_year,USD,57.64344,Machine Per Hour,7.20543,machine_inclusive,accelerator $6.4314/GPU-hr plus 224 vCPU and 2952 GB RAM
2026-08-11T12:08:03+00:00,gcp,2026-08-11T07:00:00Z,us-central1,759E-59C1-661D,a3-ultragpu-8g,H200,8,1_year,USD,57.64344,Machine Per Hour,7.20543,machine_inclusive,accelerator $6.4314/GPU-hr plus 224 vCPU and 2952 GB RAM
2026-08-11T12:08:03+00:00,gcp,2026-08-11T07:00:00Z,us-east1,759E-59C1-661D,a3-ultragpu-8g,H200,8,1_year,USD,57.64344,Machine Per Hour,7.20543,machine_inclusive,accelerator $6.4314/GPU-hr plus 224 vCPU and 2952 GB RAM
2026-08-11T12:08:03+00:00,gcp,2026-08-11T07:00:00Z,us-central1,75EB-68C0-259C,Nvidia Tesla T4 GPU,T4,1,1_year,USD,0.22,GPU Per Hour,0.22,accelerator_only,"bare accelerator price; Google bills vCPU and RAM separately, so this is NOT comparable to Oracle or Azure"
2026-08-11T12:08:03+00:00,gcp,2026-08-11T07:00:00Z,us-east1,75EB-68C0-259C,Nvidia Tesla T4 GPU,T4,1,1_year,USD,0.22,GPU Per Hour,0.22,accelerator_only,"bare accelerator price; Google bills vCPU and RAM separately, so this is NOT comparable to Oracle or Azure"
2026-08-11T12:08:03+00:00,gcp,2026-08-11T07:00:00Z,us-west1,75EB-68C0-259C,Nvidia Tesla T4 GPU,T4,1,1_year,USD,0.22,GPU Per Hour,0.22,accelerator_only,"bare accelerator price; Google bills vCPU and RAM separately, so this is NOT comparable to Oracle or Azure"
2026-08-11T12:08:03+00:00,gcp,2026-08-11T07:00:00Z,europe-west8,7695-43EA-51DA,RTX 6000 96GB,RTX PRO 6000,1,3_year,USD,0.578508,GPU Per Hour,0.578508,accelerator_only,"bare accelerator price; Google bills vCPU and RAM separately, so this is NOT comparable to Oracle or Azure"
2026-08-11T12:08:03+00:00,gcp,2026-08-11T07:00:00Z,australia-southeast2,7706-23EA-5383,a2-highgpu-1g,A100,1,spot,USD,0.469985,GPU Per Hour,0.469985,machine_inclusive,accelerator $0.3754/GPU-hr plus 12 vCPU and 85 GB RAM
2026-08-11T12:08:03+00:00,gcp,2026-08-11T07:00:00Z,australia-southeast2,7706-23EA-5383,a2-highgpu-2g,A100,2,spot,USD,0.93997,Machine Per Hour,0.469985,machine_inclusive,accelerator $0.3754/GPU-hr plus 24 vCPU and 170 GB RAM
2026-08-11T12:08:03+00:00,gcp,2026-08-11T07:00:00Z,australia-southeast2,7706-23EA-5383,a2-highgpu-4g,A100,4,spot,USD,1.87994,Machine Per Hour,0.469985,machine_inclusive,accelerator $0.3754/GPU-hr plus 48 vCPU and 340 GB RAM
2026-08-11T12:08:03+00:00,gcp,2026-08-11T07:00:00Z,australia-southeast2,7706-23EA-5383,a2-highgpu-8g,A100,8,spot,USD,3.75988,Machine Per Hour,0.469985,machine_inclusive,accelerator $0.3754/GPU-hr plus 96 vCPU and 680 GB RAM
2026-08-11T12:08:03+00:00,gcp,2026-08-11T07:00:00Z,australia-southeast2,7706-23EA-5383,a2-megagpu-16g,A100,16,spot,USD,7.13096,Machine Per Hour,0.445685,machine_inclusive,accelerator $0.3754/GPU-hr plus 96 vCPU and 1360 GB RAM
2026-08-11T12:08:03+00:00,gcp,2026-08-11T07:00:00Z,asia-northeast2,774F-A91A-38C3,g2-standard-4,L4,1,1_year,USD,0.57186,GPU Per Hour,0.57186,machine_inclusive,accelerator $0.4531/GPU-hr plus 4 vCPU and 16 GB RAM
2026-08-11T12:08:03+00:00,gcp,2026-08-11T07:00:00Z,asia-northeast2,774F-A91A-38C3,g2-standard-8,L4,1,1_year,USD,0.690621,GPU Per Hour,0.690621,machine_inclusive,accelerator $0.4531/GPU-hr plus 8 vCPU and 32 GB RAM
2026-08-11T12:08:03+00:00,gcp,2026-08-11T07:00:00Z,asia-northeast2,774F-A91A-38C3,g2-standard-12,L4,1,1_year,USD,0.809383,GPU Per Hour,0.809383,machine_inclusive,accelerator $0.4531/GPU-hr plus 12 vCPU and 48 GB RAM
2026-08-11T12:08:03+00:00,gcp,2026-08-11T07:00:00Z,asia-northeast2,774F-A91A-38C3,g2-standard-16,L4,1,1_year,USD,0.928144,GPU Per Hour,0.928144,machine_inclusive,accelerator $0.4531/GPU-hr plus 16 vCPU and 64 GB RAM
2026-08-11T12:08:03+00:00,gcp,2026-08-11T07:00:00Z,asia-northeast2,774F-A91A-38C3,g2-standard-24,L4,2,1_year,USD,1.618766,Machine Per Hour,0.809383,machine_inclusive,accelerator $0.4531/GPU-hr plus 24 vCPU and 96 GB RAM
2026-08-11T12:08:03+00:00,gcp,2026-08-11T07:00:00Z,asia-northeast2,774F-A91A-38C3,g2-standard-32,L4,1,1_year,USD,1.40319,GPU Per Hour,1.40319,machine_inclusive,accelerator $0.4531/GPU-hr plus 32 vCPU and 128 GB RAM
2026-08-11T12:08:03+00:00,gcp,2026-08-11T07:00:00Z,asia-northeast2,774F-A91A-38C3,g2-standard-48,L4,4,1_year,USD,3.237531,Machine Per Hour,0.809383,machine_inclusive,accelerator $0.4531/GPU-hr plus 48 vCPU and 192 GB RAM
2026-08-11T12:08:03+00:00,gcp,2026-08-11T07:00:00Z,asia-northeast2,774F-A91A-38C3,g2-standard-96,L4,8,1_year,USD,6.475062,Machine Per Hour,0.809383,machine_inclusive,accelerator $0.4531/GPU-hr plus 96 vCPU and 384 GB RAM
2026-08-11T12:08:03+00:00,gcp,2026-08-11T07:00:00Z,europe-west9,7766-B459-FF12,a2-highgpu-1g,A100,1,3_year,USD,1.491422,GPU Per Hour,1.491422,machine_inclusive,accelerator $1.1912/GPU-hr plus 12 vCPU and 85 GB RAM
2026-08-11T12:08:03+00:00,gcp,2026-08-11T07:00:00Z,europe-west9,7766-B459-FF12,a2-highgpu-2g,A100,2,3_year,USD,2.982844,Machine Per Hour,1.491422,machine_inclusive,accelerator $1.1912/GPU-hr plus 24 vCPU and 170 GB RAM
2026-08-11T12:08:03+00:00,gcp,2026-08-11T07:00:00Z,europe-west9,7766-B459-FF12,a2-highgpu-4g,A100,4,3_year,USD,5.965688,Machine Per Hour,1.491422,machine_inclusive,accelerator $1.1912/GPU-hr plus 48 vCPU and 340 GB RAM
2026-08-11T12:08:03+00:00,gcp,2026-08-11T07:00:00Z,europe-west9,7766-B459-FF12,a2-highgpu-8g,A100,8,3_year,USD,11.931376,Machine Per Hour,1.491422,machine_inclusive,accelerator $1.1912/GPU-hr plus 96 vCPU and 680 GB RAM
2026-08-11T12:08:03+00:00,gcp,2026-08-11T07:00:00Z,europe-west9,7766-B459-FF12,a2-megagpu-16g,A100,16,3_year,USD,22.630678,Machine Per Hour,1.414417,machine_inclusive,accelerator $1.1912/GPU-hr plus 96 vCPU and 1360 GB RAM
2026-08-11T12:08:03+00:00,gcp,2026-08-11T07:00:00Z,asia-southeast1,77C6-E2DC-8FA7,a3-megagpu-8g,H100 Mega,8,1_year,USD,82.930006,Machine Per Hour,10.366251,machine_inclusive,accelerator $9.2477/GPU-hr plus 208 vCPU and 1872 GB RAM
2026-08-11T12:08:03+00:00,gcp,2026-08-11T07:00:00Z,me-central2,7806-F3B7-834D,Nvidia Tesla P4 GPU,P4,1,on_demand,USD,0.96,GPU Per Hour,0.96,accelerator_only,"bare accelerator price; Google bills vCPU and RAM separately, so this is NOT comparable to Oracle or Azure"
2026-08-11T12:08:03+00:00,gcp,2026-08-11T07:00:00Z,southamerica-west1,781C-8750-0F43,a3-highgpu-8g,H100,8,on_demand,USD,125.600448,Machine Per Hour,15.700056,machine_inclusive,accelerator $14.0091/GPU-hr plus 208 vCPU and 1872 GB RAM
2026-08-11T12:08:03+00:00,gcp,2026-08-11T07:00:00Z,australia-southeast2,784F-FB5D-6141,a2-ultragpu-1g,A100,1,spot,USD,0.80877,GPU Per Hour,0.80877,machine_inclusive,accelerator $0.6682/GPU-hr plus 12 vCPU and 170 GB RAM
2026-08-11T12:08:03+00:00,gcp,2026-08-11T07:00:00Z,australia-southeast2,784F-FB5D-6141,a2-ultragpu-2g,A100,2,spot,USD,1.61754,Machine Per Hour,0.80877,machine_inclusive,accelerator $0.6682/GPU-hr plus 24 vCPU and 340 GB RAM
2026-08-11T12:08:03+00:00,gcp,2026-08-11T07:00:00Z,australia-southeast2,784F-FB5D-6141,a2-ultragpu-4g,A100,4,spot,USD,3.23508,Machine Per Hour,0.80877,machine_inclusive,accelerator $0.6682/GPU-hr plus 48 vCPU and 680 GB RAM
2026-08-11T12:08:03+00:00,gcp,2026-08-11T07:00:00Z,australia-southeast2,784F-FB5D-6141,a2-ultragpu-8g,A100,8,spot,USD,6.47016,Machine Per Hour,0.80877,machine_inclusive,accelerator $0.6682/GPU-hr plus 96 vCPU and 1360 GB RAM
2026-08-11T12:08:03+00:00,gcp,2026-08-11T07:00:00Z,southamerica-east1,785F-ECAE-DA34,Nvidia Tesla T4 GPU,T4,1,on_demand,USD,0.48,GPU Per Hour,0.48,accelerator_only,"bare accelerator price; Google bills vCPU and RAM separately, so this is NOT comparable to Oracle or Azure"
2026-08-11T12:08:03+00:00,gcp,2026-08-11T07:00:00Z,asia-south2,7884-D28E-2A40,Nvidia Tesla T4 GPU,T4,1,spot,USD,0.0396,GPU Per Hour,0.0396,accelerator_only,"bare accelerator price; Google bills vCPU and RAM separately, so this is NOT comparable to Oracle or Azure"
2026-08-11T12:08:03+00:00,gcp,2026-08-11T07:00:00Z,europe-west3,78A4-E714-DE33,1/8 vGPU,,,1_year,USD,0.53561,GPU Per Hour,,,accelerator not in the lookup table -- add it to gcp.py
2026-08-11T12:08:03+00:00,gcp,2026-08-11T07:00:00Z,europe-west6,78FC-18C1-25E6,Nvidia Tesla V100 GPU,V100,1,3_year,USD,1.45,GPU Per Hour,1.45,accelerator_only,"bare accelerator price; Google bills vCPU and RAM separately, so this is NOT comparable to Oracle or Azure"
2026-08-11T12:08:03+00:00,gcp,2026-08-11T07:00:00Z,us-central1,7929-334B-6348,Nvidia Tesla P100 GPU,P100,1,on_demand,USD,1.46,GPU Per Hour,1.46,accelerator_only,"bare accelerator price; Google bills vCPU and RAM separately, so this is NOT comparable to Oracle or Azure"
2026-08-11T12:08:03+00:00,gcp,2026-08-11T07:00:00Z,us-west1,7929-334B-6348,Nvidia Tesla P100 GPU,P100,1,on_demand,USD,1.46,GPU Per Hour,1.46,accelerator_only,"bare accelerator price; Google bills vCPU and RAM separately, so this is NOT comparable to Oracle or Azure"
2026-08-11T12:08:03+00:00,gcp,2026-08-11T07:00:00Z,us-east1,7929-334B-6348,Nvidia Tesla P100 GPU,P100,1,on_demand,USD,1.46,GPU Per Hour,1.46,accelerator_only,"bare accelerator price; Google bills vCPU and RAM separately, so this is NOT comparable to Oracle or Azure"
2026-08-11T12:08:03+00:00,gcp,2026-08-11T07:00:00Z,us-west2,7949-50D0-201E,Nvidia Tesla P4 GPU,P4,1,spot,USD,0.0648,GPU Per Hour,0.0648,accelerator_only,"bare accelerator price; Google bills vCPU and RAM separately, so this is NOT comparable to Oracle or Azure"
2026-08-11T12:08:03+00:00,gcp,2026-08-11T07:00:00Z,asia-northeast2,7952-5454-37F5,Nvidia Tesla P4 GPU,P4,1,1_year,USD,0.409,GPU Per Hour,0.409,accelerator_only,"bare accelerator price; Google bills vCPU and RAM separately, so this is NOT comparable to Oracle or Azure"
2026-08-11T12:08:03+00:00,gcp,2026-08-11T07:00:00Z,europe-west12,7955-A717-4196,a3-highgpu-8g,H100,8,3_year,USD,49.753354,Machine Per Hour,6.219169,machine_inclusive,accelerator $5.5469/GPU-hr plus 208 vCPU and 1872 GB RAM
2026-08-11T12:08:03+00:00,gcp,2026-08-11T07:00:00Z,us-west2,7982-29BD-5850,A4 Nvidia B200 (1 gpu slice),B200,1,spot,USD,4.2592,GPU Per Hour,4.2592,machine_inclusive,Google publishes no separate A4 vCPU/RAM SKUs -- the per-slice price already covers the whole machine
2026-08-11T12:08:03+00:00,gcp,2026-08-11T07:00:00Z,europe-southwest1,79A8-9214-784B,Nvidia Tesla P4 GPU,P4,1,on_demand,USD,0.708,GPU Per Hour,0.708,accelerator_only,"bare accelerator price; Google bills vCPU and RAM separately, so this is NOT comparable to Oracle or Azure"
2026-08-11T12:08:03+00:00,gcp,2026-08-11T07:00:00Z,europe-central2,7A11-9CC6-4F03,A4 Nvidia B200 (1 gpu slice),B200,1,spot,USD,2.4091,GPU Per Hour,2.4091,machine_inclusive,Google publishes no separate A4 vCPU/RAM SKUs -- the per-slice price already covers the whole machine
2026-08-11T12:08:03+00:00,gcp,2026-08-11T07:00:00Z,europe-central2,7A42-6744-7D7F,Nvidia Tesla T4 GPU,T4,1,1_year,USD,0.26,GPU Per Hour,0.26,accelerator_only,"bare accelerator price; Google bills vCPU and RAM separately, so this is NOT comparable to Oracle or Azure"
2026-08-11T12:08:03+00:00,gcp,2026-08-11T07:00:00Z,us-central1,7A6D-F74C-B0A3,a3-highgpu-8g,H100,8,spot,USD,52.699104,Machine Per Hour,6.587388,machine_inclusive,accelerator $5.8779/GPU-hr plus 208 vCPU and 1872 GB RAM
2026-08-11T12:08:03+00:00,gcp,2026-08-11T07:00:00Z,us-east1,7A6D-F74C-B0A3,a3-highgpu-8g,H100,8,spot,USD,52.699104,Machine Per Hour,6.587388,machine_inclusive,accelerator $5.8779/GPU-hr plus 208 vCPU and 1872 GB RAM
2026-08-11T12:08:03+00:00,gcp,2026-08-11T07:00:00Z,us-west1,7A6D-F74C-B0A3,a3-highgpu-8g,H100,8,spot,USD,52.699104,Machine Per Hour,6.587388,machine_inclusive,accelerator $5.8779/GPU-hr plus 208 vCPU and 1872 GB RAM
2026-08-11T12:08:03+00:00,gcp,2026-08-11T07:00:00Z,me-west1,7ABC-E945-35F5,g2-standard-4,L4,1,spot,USD,0.081296,GPU Per Hour,0.081296,machine_inclusive,accelerator $0.0644/GPU-hr plus 4 vCPU and 16 GB RAM
2026-08-11T12:08:03+00:00,gcp,2026-08-11T07:00:00Z,me-west1,7ABC-E945-35F5,g2-standard-8,L4,1,spot,USD,0.098192,GPU Per Hour,0.098192,machine_inclusive,accelerator $0.0644/GPU-hr plus 8 vCPU and 32 GB RAM
2026-08-11T12:08:03+00:00,gcp,2026-08-11T07:00:00Z,me-west1,7ABC-E945-35F5,g2-standard-12,L4,1,spot,USD,0.115088,GPU Per Hour,0.115088,machine_inclusive,accelerator $0.0644/GPU-hr plus 12 vCPU and 48 GB RAM
2026-08-11T12:08:03+00:00,gcp,2026-08-11T07:00:00Z,me-west1,7ABC-E945-35F5,g2-standard-16,L4,1,spot,USD,0.131984,GPU Per Hour,0.131984,machine_inclusive,accelerator $0.0644/GPU-hr plus 16 vCPU and 64 GB RAM
2026-08-11T12:08:03+00:00,gcp,2026-08-11T07:00:00Z,me-west1,7ABC-E945-35F5,g2-standard-24,L4,2,spot,USD,0.230176,Machine Per Hour,0.115088,machine_inclusive,accelerator $0.0644/GPU-hr plus 24 vCPU and 96 GB RAM
2026-08-11T12:08:03+00:00,gcp,2026-08-11T07:00:00Z,me-west1,7ABC-E945-35F5,g2-standard-32,L4,1,spot,USD,0.199568,GPU Per Hour,0.199568,machine_inclusive,accelerator $0.0644/GPU-hr plus 32 vCPU and 128 GB RAM
2026-08-11T12:08:03+00:00,gcp,2026-08-11T07:00:00Z,me-west1,7ABC-E945-35F5,g2-standard-48,L4,4,spot,USD,0.460352,Machine Per Hour,0.115088,machine_inclusive,accelerator $0.0644/GPU-hr plus 48 vCPU and 192 GB RAM
2026-08-11T12:08:03+00:00,gcp,2026-08-11T07:00:00Z,me-west1,7ABC-E945-35F5,g2-standard-96,L4,8,spot,USD,0.920704,Machine Per Hour,0.115088,machine_inclusive,accelerator $0.0644/GPU-hr plus 96 vCPU and 384 GB RAM
2026-08-11T12:08:03+00:00,gcp,2026-08-11T07:00:00Z,africa-south1,7AC4-5E1C-7DB7,a3-highgpu-8g,H100,8,spot,USD,11.192176,Machine Per Hour,1.399022,machine_inclusive,accelerator $1.2483/GPU-hr plus 208 vCPU and 1872 GB RAM
2026-08-11T12:08:03+00:00,gcp,2026-08-11T07:00:00Z,asia-south2,7ACF-2EB0-F7B2,a3-ultragpu-8g,H200,8,3_year,USD,43.98312,Machine Per Hour,5.49789,machine_inclusive,accelerator $4.9041/GPU-hr plus 224 vCPU and 2952 GB RAM
2026-08-11T12:08:03+00:00,gcp,2026-08-11T07:00:00Z,us-east5,7AE6-A1F9-277A,a2-ultragpu-1g,A100,1,on_demand,USD,5.523819,GPU Per Hour,5.523819,machine_inclusive,accelerator $4.4242/GPU-hr plus 12 vCPU and 170 GB RAM
2026-08-11T12:08:03+00:00,gcp,2026-08-11T07:00:00Z,us-east5,7AE6-A1F9-277A,a2-ultragpu-2g,A100,2,on_demand,USD,11.047638,Machine Per Hour,5.523819,machine_inclusive,accelerator $4.4242/GPU-hr plus 24 vCPU and 340 GB RAM
2026-08-11T12:08:03+00:00,gcp,2026-08-11T07:00:00Z,us-east5,7AE6-A1F9-277A,a2-ultragpu-4g,A100,4,on_demand,USD,22.095276,Machine Per Hour,5.523819,machine_inclusive,accelerator $4.4242/GPU-hr plus 48 vCPU and 680 GB RAM
2026-08-11T12:08:03+00:00,gcp,2026-08-11T07:00:00Z,us-east5,7AE6-A1F9-277A,a2-ultragpu-8g,A100,8,on_demand,USD,44.190552,Machine Per Hour,5.523819,machine_inclusive,accelerator $4.4242/GPU-hr plus 96 vCPU and 1360 GB RAM
2026-08-11T12:08:03+00:00,gcp,2026-08-11T07:00:00Z,us-west4,7B0B-27CC-8649,a3-megagpu-8g,H100 Mega,8,1_year,USD,71.84928,Machine Per Hour,8.98116,machine_inclusive,accelerator $8.0120/GPU-hr plus 208 vCPU and 1872 GB RAM
2026-08-11T12:08:03+00:00,gcp,2026-08-11T07:00:00Z,us-west4,7B1D-B5EE-55AC,a2-ultragpu-1g,A100,1,1_year,USD,4.700844,GPU Per Hour,4.700844,machine_inclusive,accelerator $3.9208/GPU-hr plus 12 vCPU and 170 GB RAM
2026-08-11T12:08:03+00:00,gcp,2026-08-11T07:00:00Z,us-west4,7B1D-B5EE-55AC,a2-ultragpu-2g,A100,2,1_year,USD,9.401689,Machine Per Hour,4.700844,machine_inclusive,accelerator $3.9208/GPU-hr plus 24 vCPU and 340 GB RAM
2026-08-11T12:08:03+00:00,gcp,2026-08-11T07:00:00Z,us-west4,7B1D-B5EE-55AC,a2-ultragpu-4g,A100,4,1_year,USD,18.803378,Machine Per Hour,4.700844,machine_inclusive,accelerator $3.9208/GPU-hr plus 48 vCPU and 680 GB RAM
2026-08-11T12:08:03+00:00,gcp,2026-08-11T07:00:00Z,us-west4,7B1D-B5EE-55AC,a2-ultragpu-8g,A100,8,1_year,USD,37.606755,Machine Per Hour,4.700844,machine_inclusive,accelerator $3.9208/GPU-hr plus 96 vCPU and 1360 GB RAM
2026-08-11T12:08:03+00:00,gcp,2026-08-11T07:00:00Z,europe-west12,7B29-CAF3-09C5,a2-highgpu-1g,A100,1,spot,USD,0.42678,GPU Per Hour,0.42678,machine_inclusive,accelerator $0.3408/GPU-hr plus 12 vCPU and 85 GB RAM
2026-08-11T12:08:03+00:00,gcp,2026-08-11T07:00:00Z,europe-west12,7B29-CAF3-09C5,a2-highgpu-2g,A100,2,spot,USD,0.85356,Machine Per Hour,0.42678,machine_inclusive,accelerator $0.3408/GPU-hr plus 24 vCPU and 170 GB RAM
2026-08-11T12:08:03+00:00,gcp,2026-08-11T07:00:00Z,europe-west12,7B29-CAF3-09C5,a2-highgpu-4g,A100,4,spot,USD,1.70712,Machine Per Hour,0.42678,machine_inclusive,accelerator $0.3408/GPU-hr plus 48 vCPU and 340 GB RAM
2026-08-11T12:08:03+00:00,gcp,2026-08-11T07:00:00Z,europe-west12,7B29-CAF3-09C5,a2-highgpu-8g,A100,8,spot,USD,3.41424,Machine Per Hour,0.42678,machine_inclusive,accelerator $0.3408/GPU-hr plus 96 vCPU and 680 GB RAM
2026-08-11T12:08:03+00:00,gcp,2026-08-11T07:00:00Z,europe-west12,7B29-CAF3-09C5,a2-megagpu-16g,A100,16,spot,USD,6.4752,Machine Per Hour,0.4047,machine_inclusive,accelerator $0.3408/GPU-hr plus 96 vCPU and 1360 GB RAM
2026-08-11T12:08:03+00:00,gcp,2026-08-11T07:00:00Z,australia-southeast2,7B54-0EAD-D1C2,a3-highgpu-8g,H100,8,1_year,USD,79.260255,Machine Per Hour,9.907532,machine_inclusive,accelerator $8.8385/GPU-hr plus 208 vCPU and 1872 GB RAM
2026-08-11T12:08:03+00:00,gcp,2026-08-11T07:00:00Z,me-central1,7B56-F2C9-3587,Nvidia Tesla V100 GPU,V100,1,spot,USD,0.2712,GPU Per Hour,0.2712,accelerator_only,"bare accelerator price; Google bills vCPU and RAM separately, so this is NOT comparable to Oracle or Azure"
2026-08-11T12:08:03+00:00,gcp,2026-08-11T07:00:00Z,us-west3,7B5F-DED6-5D28,Nvidia Tesla T4 GPU,T4,1,on_demand,USD,0.41,GPU Per Hour,0.41,accelerator_only,"bare accelerator price; Google bills vCPU and RAM separately, so this is NOT comparable to Oracle or Azure"
2026-08-11T12:08:03+00:00,gcp,2026-08-11T07:00:00Z,northamerica-northeast2,7B60-9AB5-7F0C,g2-standard-4,L4,1,1_year,USD,0.490325,GPU Per Hour,0.490325,machine_inclusive,accelerator $0.3885/GPU-hr plus 4 vCPU and 16 GB RAM
2026-08-11T12:08:03+00:00,gcp,2026-08-11T07:00:00Z,northamerica-northeast2,7B60-9AB5-7F0C,g2-standard-8,L4,1,1_year,USD,0.592153,GPU Per Hour,0.592153,machine_inclusive,accelerator $0.3885/GPU-hr plus 8 vCPU and 32 GB RAM
2026-08-11T12:08:03+00:00,gcp,2026-08-11T07:00:00Z,northamerica-northeast2,7B60-9AB5-7F0C,g2-standard-12,L4,1,1_year,USD,0.693982,GPU Per Hour,0.693982,machine_inclusive,accelerator $0.3885/GPU-hr plus 12 vCPU and 48 GB RAM
2026-08-11T12:08:03+00:00,gcp,2026-08-11T07:00:00Z,northamerica-northeast2,7B60-9AB5-7F0C,g2-standard-16,L4,1,1_year,USD,0.79581,GPU Per Hour,0.79581,machine_inclusive,accelerator $0.3885/GPU-hr plus 16 vCPU and 64 GB RAM
2026-08-11T12:08:03+00:00,gcp,2026-08-11T07:00:00Z,northamerica-northeast2,7B60-9AB5-7F0C,g2-standard-24,L4,2,1_year,USD,1.387964,Machine Per Hour,0.693982,machine_inclusive,accelerator $0.3885/GPU-hr plus 24 vCPU and 96 GB RAM
2026-08-11T12:08:03+00:00,gcp,2026-08-11T07:00:00Z,northamerica-northeast2,7B60-9AB5-7F0C,g2-standard-32,L4,1,1_year,USD,1.203125,GPU Per Hour,1.203125,machine_inclusive,accelerator $0.3885/GPU-hr plus 32 vCPU and 128 GB RAM
2026-08-11T12:08:03+00:00,gcp,2026-08-11T07:00:00Z,northamerica-northeast2,7B60-9AB5-7F0C,g2-standard-48,L4,4,1_year,USD,2.775927,Machine Per Hour,0.693982,machine_inclusive,accelerator $0.3885/GPU-hr plus 48 vCPU and 192 GB RAM
2026-08-11T12:08:03+00:00,gcp,2026-08-11T07:00:00Z,northamerica-northeast2,7B60-9AB5-7F0C,g2-standard-96,L4,8,1_year,USD,5.551855,Machine Per Hour,0.693982,machine_inclusive,accelerator $0.3885/GPU-hr plus 96 vCPU and 384 GB RAM
2026-08-11T12:08:03+00:00,gcp,2026-08-11T07:00:00Z,us-east4,7B84-1705-68E2,Nvidia Tesla P4 GPU,P4,1,on_demand,USD,0.6,GPU Per Hour,0.6,accelerator_only,"bare accelerator price; Google bills vCPU and RAM separately, so this is NOT comparable to Oracle or Azure"
2026-08-11T12:08:03+00:00,gcp,2026-08-11T07:00:00Z,asia-south1,7B91-4867-1D6B,a3-ultragpu-8g,H200,8,1_year,USD,69.15944,Machine Per Hour,8.64493,machine_inclusive,accelerator $7.7177/GPU-hr plus 224 vCPU and 2952 GB RAM
2026-08-11T12:08:03+00:00,gcp,2026-08-11T07:00:00Z,us-west8,7BF5-9496-F6F8,a2-highgpu-1g,A100,1,1_year,USD,2.314207,GPU Per Hour,2.314207,machine_inclusive,accelerator $1.8484/GPU-hr plus 12 vCPU and 85 GB RAM
2026-08-11T12:08:03+00:00,gcp,2026-08-11T07:00:00Z,us-west8,7BF5-9496-F6F8,a2-highgpu-2g,A100,2,1_year,USD,4.628414,Machine Per Hour,2.314207,machine_inclusive,accelerator $1.8484/GPU-hr plus 24 vCPU and 170 GB RAM
2026-08-11T12:08:03+00:00,gcp,2026-08-11T07:00:00Z,us-west8,7BF5-9496-F6F8,a2-highgpu-4g,A100,4,1_year,USD,9.256828,Machine Per Hour,2.314207,machine_inclusive,accelerator $1.8484/GPU-hr plus 48 vCPU and 340 GB RAM
2026-08-11T12:08:03+00:00,gcp,2026-08-11T07:00:00Z,us-west8,7BF5-9496-F6F8,a2-highgpu-8g,A100,8,1_year,USD,18.513656,Machine Per Hour,2.314207,machine_inclusive,accelerator $1.8484/GPU-hr plus 96 vCPU and 680 GB RAM
2026-08-11T12:08:03+00:00,gcp,2026-08-11T07:00:00Z,us-west8,7BF5-9496-F6F8,a2-megagpu-16g,A100,16,1_year,USD,35.115472,Machine Per Hour,2.194717,machine_inclusive,accelerator $1.8484/GPU-hr plus 96 vCPU and 1360 GB RAM
2026-08-11T12:08:03+00:00,gcp,2026-08-11T07:00:00Z,asia-southeast2,7C14-DE3C-8C12,g2-standard-4,L4,1,spot,USD,0.085784,GPU Per Hour,0.085784,machine_inclusive,accelerator $0.0680/GPU-hr plus 4 vCPU and 16 GB RAM
2026-08-11T12:08:03+00:00,gcp,2026-08-11T07:00:00Z,asia-southeast2,7C14-DE3C-8C12,g2-standard-8,L4,1,spot,USD,0.103568,GPU Per Hour,0.103568,machine_inclusive,accelerator $0.0680/GPU-hr plus 8 vCPU and 32 GB RAM
2026-08-11T12:08:03+00:00,gcp,2026-08-11T07:00:00Z,asia-southeast2,7C14-DE3C-8C12,g2-standard-12,L4,1,spot,USD,0.121352,GPU Per Hour,0.121352,machine_inclusive,accelerator $0.0680/GPU-hr plus 12 vCPU and 48 GB RAM
2026-08-11T12:08:03+00:00,gcp,2026-08-11T07:00:00Z,asia-southeast2,7C14-DE3C-8C12,g2-standard-16,L4,1,spot,USD,0.139136,GPU Per Hour,0.139136,machine_inclusive,accelerator $0.0680/GPU-hr plus 16 vCPU and 64 GB RAM
2026-08-11T12:08:03+00:00,gcp,2026-08-11T07:00:00Z,asia-southeast2,7C14-DE3C-8C12,g2-standard-24,L4,2,spot,USD,0.242704,Machine Per Hour,0.121352,machine_inclusive,accelerator $0.0680/GPU-hr plus 24 vCPU and 96 GB RAM
2026-08-11T12:08:03+00:00,gcp,2026-08-11T07:00:00Z,asia-southeast2,7C14-DE3C-8C12,g2-standard-32,L4,1,spot,USD,0.210272,GPU Per Hour,0.210272,machine_inclusive,accelerator $0.0680/GPU-hr plus 32 vCPU and 128 GB RAM
2026-08-11T12:08:03+00:00,gcp,2026-08-11T07:00:00Z,asia-southeast2,7C14-DE3C-8C12,g2-standard-48,L4,4,spot,USD,0.485408,Machine Per Hour,0.121352,machine_inclusive,accelerator $0.0680/GPU-hr plus 48 vCPU and 192 GB RAM
2026-08-11T12:08:03+00:00,gcp,2026-08-11T07:00:00Z,asia-southeast2,7C14-DE3C-8C12,g2-standard-96,L4,8,spot,USD,0.970816,Machine Per Hour,0.121352,machine_inclusive,accelerator $0.0680/GPU-hr plus 96 vCPU and 384 GB RAM
2026-08-11T12:08:03+00:00,gcp,2026-08-11T07:00:00Z,australia-southeast2,7C83-954E-23A5,a3-highgpu-8g,H100,8,3_year,USD,50.139039,Machine Per Hour,6.26738,machine_inclusive,accelerator $5.5899/GPU-hr plus 208 vCPU and 1872 GB RAM
2026-08-11T12:08:03+00:00,gcp,2026-08-11T07:00:00Z,africa-south1,7CA7-112B-4E8C,A4 Nvidia B200 (1 gpu slice),B200,1,spot,USD,2.63,GPU Per Hour,2.63,machine_inclusive,Google publishes no separate A4 vCPU/RAM SKUs -- the per-slice price already covers the whole machine
2026-08-11T12:08:03+00:00,gcp,2026-08-11T07:00:00Z,me-central2,7CD1-8047-E9A9,1/8 vGPU no lssd,,,on_demand,USD,0.77626,GPU Per Hour,,,accelerator not in the lookup table -- add it to gcp.py
2026-08-11T12:08:03+00:00,gcp,2026-08-11T07:00:00Z,southamerica-east1,7CDC-C062-A257,g2-standard-4,L4,1,1_year,USD,0.707099,GPU Per Hour,0.707099,machine_inclusive,accelerator $0.5603/GPU-hr plus 4 vCPU and 16 GB RAM
2026-08-11T12:08:03+00:00,gcp,2026-08-11T07:00:00Z,southamerica-east1,7CDC-C062-A257,g2-standard-8,L4,1,1_year,USD,0.853946,GPU Per Hour,0.853946,machine_inclusive,accelerator $0.5603/GPU-hr plus 8 vCPU and 32 GB RAM
2026-08-11T12:08:03+00:00,gcp,2026-08-11T07:00:00Z,southamerica-east1,7CDC-C062-A257,g2-standard-12,L4,1,1_year,USD,1.000793,GPU Per Hour,1.000793,machine_inclusive,accelerator $0.5603/GPU-hr plus 12 vCPU and 48 GB RAM
2026-08-11T12:08:03+00:00,gcp,2026-08-11T07:00:00Z,southamerica-east1,7CDC-C062-A257,g2-standard-16,L4,1,1_year,USD,1.147641,GPU Per Hour,1.147641,machine_inclusive,accelerator $0.5603/GPU-hr plus 16 vCPU and 64 GB RAM
2026-08-11T12:08:03+00:00,gcp,2026-08-11T07:00:00Z,southamerica-east1,7CDC-C062-A257,g2-standard-24,L4,2,1_year,USD,2.001587,Machine Per Hour,1.000793,machine_inclusive,accelerator $0.5603/GPU-hr plus 24 vCPU and 96 GB RAM
2026-08-11T12:08:03+00:00,gcp,2026-08-11T07:00:00Z,southamerica-east1,7CDC-C062-A257,g2-standard-32,L4,1,1_year,USD,1.73503,GPU Per Hour,1.73503,machine_inclusive,accelerator $0.5603/GPU-hr plus 32 vCPU and 128 GB RAM
2026-08-11T12:08:03+00:00,gcp,2026-08-11T07:00:00Z,southamerica-east1,7CDC-C062-A257,g2-standard-48,L4,4,1_year,USD,4.003174,Machine Per Hour,1.000793,machine_inclusive,accelerator $0.5603/GPU-hr plus 48 vCPU and 192 GB RAM
2026-08-11T12:08:03+00:00,gcp,2026-08-11T07:00:00Z,southamerica-east1,7CDC-C062-A257,g2-standard-96,L4,8,1_year,USD,8.006348,Machine Per Hour,1.000793,machine_inclusive,accelerator $0.5603/GPU-hr plus 96 vCPU and 384 GB RAM
2026-08-11T12:08:03+00:00,gcp,2026-08-11T07:00:00Z,southamerica-west1,7CE9-3FF2-4E1A,Nvidia Tesla P100 GPU,P100,1,3_year,USD,0.93951,GPU Per Hour,0.93951,accelerator_only,"bare accelerator price; Google bills vCPU and RAM separately, so this is NOT comparable to Oracle or Azure"
2026-08-11T12:08:03+00:00,gcp,2026-08-11T07:00:00Z,us-central1,7CFD-81D6-E49C,Nvidia H100 80GB Plus GPU,,,on_demand,USD,10.344276,GPU Per Hour,,,accelerator not in the lookup table -- add it to gcp.py
2026-08-11T12:08:03+00:00,gcp,2026-08-11T07:00:00Z,us-east1,7CFD-81D6-E49C,Nvidia H100 80GB Plus GPU,,,on_demand,USD,10.344276,GPU Per Hour,,,accelerator not in the lookup table -- add it to gcp.py
2026-08-11T12:08:03+00:00,gcp,2026-08-11T07:00:00Z,us-west1,7CFD-81D6-E49C,Nvidia H100 80GB Plus GPU,,,on_demand,USD,10.344276,GPU Per Hour,,,accelerator not in the lookup table -- add it to gcp.py
2026-08-11T12:08:03+00:00,gcp,2026-08-11T07:00:00Z,asia-east1,7D23-0038-0F03,a3-highgpu-8g,H100,8,1_year,USD,70.596495,Machine Per Hour,8.824562,machine_inclusive,accelerator $7.8723/GPU-hr plus 208 vCPU and 1872 GB RAM
2026-08-11T12:08:03+00:00,gcp,2026-08-11T07:00:00Z,europe-west9,7D29-B337-6DBD,A4 Nvidia B200 (1 gpu slice),B200,1,spot,USD,2.4091,GPU Per Hour,2.4091,machine_inclusive,Google publishes no separate A4 vCPU/RAM SKUs -- the per-slice price already covers the whole machine
2026-08-11T12:08:03+00:00,gcp,2026-08-11T07:00:00Z,us-east4,7DB9-FA3F-C73C,a2-ultragpu-1g,A100,1,on_demand,USD,5.662527,GPU Per Hour,5.662527,machine_inclusive,accelerator $4.4242/GPU-hr plus 12 vCPU and 170 GB RAM
2026-08-11T12:08:03+00:00,gcp,2026-08-11T07:00:00Z,us-east4,7DB9-FA3F-C73C,a2-ultragpu-2g,A100,2,on_demand,USD,11.325054,Machine Per Hour,5.662527,machine_inclusive,accelerator $4.4242/GPU-hr plus 24 vCPU and 340 GB RAM
2026-08-11T12:08:03+00:00,gcp,2026-08-11T07:00:00Z,us-east4,7DB9-FA3F-C73C,a2-ultragpu-4g,A100,4,on_demand,USD,22.650108,Machine Per Hour,5.662527,machine_inclusive,accelerator $4.4242/GPU-hr plus 48 vCPU and 680 GB RAM
2026-08-11T12:08:03+00:00,gcp,2026-08-11T07:00:00Z,us-east4,7DB9-FA3F-C73C,a2-ultragpu-8g,A100,8,on_demand,USD,45.300216,Machine Per Hour,5.662527,machine_inclusive,accelerator $4.4242/GPU-hr plus 96 vCPU and 1360 GB RAM
2026-08-11T12:08:03+00:00,gcp,2026-08-11T07:00:00Z,asia-southeast2,7DE7-44E7-8721,Nvidia Tesla V100 GPU,V100,1,spot,USD,0.8066,GPU Per Hour,0.8066,accelerator_only,"bare accelerator price; Google bills vCPU and RAM separately, so this is NOT comparable to Oracle or Azure"
2026-08-11T12:08:03+00:00,gcp,2026-08-11T07:00:00Z,europe-west2,7E17-B308-8F06,g2-standard-4,L4,1,on_demand,USD,0.804789,GPU Per Hour,0.804789,machine_inclusive,accelerator $0.6377/GPU-hr plus 4 vCPU and 16 GB RAM
2026-08-11T12:08:03+00:00,gcp,2026-08-11T07:00:00Z,europe-west2,7E17-B308-8F06,g2-standard-8,L4,1,on_demand,USD,0.971925,GPU Per Hour,0.971925,machine_inclusive,accelerator $0.6377/GPU-hr plus 8 vCPU and 32 GB RAM
2026-08-11T12:08:03+00:00,gcp,2026-08-11T07:00:00Z,europe-west2,7E17-B308-8F06,g2-standard-12,L4,1,on_demand,USD,1.13906,GPU Per Hour,1.13906,machine_inclusive,accelerator $0.6377/GPU-hr plus 12 vCPU and 48 GB RAM
2026-08-11T12:08:03+00:00,gcp,2026-08-11T07:00:00Z,europe-west2,7E17-B308-8F06,g2-standard-16,L4,1,on_demand,USD,1.306195,GPU Per Hour,1.306195,machine_inclusive,accelerator $0.6377/GPU-hr plus 16 vCPU and 64 GB RAM
2026-08-11T12:08:03+00:00,gcp,2026-08-11T07:00:00Z,europe-west2,7E17-B308-8F06,g2-standard-24,L4,2,on_demand,USD,2.27812,Machine Per Hour,1.13906,machine_inclusive,accelerator $0.6377/GPU-hr plus 24 vCPU and 96 GB RAM
2026-08-11T12:08:03+00:00,gcp,2026-08-11T07:00:00Z,europe-west2,7E17-B308-8F06,g2-standard-32,L4,1,on_demand,USD,1.974737,GPU Per Hour,1.974737,machine_inclusive,accelerator $0.6377/GPU-hr plus 32 vCPU and 128 GB RAM
2026-08-11T12:08:03+00:00,gcp,2026-08-11T07:00:00Z,europe-west2,7E17-B308-8F06,g2-standard-48,L4,4,on_demand,USD,4.55624,Machine Per Hour,1.13906,machine_inclusive,accelerator $0.6377/GPU-hr plus 48 vCPU and 192 GB RAM
2026-08-11T12:08:03+00:00,gcp,2026-08-11T07:00:00Z,europe-west2,7E17-B308-8F06,g2-standard-96,L4,8,on_demand,USD,9.11248,Machine Per Hour,1.13906,machine_inclusive,accelerator $0.6377/GPU-hr plus 96 vCPU and 384 GB RAM
2026-08-11T12:08:03+00:00,gcp,2026-08-11T07:00:00Z,europe-central2,7E48-C3C5-4F8E,Nvidia Tesla P4 GPU,P4,1,3_year,USD,0.292,GPU Per Hour,0.292,accelerator_only,"bare accelerator price; Google bills vCPU and RAM separately, so this is NOT comparable to Oracle or Azure"
2026-08-11T12:08:03+00:00,gcp,2026-08-11T07:00:00Z,northamerica-northeast1,7E96-8173-684A,a2-highgpu-1g,A100,1,1_year,USD,2.445212,GPU Per Hour,2.445212,machine_inclusive,accelerator $1.9324/GPU-hr plus 12 vCPU and 85 GB RAM
2026-08-11T12:08:03+00:00,gcp,2026-08-11T07:00:00Z,northamerica-northeast1,7E96-8173-684A,a2-highgpu-2g,A100,2,1_year,USD,4.890424,Machine Per Hour,2.445212,machine_inclusive,accelerator $1.9324/GPU-hr plus 24 vCPU and 170 GB RAM
2026-08-11T12:08:03+00:00,gcp,2026-08-11T07:00:00Z,northamerica-northeast1,7E96-8173-684A,a2-highgpu-4g,A100,4,1_year,USD,9.780848,Machine Per Hour,2.445212,machine_inclusive,accelerator $1.9324/GPU-hr plus 48 vCPU and 340 GB RAM
2026-08-11T12:08:03+00:00,gcp,2026-08-11T07:00:00Z,northamerica-northeast1,7E96-8173-684A,a2-highgpu-8g,A100,8,1_year,USD,19.561697,Machine Per Hour,2.445212,machine_inclusive,accelerator $1.9324/GPU-hr plus 96 vCPU and 680 GB RAM
2026-08-11T12:08:03+00:00,gcp,2026-08-11T07:00:00Z,northamerica-northeast1,7E96-8173-684A,a2-megagpu-16g,A100,16,1_year,USD,37.018564,Machine Per Hour,2.31366,machine_inclusive,accelerator $1.9324/GPU-hr plus 96 vCPU and 1360 GB RAM
2026-08-11T12:08:03+00:00,gcp,2026-08-11T07:00:00Z,northamerica-northeast1,7EB1-13F7-C0BE,Nvidia Tesla V100 GPU,V100,1,spot,USD,0.74,GPU Per Hour,0.74,accelerator_only,"bare accelerator price; Google bills vCPU and RAM separately, so this is NOT comparable to Oracle or Azure"
2026-08-11T12:08:03+00:00,gcp,2026-08-11T07:00:00Z,europe-west10,7F0B-EA01-5252,a2-highgpu-1g,A100,1,spot,USD,0.868245,GPU Per Hour,0.868245,machine_inclusive,accelerator $0.6934/GPU-hr plus 12 vCPU and 85 GB RAM
2026-08-11T12:08:03+00:00,gcp,2026-08-11T07:00:00Z,europe-west10,7F0B-EA01-5252,a2-highgpu-2g,A100,2,spot,USD,1.73649,Machine Per Hour,0.868245,machine_inclusive,accelerator $0.6934/GPU-hr plus 24 vCPU and 170 GB RAM
2026-08-11T12:08:03+00:00,gcp,2026-08-11T07:00:00Z,europe-west10,7F0B-EA01-5252,a2-highgpu-4g,A100,4,spot,USD,3.47298,Machine Per Hour,0.868245,machine_inclusive,accelerator $0.6934/GPU-hr plus 48 vCPU and 340 GB RAM
2026-08-11T12:08:03+00:00,gcp,2026-08-11T07:00:00Z,europe-west10,7F0B-EA01-5252,a2-highgpu-8g,A100,8,spot,USD,6.94596,Machine Per Hour,0.868245,machine_inclusive,accelerator $0.6934/GPU-hr plus 96 vCPU and 680 GB RAM
2026-08-11T12:08:03+00:00,gcp,2026-08-11T07:00:00Z,europe-west10,7F0B-EA01-5252,a2-megagpu-16g,A100,16,spot,USD,13.17384,Machine Per Hour,0.823365,machine_inclusive,accelerator $0.6934/GPU-hr plus 96 vCPU and 1360 GB RAM
2026-08-11T12:08:03+00:00,gcp,2026-08-11T07:00:00Z,us-central1,7F71-B589-3331,a2-ultragpu-1g,A100,1,3_year,USD,3.481504,GPU Per Hour,3.481504,machine_inclusive,accelerator $3.0966/GPU-hr plus 12 vCPU and 170 GB RAM
2026-08-11T12:08:03+00:00,gcp,2026-08-11T07:00:00Z,us-central1,7F71-B589-3331,a2-ultragpu-2g,A100,2,3_year,USD,6.963009,Machine Per Hour,3.481504,machine_inclusive,accelerator $3.0966/GPU-hr plus 24 vCPU and 340 GB RAM
2026-08-11T12:08:03+00:00,gcp,2026-08-11T07:00:00Z,us-central1,7F71-B589-3331,a2-ultragpu-4g,A100,4,3_year,USD,13.926018,Machine Per Hour,3.481504,machine_inclusive,accelerator $3.0966/GPU-hr plus 48 vCPU and 680 GB RAM
2026-08-11T12:08:03+00:00,gcp,2026-08-11T07:00:00Z,us-central1,7F71-B589-3331,a2-ultragpu-8g,A100,8,3_year,USD,27.852035,Machine Per Hour,3.481504,machine_inclusive,accelerator $3.0966/GPU-hr plus 96 vCPU and 1360 GB RAM
2026-08-11T12:08:03+00:00,gcp,2026-08-11T07:00:00Z,us-east1,7F71-B589-3331,a2-ultragpu-1g,A100,1,3_year,USD,3.481504,GPU Per Hour,3.481504,machine_inclusive,accelerator $3.0966/GPU-hr plus 12 vCPU and 170 GB RAM
2026-08-11T12:08:03+00:00,gcp,2026-08-11T07:00:00Z,us-east1,7F71-B589-3331,a2-ultragpu-2g,A100,2,3_year,USD,6.963009,Machine Per Hour,3.481504,machine_inclusive,accelerator $3.0966/GPU-hr plus 24 vCPU and 340 GB RAM
2026-08-11T12:08:03+00:00,gcp,2026-08-11T07:00:00Z,us-east1,7F71-B589-3331,a2-ultragpu-4g,A100,4,3_year,USD,13.926018,Machine Per Hour,3.481504,machine_inclusive,accelerator $3.0966/GPU-hr plus 48 vCPU and 680 GB RAM
2026-08-11T12:08:03+00:00,gcp,2026-08-11T07:00:00Z,us-east1,7F71-B589-3331,a2-ultragpu-8g,A100,8,3_year,USD,27.852035,Machine Per Hour,3.481504,machine_inclusive,accelerator $3.0966/GPU-hr plus 96 vCPU and 1360 GB RAM
2026-08-11T12:08:03+00:00,gcp,2026-08-11T07:00:00Z,us-west1,7F71-B589-3331,a2-ultragpu-1g,A100,1,3_year,USD,3.481504,GPU Per Hour,3.481504,machine_inclusive,accelerator $3.0966/GPU-hr plus 12 vCPU and 170 GB RAM
2026-08-11T12:08:03+00:00,gcp,2026-08-11T07:00:00Z,us-west1,7F71-B589-3331,a2-ultragpu-2g,A100,2,3_year,USD,6.963009,Machine Per Hour,3.481504,machine_inclusive,accelerator $3.0966/GPU-hr plus 24 vCPU and 340 GB RAM
2026-08-11T12:08:03+00:00,gcp,2026-08-11T07:00:00Z,us-west1,7F71-B589-3331,a2-ultragpu-4g,A100,4,3_year,USD,13.926018,Machine Per Hour,3.481504,machine_inclusive,accelerator $3.0966/GPU-hr plus 48 vCPU and 680 GB RAM
2026-08-11T12:08:03+00:00,gcp,2026-08-11T07:00:00Z,us-west1,7F71-B589-3331,a2-ultragpu-8g,A100,8,3_year,USD,27.852035,Machine Per Hour,3.481504,machine_inclusive,accelerator $3.0966/GPU-hr plus 96 vCPU and 1360 GB RAM
2026-08-11T12:08:03+00:00,gcp,2026-08-11T07:00:00Z,us-west3,7FD6-DCDF-919A,1/8 vGPU,,,3_year,USD,0.31309,GPU Per Hour,,,accelerator not in the lookup table -- add it to gcp.py
2026-08-11T12:08:03+00:00,gcp,2026-08-11T07:00:00Z,australia-southeast2,7FDC-AABE-88FE,1/8 vGPU,,,3_year,USD,0.37002,GPU Per Hour,,,accelerator not in the lookup table -- add it to gcp.py
2026-08-11T12:08:03+00:00,gcp,2026-08-11T07:00:00Z,asia-southeast2,7FFD-3129-436A,Nvidia Tesla P100 GPU,P100,1,spot,USD,0.4018,GPU Per Hour,0.4018,accelerator_only,"bare accelerator price; Google bills vCPU and RAM separately, so this is NOT comparable to Oracle or Azure"
2026-08-11T12:08:03+00:00,gcp,2026-08-11T07:00:00Z,europe-west4,8018-1FFE-DAB2,RTX 6000 96GB,RTX PRO 6000,1,on_demand,USD,1.205215,GPU Per Hour,1.205215,accelerator_only,"bare accelerator price; Google bills vCPU and RAM separately, so this is NOT comparable to Oracle or Azure"
2026-08-11T12:08:03+00:00,gcp,2026-08-11T07:00:00Z,europe-west1,8023-3EB7-95C6,a3-highgpu-8g,H100,8,on_demand,USD,96.712312,Machine Per Hour,12.089039,machine_inclusive,accelerator $10.7870/GPU-hr plus 208 vCPU and 1872 GB RAM
2026-08-11T12:08:03+00:00,gcp,2026-08-11T07:00:00Z,asia-southeast2,807C-B422-49EA,Nvidia Tesla P100 GPU,P100,1,on_demand,USD,1.744,GPU Per Hour,1.744,accelerator_only,"bare accelerator price; Google bills vCPU and RAM separately, so this is NOT comparable to Oracle or Azure"
2026-08-11T12:08:03+00:00,gcp,2026-08-11T07:00:00Z,southamerica-west1,80AD-C121-49C3,Nvidia Tesla T4 GPU,T4,1,spot,USD,0.0471,GPU Per Hour,0.0471,accelerator_only,"bare accelerator price; Google bills vCPU and RAM separately, so this is NOT comparable to Oracle or Azure"
2026-08-11T12:08:03+00:00,gcp,2026-08-11T07:00:00Z,europe-west10,80F3-37D6-2B03,1/8 vGPU,,,1_year,USD,0.53561,GPU Per Hour,,,accelerator not in the lookup table -- add it to gcp.py
2026-08-11T12:08:03+00:00,gcp,2026-08-11T07:00:00Z,australia-southeast2,80F5-20BE-E892,a2-ultragpu-1g,A100,1,on_demand,USD,7.136052,GPU Per Hour,7.136052,machine_inclusive,accelerator $5.5759/GPU-hr plus 12 vCPU and 170 GB RAM
2026-08-11T12:08:03+00:00,gcp,2026-08-11T07:00:00Z,australia-southeast2,80F5-20BE-E892,a2-ultragpu-2g,A100,2,on_demand,USD,14.272104,Machine Per Hour,7.136052,machine_inclusive,accelerator $5.5759/GPU-hr plus 24 vCPU and 340 GB RAM
2026-08-11T12:08:03+00:00,gcp,2026-08-11T07:00:00Z,australia-southeast2,80F5-20BE-E892,a2-ultragpu-4g,A100,4,on_demand,USD,28.544208,Machine Per Hour,7.136052,machine_inclusive,accelerator $5.5759/GPU-hr plus 48 vCPU and 680 GB RAM
2026-08-11T12:08:03+00:00,gcp,2026-08-11T07:00:00Z,australia-southeast2,80F5-20BE-E892,a2-ultragpu-8g,A100,8,on_demand,USD,57.088416,Machine Per Hour,7.136052,machine_inclusive,accelerator $5.5759/GPU-hr plus 96 vCPU and 1360 GB RAM
2026-08-11T12:08:03+00:00,gcp,2026-08-11T07:00:00Z,asia-east2,812C-1A90-098D,a2-ultragpu-1g,A100,1,on_demand,USD,7.033523,GPU Per Hour,7.033523,machine_inclusive,accelerator $5.4950/GPU-hr plus 12 vCPU and 170 GB RAM
2026-08-11T12:08:03+00:00,gcp,2026-08-11T07:00:00Z,asia-east2,812C-1A90-098D,a2-ultragpu-2g,A100,2,on_demand,USD,14.067046,Machine Per Hour,7.033523,machine_inclusive,accelerator $5.4950/GPU-hr plus 24 vCPU and 340 GB RAM
2026-08-11T12:08:03+00:00,gcp,2026-08-11T07:00:00Z,asia-east2,812C-1A90-098D,a2-ultragpu-4g,A100,4,on_demand,USD,28.134092,Machine Per Hour,7.033523,machine_inclusive,accelerator $5.4950/GPU-hr plus 48 vCPU and 680 GB RAM
2026-08-11T12:08:03+00:00,gcp,2026-08-11T07:00:00Z,asia-east2,812C-1A90-098D,a2-ultragpu-8g,A100,8,on_demand,USD,56.268184,Machine Per Hour,7.033523,machine_inclusive,accelerator $5.4950/GPU-hr plus 96 vCPU and 1360 GB RAM
2026-08-11T12:08:03+00:00,gcp,2026-08-11T07:00:00Z,us-west1,816D-DB2C-4A30,A4 Nvidia B200 (1 gpu slice),B200,1,on_demand,USD,4.9542,GPU Per Hour,4.9542,machine_inclusive,Google publishes no separate A4 vCPU/RAM SKUs -- the per-slice price already covers the whole machine
2026-08-11T12:08:03+00:00,gcp,2026-08-11T07:00:00Z,us-central1,816D-DB2C-4A30,A4 Nvidia B200 (1 gpu slice),B200,1,on_demand,USD,4.9542,GPU Per Hour,4.9542,machine_inclusive,Google publishes no separate A4 vCPU/RAM SKUs -- the per-slice price already covers the whole machine
2026-08-11T12:08:03+00:00,gcp,2026-08-11T07:00:00Z,us-east1,816D-DB2C-4A30,A4 Nvidia B200 (1 gpu slice),B200,1,on_demand,USD,4.9542,GPU Per Hour,4.9542,machine_inclusive,Google publishes no separate A4 vCPU/RAM SKUs -- the per-slice price already covers the whole machine
2026-08-11T12:08:03+00:00,gcp,2026-08-11T07:00:00Z,us-east5,81A9-06BC-6E3E,Nvidia Tesla T4 GPU,T4,1,on_demand,USD,0.35,GPU Per Hour,0.35,accelerator_only,"bare accelerator price; Google bills vCPU and RAM separately, so this is NOT comparable to Oracle or Azure"
2026-08-11T12:08:03+00:00,gcp,2026-08-11T07:00:00Z,asia-southeast1,81BE-8815-CF37,1/8 vGPU,,,1_year,USD,0.53561,GPU Per Hour,,,accelerator not in the lookup table -- add it to gcp.py
2026-08-11T12:08:03+00:00,gcp,2026-08-11T07:00:00Z,us-east4,82F6-4F29-9565,a2-highgpu-1g,A100,1,1_year,USD,2.457012,GPU Per Hour,2.457012,machine_inclusive,accelerator $1.9324/GPU-hr plus 12 vCPU and 85 GB RAM
2026-08-11T12:08:03+00:00,gcp,2026-08-11T07:00:00Z,us-east4,82F6-4F29-9565,a2-highgpu-2g,A100,2,1_year,USD,4.914024,Machine Per Hour,2.457012,machine_inclusive,accelerator $1.9324/GPU-hr plus 24 vCPU and 170 GB RAM
2026-08-11T12:08:03+00:00,gcp,2026-08-11T07:00:00Z,us-east4,82F6-4F29-9565,a2-highgpu-4g,A100,4,1_year,USD,9.828047,Machine Per Hour,2.457012,machine_inclusive,accelerator $1.9324/GPU-hr plus 48 vCPU and 340 GB RAM
2026-08-11T12:08:03+00:00,gcp,2026-08-11T07:00:00Z,us-east4,82F6-4F29-9565,a2-highgpu-8g,A100,8,1_year,USD,19.656095,Machine Per Hour,2.457012,machine_inclusive,accelerator $1.9324/GPU-hr plus 96 vCPU and 680 GB RAM
2026-08-11T12:08:03+00:00,gcp,2026-08-11T07:00:00Z,us-east4,82F6-4F29-9565,a2-megagpu-16g,A100,16,1_year,USD,37.158795,Machine Per Hour,2.322425,machine_inclusive,accelerator $1.9324/GPU-hr plus 96 vCPU and 1360 GB RAM
2026-08-11T12:08:03+00:00,gcp,2026-08-11T07:00:00Z,asia-northeast2,82FA-C194-F7A0,Nvidia Tesla T4 GPU,T4,1,on_demand,USD,0.37,GPU Per Hour,0.37,accelerator_only,"bare accelerator price; Google bills vCPU and RAM separately, so this is NOT comparable to Oracle or Azure"
2026-08-11T12:08:03+00:00,gcp,2026-08-11T07:00:00Z,us-west2,8313-8197-C744,Nvidia Tesla T4 GPU,T4,1,on_demand,USD,0.41,GPU Per Hour,0.41,accelerator_only,"bare accelerator price; Google bills vCPU and RAM separately, so this is NOT comparable to Oracle or Azure"
2026-08-11T12:08:03+00:00,gcp,2026-08-11T07:00:00Z,europe-west6,833E-4188-5723,Nvidia Tesla T4 GPU,T4,1,3_year,USD,0.2,GPU Per Hour,0.2,accelerator_only,"bare accelerator price; Google bills vCPU and RAM separately, so this is NOT comparable to Oracle or Azure"
2026-08-11T12:08:03+00:00,gcp,2026-08-11T07:00:00Z,europe-west9,838D-0AF1-F65E,a2-highgpu-1g,A100,1,spot,USD,0.38347,GPU Per Hour,0.38347,machine_inclusive,accelerator $0.3063/GPU-hr plus 12 vCPU and 85 GB RAM
2026-08-11T12:08:03+00:00,gcp,2026-08-11T07:00:00Z,europe-west9,838D-0AF1-F65E,a2-highgpu-2g,A100,2,spot,USD,0.76694,Machine Per Hour,0.38347,machine_inclusive,accelerator $0.3063/GPU-hr plus 24 vCPU and 170 GB RAM
2026-08-11T12:08:03+00:00,gcp,2026-08-11T07:00:00Z,europe-west9,838D-0AF1-F65E,a2-highgpu-4g,A100,4,spot,USD,1.53388,Machine Per Hour,0.38347,machine_inclusive,accelerator $0.3063/GPU-hr plus 48 vCPU and 340 GB RAM
2026-08-11T12:08:03+00:00,gcp,2026-08-11T07:00:00Z,europe-west9,838D-0AF1-F65E,a2-highgpu-8g,A100,8,spot,USD,3.06776,Machine Per Hour,0.38347,machine_inclusive,accelerator $0.3063/GPU-hr plus 96 vCPU and 680 GB RAM
2026-08-11T12:08:03+00:00,gcp,2026-08-11T07:00:00Z,europe-west9,838D-0AF1-F65E,a2-megagpu-16g,A100,16,spot,USD,5.81872,Machine Per Hour,0.36367,machine_inclusive,accelerator $0.3063/GPU-hr plus 96 vCPU and 1360 GB RAM
2026-08-11T12:08:03+00:00,gcp,2026-08-11T07:00:00Z,africa-south1,8457-1A66-DC99,a3-highgpu-8g,H100,8,1_year,USD,79.748015,Machine Per Hour,9.968502,machine_inclusive,accelerator $8.8928/GPU-hr plus 208 vCPU and 1872 GB RAM
2026-08-11T12:08:03+00:00,gcp,2026-08-11T07:00:00Z,southamerica-east1,84B4-4525-838F,Nvidia Tesla T4 GPU,T4,1,spot,USD,0.2507,GPU Per Hour,0.2507,accelerator_only,"bare accelerator price; Google bills vCPU and RAM separately, so this is NOT comparable to Oracle or Azure"
2026-08-11T12:08:03+00:00,gcp,2026-08-11T07:00:00Z,asia-southeast1,8513-EFC6-CFB7,a2-highgpu-1g,A100,1,1_year,USD,2.507032,GPU Per Hour,2.507032,machine_inclusive,accelerator $1.9324/GPU-hr plus 12 vCPU and 85 GB RAM
2026-08-11T12:08:03+00:00,gcp,2026-08-11T07:00:00Z,asia-southeast1,8513-EFC6-CFB7,a2-highgpu-2g,A100,2,1_year,USD,5.014065,Machine Per Hour,2.507032,machine_inclusive,accelerator $1.9324/GPU-hr plus 24 vCPU and 170 GB RAM
2026-08-11T12:08:03+00:00,gcp,2026-08-11T07:00:00Z,asia-southeast1,8513-EFC6-CFB7,a2-highgpu-4g,A100,4,1_year,USD,10.02813,Machine Per Hour,2.507032,machine_inclusive,accelerator $1.9324/GPU-hr plus 48 vCPU and 340 GB RAM
2026-08-11T12:08:03+00:00,gcp,2026-08-11T07:00:00Z,asia-southeast1,8513-EFC6-CFB7,a2-highgpu-8g,A100,8,1_year,USD,20.05626,Machine Per Hour,2.507032,machine_inclusive,accelerator $1.9324/GPU-hr plus 96 vCPU and 680 GB RAM
2026-08-11T12:08:03+00:00,gcp,2026-08-11T07:00:00Z,asia-southeast1,8513-EFC6-CFB7,a2-megagpu-16g,A100,16,1_year,USD,37.753848,Machine Per Hour,2.359615,machine_inclusive,accelerator $1.9324/GPU-hr plus 96 vCPU and 1360 GB RAM
2026-08-11T12:08:03+00:00,gcp,2026-08-11T07:00:00Z,europe-central2,852D-27BF-43C7,a2-ultragpu-1g,A100,1,spot,USD,0.73418,GPU Per Hour,0.73418,machine_inclusive,accelerator $0.6065/GPU-hr plus 12 vCPU and 170 GB RAM
2026-08-11T12:08:03+00:00,gcp,2026-08-11T07:00:00Z,europe-central2,852D-27BF-43C7,a2-ultragpu-2g,A100,2,spot,USD,1.46836,Machine Per Hour,0.73418,machine_inclusive,accelerator $0.6065/GPU-hr plus 24 vCPU and 340 GB RAM
2026-08-11T12:08:03+00:00,gcp,2026-08-11T07:00:00Z,europe-central2,852D-27BF-43C7,a2-ultragpu-4g,A100,4,spot,USD,2.93672,Machine Per Hour,0.73418,machine_inclusive,accelerator $0.6065/GPU-hr plus 48 vCPU and 680 GB RAM
2026-08-11T12:08:03+00:00,gcp,2026-08-11T07:00:00Z,europe-central2,852D-27BF-43C7,a2-ultragpu-8g,A100,8,spot,USD,5.87344,Machine Per Hour,0.73418,machine_inclusive,accelerator $0.6065/GPU-hr plus 96 vCPU and 1360 GB RAM
2026-08-11T12:08:03+00:00,gcp,2026-08-11T07:00:00Z,europe-west4,8536-FBC4-3CB4,1/8 vGPU,,,1_year,USD,0.49097,GPU Per Hour,,,accelerator not in the lookup table -- add it to gcp.py
2026-08-11T12:08:03+00:00,gcp,2026-08-11T07:00:00Z,us-west8,857F-799A-E0F7,g2-standard-4,L4,1,spot,USD,0.129868,GPU Per Hour,0.129868,machine_inclusive,accelerator $0.1029/GPU-hr plus 4 vCPU and 16 GB RAM
2026-08-11T12:08:03+00:00,gcp,2026-08-11T07:00:00Z,us-west8,857F-799A-E0F7,g2-standard-8,L4,1,spot,USD,0.156836,GPU Per Hour,0.156836,machine_inclusive,accelerator $0.1029/GPU-hr plus 8 vCPU and 32 GB RAM
2026-08-11T12:08:03+00:00,gcp,2026-08-11T07:00:00Z,us-west8,857F-799A-E0F7,g2-standard-12,L4,1,spot,USD,0.183804,GPU Per Hour,0.183804,machine_inclusive,accelerator $0.1029/GPU-hr plus 12 vCPU and 48 GB RAM
2026-08-11T12:08:03+00:00,gcp,2026-08-11T07:00:00Z,us-west8,857F-799A-E0F7,g2-standard-16,L4,1,spot,USD,0.210772,GPU Per Hour,0.210772,machine_inclusive,accelerator $0.1029/GPU-hr plus 16 vCPU and 64 GB RAM
2026-08-11T12:08:03+00:00,gcp,2026-08-11T07:00:00Z,us-west8,857F-799A-E0F7,g2-standard-24,L4,2,spot,USD,0.367608,Machine Per Hour,0.183804,machine_inclusive,accelerator $0.1029/GPU-hr plus 24 vCPU and 96 GB RAM
2026-08-11T12:08:03+00:00,gcp,2026-08-11T07:00:00Z,us-west8,857F-799A-E0F7,g2-standard-32,L4,1,spot,USD,0.318644,GPU Per Hour,0.318644,machine_inclusive,accelerator $0.1029/GPU-hr plus 32 vCPU and 128 GB RAM
2026-08-11T12:08:03+00:00,gcp,2026-08-11T07:00:00Z,us-west8,857F-799A-E0F7,g2-standard-48,L4,4,spot,USD,0.735216,Machine Per Hour,0.183804,machine_inclusive,accelerator $0.1029/GPU-hr plus 48 vCPU and 192 GB RAM
2026-08-11T12:08:03+00:00,gcp,2026-08-11T07:00:00Z,us-west8,857F-799A-E0F7,g2-standard-96,L4,8,spot,USD,1.470432,Machine Per Hour,0.183804,machine_inclusive,accelerator $0.1029/GPU-hr plus 96 vCPU and 384 GB RAM
2026-08-11T12:08:03+00:00,gcp,2026-08-11T07:00:00Z,europe-west12,85D9-4668-96DC,Nvidia Tesla V100 GPU,V100,1,1_year,USD,2.01498,GPU Per Hour,2.01498,accelerator_only,"bare accelerator price; Google bills vCPU and RAM separately, so this is NOT comparable to Oracle or Azure"
2026-08-11T12:08:03+00:00,gcp,2026-08-11T07:00:00Z,us-west8,85F8-DDA3-AAC5,1/8 vGPU no lssd,,,on_demand,USD,0.64688,GPU Per Hour,,,accelerator not in the lookup table -- add it to gcp.py
2026-08-11T12:08:03+00:00,gcp,2026-08-11T07:00:00Z,us-central1,8609-4BAD-F240,Nvidia H100 80GB Plus GPU,,,spot,USD,6.2056,GPU Per Hour,,,accelerator not in the lookup table -- add it to gcp.py
2026-08-11T12:08:03+00:00,gcp,2026-08-11T07:00:00Z,us-east1,8609-4BAD-F240,Nvidia H100 80GB Plus GPU,,,spot,USD,6.2056,GPU Per Hour,,,accelerator not in the lookup table -- add it to gcp.py
2026-08-11T12:08:03+00:00,gcp,2026-08-11T07:00:00Z,us-west1,8609-4BAD-F240,Nvidia H100 80GB Plus GPU,,,spot,USD,6.2056,GPU Per Hour,,,accelerator not in the lookup table -- add it to gcp.py
2026-08-11T12:08:03+00:00,gcp,2026-08-11T07:00:00Z,asia-northeast1,86A0-DAE5-D3F6,a2-ultragpu-1g,A100,1,1_year,USD,5.357801,GPU Per Hour,5.357801,machine_inclusive,accelerator $4.4704/GPU-hr plus 12 vCPU and 170 GB RAM
2026-08-11T12:08:03+00:00,gcp,2026-08-11T07:00:00Z,asia-northeast1,86A0-DAE5-D3F6,a2-ultragpu-2g,A100,2,1_year,USD,10.715602,Machine Per Hour,5.357801,machine_inclusive,accelerator $4.4704/GPU-hr plus 24 vCPU and 340 GB RAM
2026-08-11T12:08:03+00:00,gcp,2026-08-11T07:00:00Z,asia-northeast1,86A0-DAE5-D3F6,a2-ultragpu-4g,A100,4,1_year,USD,21.431203,Machine Per Hour,5.357801,machine_inclusive,accelerator $4.4704/GPU-hr plus 48 vCPU and 680 GB RAM
2026-08-11T12:08:03+00:00,gcp,2026-08-11T07:00:00Z,asia-northeast1,86A0-DAE5-D3F6,a2-ultragpu-8g,A100,8,1_year,USD,42.862406,Machine Per Hour,5.357801,machine_inclusive,accelerator $4.4704/GPU-hr plus 96 vCPU and 1360 GB RAM
2026-08-11T12:08:03+00:00,gcp,2026-08-11T07:00:00Z,europe-west2,86B2-0BEC-30F4,RTX 6000 96GB,RTX PRO 6000,1,spot,USD,0.5259,GPU Per Hour,0.5259,accelerator_only,"bare accelerator price; Google bills vCPU and RAM separately, so this is NOT comparable to Oracle or Azure"
2026-08-11T12:08:03+00:00,gcp,2026-08-11T07:00:00Z,southamerica-west1,875E-C433-0192,a2-highgpu-1g,A100,1,1_year,USD,3.309316,GPU Per Hour,3.309316,machine_inclusive,accelerator $2.6432/GPU-hr plus 12 vCPU and 85 GB RAM
2026-08-11T12:08:03+00:00,gcp,2026-08-11T07:00:00Z,southamerica-west1,875E-C433-0192,a2-highgpu-2g,A100,2,1_year,USD,6.618632,Machine Per Hour,3.309316,machine_inclusive,accelerator $2.6432/GPU-hr plus 24 vCPU and 170 GB RAM
2026-08-11T12:08:03+00:00,gcp,2026-08-11T07:00:00Z,southamerica-west1,875E-C433-0192,a2-highgpu-4g,A100,4,1_year,USD,13.237264,Machine Per Hour,3.309316,machine_inclusive,accelerator $2.6432/GPU-hr plus 48 vCPU and 340 GB RAM
2026-08-11T12:08:03+00:00,gcp,2026-08-11T07:00:00Z,southamerica-west1,875E-C433-0192,a2-highgpu-8g,A100,8,1_year,USD,26.474528,Machine Per Hour,3.309316,machine_inclusive,accelerator $2.6432/GPU-hr plus 96 vCPU and 680 GB RAM
2026-08-11T12:08:03+00:00,gcp,2026-08-11T07:00:00Z,southamerica-west1,875E-C433-0192,a2-megagpu-16g,A100,16,1_year,USD,50.215125,Machine Per Hour,3.138445,machine_inclusive,accelerator $2.6432/GPU-hr plus 96 vCPU and 1360 GB RAM
2026-08-11T12:08:03+00:00,gcp,2026-08-11T07:00:00Z,asia-east1,8795-7C9F-4FD9,Nvidia Tesla T4 GPU,T4,1,on_demand,USD,0.35,GPU Per Hour,0.35,accelerator_only,"bare accelerator price; Google bills vCPU and RAM separately, so this is NOT comparable to Oracle or Azure"
2026-08-11T12:08:03+00:00,gcp,2026-08-11T07:00:00Z,me-central1,888E-7C2C-4726,Nvidia Tesla V100 GPU,V100,1,3_year,USD,1.35594,GPU Per Hour,1.35594,accelerator_only,"bare accelerator price; Google bills vCPU and RAM separately, so this is NOT comparable to Oracle or Azure"
2026-08-11T12:08:03+00:00,gcp,2026-08-11T07:00:00Z,europe-west6,8899-F606-0F98,Nvidia Tesla P100 GPU,P100,1,spot,USD,0.1856,GPU Per Hour,0.1856,accelerator_only,"bare accelerator price; Google bills vCPU and RAM separately, so this is NOT comparable to Oracle or Azure"
2026-08-11T12:08:03+00:00,gcp,2026-08-11T07:00:00Z,europe-west8,88AD-A89F-6AC1,RTX 6000 96GB,RTX PRO 6000,1,1_year,USD,0.9072,GPU Per Hour,0.9072,accelerator_only,"bare accelerator price; Google bills vCPU and RAM separately, so this is NOT comparable to Oracle or Azure"
2026-08-11T12:08:03+00:00,gcp,2026-08-11T07:00:00Z,us-central1,88B8-C3ED-03F0,Nvidia Tesla T4 GPU,T4,1,on_demand,USD,0.35,GPU Per Hour,0.35,accelerator_only,"bare accelerator price; Google bills vCPU and RAM separately, so this is NOT comparable to Oracle or Azure"
2026-08-11T12:08:03+00:00,gcp,2026-08-11T07:00:00Z,us-east1,88B8-C3ED-03F0,Nvidia Tesla T4 GPU,T4,1,on_demand,USD,0.35,GPU Per Hour,0.35,accelerator_only,"bare accelerator price; Google bills vCPU and RAM separately, so this is NOT comparable to Oracle or Azure"
2026-08-11T12:08:03+00:00,gcp,2026-08-11T07:00:00Z,us-west1,88B8-C3ED-03F0,Nvidia Tesla T4 GPU,T4,1,on_demand,USD,0.35,GPU Per Hour,0.35,accelerator_only,"bare accelerator price; Google bills vCPU and RAM separately, so this is NOT comparable to Oracle or Azure"
2026-08-11T12:08:03+00:00,gcp,2026-08-11T07:00:00Z,asia-east2,88C9-77C8-277F,Nvidia Tesla T4 GPU,T4,1,3_year,USD,0.2,GPU Per Hour,0.2,accelerator_only,"bare accelerator price; Google bills vCPU and RAM separately, so this is NOT comparable to Oracle or Azure"
2026-08-11T12:08:03+00:00,gcp,2026-08-11T07:00:00Z,us-east5,893F-40A4-4170,a2-highgpu-1g,A100,1,3_year,USD,1.285709,GPU Per Hour,1.285709,machine_inclusive,accelerator $1.0269/GPU-hr plus 12 vCPU and 85 GB RAM
2026-08-11T12:08:03+00:00,gcp,2026-08-11T07:00:00Z,us-east5,893F-40A4-4170,a2-highgpu-2g,A100,2,3_year,USD,2.571417,Machine Per Hour,1.285709,machine_inclusive,accelerator $1.0269/GPU-hr plus 24 vCPU and 170 GB RAM
2026-08-11T12:08:03+00:00,gcp,2026-08-11T07:00:00Z,us-east5,893F-40A4-4170,a2-highgpu-4g,A100,4,3_year,USD,5.142834,Machine Per Hour,1.285709,machine_inclusive,accelerator $1.0269/GPU-hr plus 48 vCPU and 340 GB RAM
2026-08-11T12:08:03+00:00,gcp,2026-08-11T07:00:00Z,us-east5,893F-40A4-4170,a2-highgpu-8g,A100,8,3_year,USD,10.285668,Machine Per Hour,1.285709,machine_inclusive,accelerator $1.0269/GPU-hr plus 96 vCPU and 680 GB RAM
2026-08-11T12:08:03+00:00,gcp,2026-08-11T07:00:00Z,us-east5,893F-40A4-4170,a2-megagpu-16g,A100,16,3_year,USD,19.509203,Machine Per Hour,1.219325,machine_inclusive,accelerator $1.0269/GPU-hr plus 96 vCPU and 1360 GB RAM
2026-08-11T12:08:03+00:00,gcp,2026-08-11T07:00:00Z,asia-northeast2,8A37-5E1F-ED3B,Nvidia Tesla P100 GPU,P100,1,3_year,USD,0.72,GPU Per Hour,0.72,accelerator_only,"bare accelerator price; Google bills vCPU and RAM separately, so this is NOT comparable to Oracle or Azure"
2026-08-11T12:08:03+00:00,gcp,2026-08-11T07:00:00Z,me-central2,8A4C-AA0A-D4C1,Nvidia Tesla V100 GPU,V100,1,1_year,USD,2.4992,GPU Per Hour,2.4992,accelerator_only,"bare accelerator price; Google bills vCPU and RAM separately, so this is NOT comparable to Oracle or Azure"
2026-08-11T12:08:03+00:00,gcp,2026-08-11T07:00:00Z,northamerica-northeast1,8A6C-2FC4-90D2,Nvidia Tesla P4 GPU,P4,1,on_demand,USD,0.65,GPU Per Hour,0.65,accelerator_only,"bare accelerator price; Google bills vCPU and RAM separately, so this is NOT comparable to Oracle or Azure"
2026-08-11T12:08:03+00:00,gcp,2026-08-11T07:00:00Z,me-central2,8ADE-3171-9A65,1/8 vGPU no lssd,,,spot,USD,0.3105,GPU Per Hour,,,accelerator not in the lookup table -- add it to gcp.py
2026-08-11T12:08:03+00:00,gcp,2026-08-11T07:00:00Z,us-east4,8B0E-2537-7BF2,a2-ultragpu-1g,A100,1,spot,USD,2.42003,GPU Per Hour,2.42003,machine_inclusive,accelerator $1.6770/GPU-hr plus 12 vCPU and 170 GB RAM
2026-08-11T12:08:03+00:00,gcp,2026-08-11T07:00:00Z,us-east4,8B0E-2537-7BF2,a2-ultragpu-2g,A100,2,spot,USD,4.84006,Machine Per Hour,2.42003,machine_inclusive,accelerator $1.6770/GPU-hr plus 24 vCPU and 340 GB RAM
2026-08-11T12:08:03+00:00,gcp,2026-08-11T07:00:00Z,us-east4,8B0E-2537-7BF2,a2-ultragpu-4g,A100,4,spot,USD,9.68012,Machine Per Hour,2.42003,machine_inclusive,accelerator $1.6770/GPU-hr plus 48 vCPU and 680 GB RAM
2026-08-11T12:08:03+00:00,gcp,2026-08-11T07:00:00Z,us-east4,8B0E-2537-7BF2,a2-ultragpu-8g,A100,8,spot,USD,19.36024,Machine Per Hour,2.42003,machine_inclusive,accelerator $1.6770/GPU-hr plus 96 vCPU and 1360 GB RAM
2026-08-11T12:08:03+00:00,gcp,2026-08-11T07:00:00Z,europe-west1,8B0E-D74C-7FEA,Nvidia Tesla T4 GPU,T4,1,1_year,USD,0.22,GPU Per Hour,0.22,accelerator_only,"bare accelerator price; Google bills vCPU and RAM separately, so this is NOT comparable to Oracle or Azure"
2026-08-11T12:08:03+00:00,gcp,2026-08-11T07:00:00Z,europe-west6,8B4F-7888-65CA,g2-standard-4,L4,1,on_demand,USD,0.975748,GPU Per Hour,0.975748,machine_inclusive,accelerator $0.7834/GPU-hr plus 4 vCPU and 16 GB RAM
2026-08-11T12:08:03+00:00,gcp,2026-08-11T07:00:00Z,europe-west6,8B4F-7888-65CA,g2-standard-8,L4,1,on_demand,USD,1.168056,GPU Per Hour,1.168056,machine_inclusive,accelerator $0.7834/GPU-hr plus 8 vCPU and 32 GB RAM
2026-08-11T12:08:03+00:00,gcp,2026-08-11T07:00:00Z,europe-west6,8B4F-7888-65CA,g2-standard-12,L4,1,on_demand,USD,1.360364,GPU Per Hour,1.360364,machine_inclusive,accelerator $0.7834/GPU-hr plus 12 vCPU and 48 GB RAM
2026-08-11T12:08:03+00:00,gcp,2026-08-11T07:00:00Z,europe-west6,8B4F-7888-65CA,g2-standard-16,L4,1,on_demand,USD,1.552671,GPU Per Hour,1.552671,machine_inclusive,accelerator $0.7834/GPU-hr plus 16 vCPU and 64 GB RAM
2026-08-11T12:08:03+00:00,gcp,2026-08-11T07:00:00Z,europe-west6,8B4F-7888-65CA,g2-standard-24,L4,2,on_demand,USD,2.720727,Machine Per Hour,1.360364,machine_inclusive,accelerator $0.7834/GPU-hr plus 24 vCPU and 96 GB RAM
2026-08-11T12:08:03+00:00,gcp,2026-08-11T07:00:00Z,europe-west6,8B4F-7888-65CA,g2-standard-32,L4,1,on_demand,USD,2.321903,GPU Per Hour,2.321903,machine_inclusive,accelerator $0.7834/GPU-hr plus 32 vCPU and 128 GB RAM
2026-08-11T12:08:03+00:00,gcp,2026-08-11T07:00:00Z,europe-west6,8B4F-7888-65CA,g2-standard-48,L4,4,on_demand,USD,5.441455,Machine Per Hour,1.360364,machine_inclusive,accelerator $0.7834/GPU-hr plus 48 vCPU and 192 GB RAM
2026-08-11T12:08:03+00:00,gcp,2026-08-11T07:00:00Z,europe-west6,8B4F-7888-65CA,g2-standard-96,L4,8,on_demand,USD,10.882909,Machine Per Hour,1.360364,machine_inclusive,accelerator $0.7834/GPU-hr plus 96 vCPU and 384 GB RAM
2026-08-11T12:08:03+00:00,gcp,2026-08-11T07:00:00Z,me-central1,8B59-B960-ED4E,g2-standard-4,L4,1,1_year,USD,0.541045,GPU Per Hour,0.541045,machine_inclusive,accelerator $0.4287/GPU-hr plus 4 vCPU and 16 GB RAM
2026-08-11T12:08:03+00:00,gcp,2026-08-11T07:00:00Z,me-central1,8B59-B960-ED4E,g2-standard-8,L4,1,1_year,USD,0.653407,GPU Per Hour,0.653407,machine_inclusive,accelerator $0.4287/GPU-hr plus 8 vCPU and 32 GB RAM
2026-08-11T12:08:03+00:00,gcp,2026-08-11T07:00:00Z,me-central1,8B59-B960-ED4E,g2-standard-12,L4,1,1_year,USD,0.765769,GPU Per Hour,0.765769,machine_inclusive,accelerator $0.4287/GPU-hr plus 12 vCPU and 48 GB RAM
2026-08-11T12:08:03+00:00,gcp,2026-08-11T07:00:00Z,me-central1,8B59-B960-ED4E,g2-standard-16,L4,1,1_year,USD,0.878131,GPU Per Hour,0.878131,machine_inclusive,accelerator $0.4287/GPU-hr plus 16 vCPU and 64 GB RAM
2026-08-11T12:08:03+00:00,gcp,2026-08-11T07:00:00Z,me-central1,8B59-B960-ED4E,g2-standard-24,L4,2,1_year,USD,1.531537,Machine Per Hour,0.765769,machine_inclusive,accelerator $0.4287/GPU-hr plus 24 vCPU and 96 GB RAM
2026-08-11T12:08:03+00:00,gcp,2026-08-11T07:00:00Z,me-central1,8B59-B960-ED4E,g2-standard-32,L4,1,1_year,USD,1.327579,GPU Per Hour,1.327579,machine_inclusive,accelerator $0.4287/GPU-hr plus 32 vCPU and 128 GB RAM
2026-08-11T12:08:03+00:00,gcp,2026-08-11T07:00:00Z,me-central1,8B59-B960-ED4E,g2-standard-48,L4,4,1_year,USD,3.063075,Machine Per Hour,0.765769,machine_inclusive,accelerator $0.4287/GPU-hr plus 48 vCPU and 192 GB RAM
2026-08-11T12:08:03+00:00,gcp,2026-08-11T07:00:00Z,me-central1,8B59-B960-ED4E,g2-standard-96,L4,8,1_year,USD,6.12615,Machine Per Hour,0.765769,machine_inclusive,accelerator $0.4287/GPU-hr plus 96 vCPU and 384 GB RAM
2026-08-11T12:08:03+00:00,gcp,2026-08-11T07:00:00Z,asia-southeast2,8B73-2D9D-273B,RTX 6000 96GB,RTX PRO 6000,1,1_year,USD,1.016593,GPU Per Hour,1.016593,accelerator_only,"bare accelerator price; Google bills vCPU and RAM separately, so this is NOT comparable to Oracle or Azure"
2026-08-11T12:08:03+00:00,gcp,2026-08-11T07:00:00Z,australia-southeast2,8B87-7F87-7B31,a2-ultragpu-1g,A100,1,1_year,USD,5.924225,GPU Per Hour,5.924225,machine_inclusive,accelerator $4.9414/GPU-hr plus 12 vCPU and 170 GB RAM
2026-08-11T12:08:03+00:00,gcp,2026-08-11T07:00:00Z,australia-southeast2,8B87-7F87-7B31,a2-ultragpu-2g,A100,2,1_year,USD,11.84845,Machine Per Hour,5.924225,machine_inclusive,accelerator $4.9414/GPU-hr plus 24 vCPU and 340 GB RAM
2026-08-11T12:08:03+00:00,gcp,2026-08-11T07:00:00Z,australia-southeast2,8B87-7F87-7B31,a2-ultragpu-4g,A100,4,1_year,USD,23.696899,Machine Per Hour,5.924225,machine_inclusive,accelerator $4.9414/GPU-hr plus 48 vCPU and 680 GB RAM
2026-08-11T12:08:03+00:00,gcp,2026-08-11T07:00:00Z,australia-southeast2,8B87-7F87-7B31,a2-ultragpu-8g,A100,8,1_year,USD,47.393798,Machine Per Hour,5.924225,machine_inclusive,accelerator $4.9414/GPU-hr plus 96 vCPU and 1360 GB RAM
2026-08-11T12:08:03+00:00,gcp,2026-08-11T07:00:00Z,europe-west4,8BB7-4510-69FB,a2-ultragpu-1g,A100,1,3_year,USD,3.833385,GPU Per Hour,3.833385,machine_inclusive,accelerator $3.4097/GPU-hr plus 12 vCPU and 170 GB RAM
2026-08-11T12:08:03+00:00,gcp,2026-08-11T07:00:00Z,europe-west4,8BB7-4510-69FB,a2-ultragpu-2g,A100,2,3_year,USD,7.66677,Machine Per Hour,3.833385,machine_inclusive,accelerator $3.4097/GPU-hr plus 24 vCPU and 340 GB RAM
2026-08-11T12:08:03+00:00,gcp,2026-08-11T07:00:00Z,europe-west4,8BB7-4510-69FB,a2-ultragpu-4g,A100,4,3_year,USD,15.333541,Machine Per Hour,3.833385,machine_inclusive,accelerator $3.4097/GPU-hr plus 48 vCPU and 680 GB RAM
2026-08-11T12:08:03+00:00,gcp,2026-08-11T07:00:00Z,europe-west4,8BB7-4510-69FB,a2-ultragpu-8g,A100,8,3_year,USD,30.667082,Machine Per Hour,3.833385,machine_inclusive,accelerator $3.4097/GPU-hr plus 96 vCPU and 1360 GB RAM
2026-08-11T12:08:03+00:00,gcp,2026-08-11T07:00:00Z,europe-west8,8BF9-21DC-D0D4,1/8 vGPU no lssd,,,on_demand,USD,0.77626,GPU Per Hour,,,accelerator not in the lookup table -- add it to gcp.py
2026-08-11T12:08:03+00:00,gcp,2026-08-11T07:00:00Z,europe-west1,8C07-C10E-086F,g2-standard-4,L4,1,spot,USD,0.41286,GPU Per Hour,0.41286,machine_inclusive,accelerator $0.3271/GPU-hr plus 4 vCPU and 16 GB RAM
2026-08-11T12:08:03+00:00,gcp,2026-08-11T07:00:00Z,europe-west1,8C07-C10E-086F,g2-standard-8,L4,1,spot,USD,0.49862,GPU Per Hour,0.49862,machine_inclusive,accelerator $0.3271/GPU-hr plus 8 vCPU and 32 GB RAM
2026-08-11T12:08:03+00:00,gcp,2026-08-11T07:00:00Z,europe-west1,8C07-C10E-086F,g2-standard-12,L4,1,spot,USD,0.58438,GPU Per Hour,0.58438,machine_inclusive,accelerator $0.3271/GPU-hr plus 12 vCPU and 48 GB RAM
2026-08-11T12:08:03+00:00,gcp,2026-08-11T07:00:00Z,europe-west1,8C07-C10E-086F,g2-standard-16,L4,1,spot,USD,0.67014,GPU Per Hour,0.67014,machine_inclusive,accelerator $0.3271/GPU-hr plus 16 vCPU and 64 GB RAM
2026-08-11T12:08:03+00:00,gcp,2026-08-11T07:00:00Z,europe-west1,8C07-C10E-086F,g2-standard-24,L4,2,spot,USD,1.16876,Machine Per Hour,0.58438,machine_inclusive,accelerator $0.3271/GPU-hr plus 24 vCPU and 96 GB RAM
2026-08-11T12:08:03+00:00,gcp,2026-08-11T07:00:00Z,europe-west1,8C07-C10E-086F,g2-standard-32,L4,1,spot,USD,1.01318,GPU Per Hour,1.01318,machine_inclusive,accelerator $0.3271/GPU-hr plus 32 vCPU and 128 GB RAM
2026-08-11T12:08:03+00:00,gcp,2026-08-11T07:00:00Z,europe-west1,8C07-C10E-086F,g2-standard-48,L4,4,spot,USD,2.33752,Machine Per Hour,0.58438,machine_inclusive,accelerator $0.3271/GPU-hr plus 48 vCPU and 192 GB RAM
2026-08-11T12:08:03+00:00,gcp,2026-08-11T07:00:00Z,europe-west1,8C07-C10E-086F,g2-standard-96,L4,8,spot,USD,4.67504,Machine Per Hour,0.58438,machine_inclusive,accelerator $0.3271/GPU-hr plus 96 vCPU and 384 GB RAM
2026-08-11T12:08:03+00:00,gcp,2026-08-11T07:00:00Z,me-central1,8C6E-EBFB-29BD,Nvidia Tesla T4 GPU,T4,1,1_year,USD,0.2673,GPU Per Hour,0.2673,accelerator_only,"bare accelerator price; Google bills vCPU and RAM separately, so this is NOT comparable to Oracle or Azure"
2026-08-11T12:08:03+00:00,gcp,2026-08-11T07:00:00Z,asia-northeast1,8D5A-444E-490B,A4 Nvidia B200 (1 gpu slice),B200,1,spot,USD,5.3924,GPU Per Hour,5.3924,machine_inclusive,Google publishes no separate A4 vCPU/RAM SKUs -- the per-slice price already covers the whole machine
2026-08-11T12:08:03+00:00,gcp,2026-08-11T07:00:00Z,us-east4,8D8D-649C-0D7F,Nvidia Tesla T4 GPU,T4,1,on_demand,USD,0.37,GPU Per Hour,0.37,accelerator_only,"bare accelerator price; Google bills vCPU and RAM separately, so this is NOT comparable to Oracle or Azure"
2026-08-11T12:08:03+00:00,gcp,2026-08-11T07:00:00Z,asia-east1,8D95-C8DB-FC63,Nvidia Tesla V100 GPU,V100,1,on_demand,USD,2.48,GPU Per Hour,2.48,accelerator_only,"bare accelerator price; Google bills vCPU and RAM separately, so this is NOT comparable to Oracle or Azure"
2026-08-11T12:08:03+00:00,gcp,2026-08-11T07:00:00Z,asia-southeast1,8E10-6DFF-1464,a3-megagpu-8g,H100 Mega,8,spot,USD,65.236048,Machine Per Hour,8.154506,machine_inclusive,accelerator $7.2762/GPU-hr plus 208 vCPU and 1872 GB RAM
2026-08-11T12:08:03+00:00,gcp,2026-08-11T07:00:00Z,europe-west2,8E6E-FF52-2928,1/8 vGPU no lssd,,,on_demand,USD,0.77626,GPU Per Hour,,,accelerator not in the lookup table -- add it to gcp.py
2026-08-11T12:08:03+00:00,gcp,2026-08-11T07:00:00Z,asia-northeast2,8EB0-5E89-0BFC,g2-standard-4,L4,1,3_year,USD,0.408471,GPU Per Hour,0.408471,machine_inclusive,accelerator $0.3236/GPU-hr plus 4 vCPU and 16 GB RAM
2026-08-11T12:08:03+00:00,gcp,2026-08-11T07:00:00Z,asia-northeast2,8EB0-5E89-0BFC,g2-standard-8,L4,1,3_year,USD,0.493301,GPU Per Hour,0.493301,machine_inclusive,accelerator $0.3236/GPU-hr plus 8 vCPU and 32 GB RAM
2026-08-11T12:08:03+00:00,gcp,2026-08-11T07:00:00Z,asia-northeast2,8EB0-5E89-0BFC,g2-standard-12,L4,1,3_year,USD,0.578131,GPU Per Hour,0.578131,machine_inclusive,accelerator $0.3236/GPU-hr plus 12 vCPU and 48 GB RAM
2026-08-11T12:08:03+00:00,gcp,2026-08-11T07:00:00Z,asia-northeast2,8EB0-5E89-0BFC,g2-standard-16,L4,1,3_year,USD,0.66296,GPU Per Hour,0.66296,machine_inclusive,accelerator $0.3236/GPU-hr plus 16 vCPU and 64 GB RAM
2026-08-11T12:08:03+00:00,gcp,2026-08-11T07:00:00Z,asia-northeast2,8EB0-5E89-0BFC,g2-standard-24,L4,2,3_year,USD,1.156261,Machine Per Hour,0.578131,machine_inclusive,accelerator $0.3236/GPU-hr plus 24 vCPU and 96 GB RAM
2026-08-11T12:08:03+00:00,gcp,2026-08-11T07:00:00Z,asia-northeast2,8EB0-5E89-0BFC,g2-standard-32,L4,1,3_year,USD,1.002279,GPU Per Hour,1.002279,machine_inclusive,accelerator $0.3236/GPU-hr plus 32 vCPU and 128 GB RAM
2026-08-11T12:08:03+00:00,gcp,2026-08-11T07:00:00Z,asia-northeast2,8EB0-5E89-0BFC,g2-standard-48,L4,4,3_year,USD,2.312523,Machine Per Hour,0.578131,machine_inclusive,accelerator $0.3236/GPU-hr plus 48 vCPU and 192 GB RAM
2026-08-11T12:08:03+00:00,gcp,2026-08-11T07:00:00Z,asia-northeast2,8EB0-5E89-0BFC,g2-standard-96,L4,8,3_year,USD,4.625045,Machine Per Hour,0.578131,machine_inclusive,accelerator $0.3236/GPU-hr plus 96 vCPU and 384 GB RAM
2026-08-11T12:08:03+00:00,gcp,2026-08-11T07:00:00Z,us-west4,8EF6-F190-49A6,Nvidia Tesla P100 GPU,P100,1,spot,USD,0.1314,GPU Per Hour,0.1314,accelerator_only,"bare accelerator price; Google bills vCPU and RAM separately, so this is NOT comparable to Oracle or Azure"
2026-08-11T12:08:03+00:00,gcp,2026-08-11T07:00:00Z,me-central2,8EFD-B595-F660,a2-highgpu-1g,A100,1,on_demand,USD,5.877416,GPU Per Hour,5.877416,machine_inclusive,accelerator $4.6943/GPU-hr plus 12 vCPU and 85 GB RAM
2026-08-11T12:08:03+00:00,gcp,2026-08-11T07:00:00Z,me-central2,8EFD-B595-F660,a2-highgpu-2g,A100,2,on_demand,USD,11.754832,Machine Per Hour,5.877416,machine_inclusive,accelerator $4.6943/GPU-hr plus 24 vCPU and 170 GB RAM
2026-08-11T12:08:03+00:00,gcp,2026-08-11T07:00:00Z,me-central2,8EFD-B595-F660,a2-highgpu-4g,A100,4,on_demand,USD,23.509665,Machine Per Hour,5.877416,machine_inclusive,accelerator $4.6943/GPU-hr plus 48 vCPU and 340 GB RAM
2026-08-11T12:08:03+00:00,gcp,2026-08-11T07:00:00Z,me-central2,8EFD-B595-F660,a2-highgpu-8g,A100,8,on_demand,USD,47.01933,Machine Per Hour,5.877416,machine_inclusive,accelerator $4.6943/GPU-hr plus 96 vCPU and 680 GB RAM
2026-08-11T12:08:03+00:00,gcp,2026-08-11T07:00:00Z,me-central2,8EFD-B595-F660,a2-megagpu-16g,A100,16,on_demand,USD,89.18321,Machine Per Hour,5.573951,machine_inclusive,accelerator $4.6943/GPU-hr plus 96 vCPU and 1360 GB RAM
2026-08-11T12:08:03+00:00,gcp,2026-08-11T07:00:00Z,asia-south2,8F10-D91A-0C53,1/8 vGPU,,,3_year,USD,0.37002,GPU Per Hour,,,accelerator not in the lookup table -- add it to gcp.py
2026-08-11T12:08:03+00:00,gcp,2026-08-11T07:00:00Z,northamerica-northeast2,8F30-9107-1E22,a2-ultragpu-1g,A100,1,spot,USD,1.59226,GPU Per Hour,1.59226,machine_inclusive,accelerator $1.4833/GPU-hr plus 12 vCPU and 170 GB RAM
2026-08-11T12:08:03+00:00,gcp,2026-08-11T07:00:00Z,northamerica-northeast2,8F30-9107-1E22,a2-ultragpu-2g,A100,2,spot,USD,3.18452,Machine Per Hour,1.59226,machine_inclusive,accelerator $1.4833/GPU-hr plus 24 vCPU and 340 GB RAM
2026-08-11T12:08:03+00:00,gcp,2026-08-11T07:00:00Z,northamerica-northeast2,8F30-9107-1E22,a2-ultragpu-4g,A100,4,spot,USD,6.36904,Machine Per Hour,1.59226,machine_inclusive,accelerator $1.4833/GPU-hr plus 48 vCPU and 680 GB RAM
2026-08-11T12:08:03+00:00,gcp,2026-08-11T07:00:00Z,northamerica-northeast2,8F30-9107-1E22,a2-ultragpu-8g,A100,8,spot,USD,12.73808,Machine Per Hour,1.59226,machine_inclusive,accelerator $1.4833/GPU-hr plus 96 vCPU and 1360 GB RAM
2026-08-11T12:08:03+00:00,gcp,2026-08-11T07:00:00Z,africa-south1,8F3A-CF4F-ACB7,g2-standard-4,L4,1,1_year,USD,0.582458,GPU Per Hour,0.582458,machine_inclusive,accelerator $0.4615/GPU-hr plus 4 vCPU and 16 GB RAM
2026-08-11T12:08:03+00:00,gcp,2026-08-11T07:00:00Z,africa-south1,8F3A-CF4F-ACB7,g2-standard-8,L4,1,1_year,USD,0.703421,GPU Per Hour,0.703421,machine_inclusive,accelerator $0.4615/GPU-hr plus 8 vCPU and 32 GB RAM
2026-08-11T12:08:03+00:00,gcp,2026-08-11T07:00:00Z,africa-south1,8F3A-CF4F-ACB7,g2-standard-12,L4,1,1_year,USD,0.824383,GPU Per Hour,0.824383,machine_inclusive,accelerator $0.4615/GPU-hr plus 12 vCPU and 48 GB RAM
2026-08-11T12:08:03+00:00,gcp,2026-08-11T07:00:00Z,africa-south1,8F3A-CF4F-ACB7,g2-standard-16,L4,1,1_year,USD,0.945346,GPU Per Hour,0.945346,machine_inclusive,accelerator $0.4615/GPU-hr plus 16 vCPU and 64 GB RAM
2026-08-11T12:08:03+00:00,gcp,2026-08-11T07:00:00Z,africa-south1,8F3A-CF4F-ACB7,g2-standard-24,L4,2,1_year,USD,1.648766,Machine Per Hour,0.824383,machine_inclusive,accelerator $0.4615/GPU-hr plus 24 vCPU and 96 GB RAM
2026-08-11T12:08:03+00:00,gcp,2026-08-11T07:00:00Z,africa-south1,8F3A-CF4F-ACB7,g2-standard-32,L4,1,1_year,USD,1.429196,GPU Per Hour,1.429196,machine_inclusive,accelerator $0.4615/GPU-hr plus 32 vCPU and 128 GB RAM
2026-08-11T12:08:03+00:00,gcp,2026-08-11T07:00:00Z,africa-south1,8F3A-CF4F-ACB7,g2-standard-48,L4,4,1_year,USD,3.297533,Machine Per Hour,0.824383,machine_inclusive,accelerator $0.4615/GPU-hr plus 48 vCPU and 192 GB RAM
2026-08-11T12:08:03+00:00,gcp,2026-08-11T07:00:00Z,africa-south1,8F3A-CF4F-ACB7,g2-standard-96,L4,8,1_year,USD,6.595065,Machine Per Hour,0.824383,machine_inclusive,accelerator $0.4615/GPU-hr plus 96 vCPU and 384 GB RAM
2026-08-11T12:08:03+00:00,gcp,2026-08-11T07:00:00Z,asia-southeast1,8F62-066D-8328,A4 Nvidia B200 (1 gpu slice),B200,1,spot,USD,4.9021,GPU Per Hour,4.9021,machine_inclusive,Google publishes no separate A4 vCPU/RAM SKUs -- the per-slice price already covers the whole machine
2026-08-11T12:08:03+00:00,gcp,2026-08-11T07:00:00Z,asia-southeast2,8F6E-BFF6-4F97,a2-highgpu-1g,A100,1,3_year,USD,1.537287,GPU Per Hour,1.537287,machine_inclusive,accelerator $1.1893/GPU-hr plus 12 vCPU and 85 GB RAM
2026-08-11T12:08:03+00:00,gcp,2026-08-11T07:00:00Z,asia-southeast2,8F6E-BFF6-4F97,a2-highgpu-2g,A100,2,3_year,USD,3.074573,Machine Per Hour,1.537287,machine_inclusive,accelerator $1.1893/GPU-hr plus 24 vCPU and 170 GB RAM
2026-08-11T12:08:03+00:00,gcp,2026-08-11T07:00:00Z,asia-southeast2,8F6E-BFF6-4F97,a2-highgpu-4g,A100,4,3_year,USD,6.149147,Machine Per Hour,1.537287,machine_inclusive,accelerator $1.1893/GPU-hr plus 48 vCPU and 340 GB RAM
2026-08-11T12:08:03+00:00,gcp,2026-08-11T07:00:00Z,asia-southeast2,8F6E-BFF6-4F97,a2-highgpu-8g,A100,8,3_year,USD,12.298293,Machine Per Hour,1.537287,machine_inclusive,accelerator $1.1893/GPU-hr plus 96 vCPU and 680 GB RAM
2026-08-11T12:08:03+00:00,gcp,2026-08-11T07:00:00Z,asia-southeast2,8F6E-BFF6-4F97,a2-megagpu-16g,A100,16,3_year,USD,23.16828,Machine Per Hour,1.448018,machine_inclusive,accelerator $1.1893/GPU-hr plus 96 vCPU and 1360 GB RAM
2026-08-11T12:08:03+00:00,gcp,2026-08-11T07:00:00Z,us-west4,8F7D-FD66-412A,Nvidia Tesla P100 GPU,P100,1,on_demand,USD,1.46,GPU Per Hour,1.46,accelerator_only,"bare accelerator price; Google bills vCPU and RAM separately, so this is NOT comparable to Oracle or Azure"
2026-08-11T12:08:03+00:00,gcp,2026-08-11T07:00:00Z,us-east5,8FDF-06F3-45C4,a2-highgpu-1g,A100,1,spot,USD,1.610865,GPU Per Hour,1.610865,machine_inclusive,accelerator $1.2867/GPU-hr plus 12 vCPU and 85 GB RAM
2026-08-11T12:08:03+00:00,gcp,2026-08-11T07:00:00Z,us-east5,8FDF-06F3-45C4,a2-highgpu-2g,A100,2,spot,USD,3.22173,Machine Per Hour,1.610865,machine_inclusive,accelerator $1.2867/GPU-hr plus 24 vCPU and 170 GB RAM
2026-08-11T12:08:03+00:00,gcp,2026-08-11T07:00:00Z,us-east5,8FDF-06F3-45C4,a2-highgpu-4g,A100,4,spot,USD,6.44346,Machine Per Hour,1.610865,machine_inclusive,accelerator $1.2867/GPU-hr plus 48 vCPU and 340 GB RAM
2026-08-11T12:08:03+00:00,gcp,2026-08-11T07:00:00Z,us-east5,8FDF-06F3-45C4,a2-highgpu-8g,A100,8,spot,USD,12.88692,Machine Per Hour,1.610865,machine_inclusive,accelerator $1.2867/GPU-hr plus 96 vCPU and 680 GB RAM
2026-08-11T12:08:03+00:00,gcp,2026-08-11T07:00:00Z,us-east5,8FDF-06F3-45C4,a2-megagpu-16g,A100,16,spot,USD,24.44328,Machine Per Hour,1.527705,machine_inclusive,accelerator $1.2867/GPU-hr plus 96 vCPU and 1360 GB RAM
2026-08-11T12:08:03+00:00,gcp,2026-08-11T07:00:00Z,asia-northeast1,902C-9CE1-BE44,a3-megagpu-8g,H100 Mega,8,3_year,USD,51.822879,Machine Per Hour,6.47786,machine_inclusive,accelerator $5.7776/GPU-hr plus 208 vCPU and 1872 GB RAM
2026-08-11T12:08:03+00:00,gcp,2026-08-11T07:00:00Z,asia-southeast2,905B-B36A-02A4,RTX 6000 96GB,RTX PRO 6000,1,3_year,USD,0.648266,GPU Per Hour,0.648266,accelerator_only,"bare accelerator price; Google bills vCPU and RAM separately, so this is NOT comparable to Oracle or Azure"
2026-08-11T12:08:03+00:00,gcp,2026-08-11T07:00:00Z,us-west4,90BE-6CFC-9DDB,a3-megagpu-8g,H100 Mega,8,3_year,USD,45.450954,Machine Per Hour,5.681369,machine_inclusive,accelerator $5.0672/GPU-hr plus 208 vCPU and 1872 GB RAM
2026-08-11T12:08:03+00:00,gcp,2026-08-11T07:00:00Z,australia-southeast2,90D4-B185-015E,Nvidia Tesla T4 GPU,T4,1,1_year,USD,0.3124,GPU Per Hour,0.3124,accelerator_only,"bare accelerator price; Google bills vCPU and RAM separately, so this is NOT comparable to Oracle or Azure"
2026-08-11T12:08:03+00:00,gcp,2026-08-11T07:00:00Z,us-central1,911D-8CB1-DE70,RTX 6000 96GB,RTX PRO 6000,1,1_year,USD,0.756,GPU Per Hour,0.756,accelerator_only,"bare accelerator price; Google bills vCPU and RAM separately, so this is NOT comparable to Oracle or Azure"
2026-08-11T12:08:03+00:00,gcp,2026-08-11T07:00:00Z,europe-west9,9157-B060-7301,a2-highgpu-1g,A100,1,on_demand,USD,4.261126,GPU Per Hour,4.261126,machine_inclusive,accelerator $3.4033/GPU-hr plus 12 vCPU and 85 GB RAM
2026-08-11T12:08:03+00:00,gcp,2026-08-11T07:00:00Z,europe-west9,9157-B060-7301,a2-highgpu-2g,A100,2,on_demand,USD,8.522253,Machine Per Hour,4.261126,machine_inclusive,accelerator $3.4033/GPU-hr plus 24 vCPU and 170 GB RAM
2026-08-11T12:08:03+00:00,gcp,2026-08-11T07:00:00Z,europe-west9,9157-B060-7301,a2-highgpu-4g,A100,4,on_demand,USD,17.044505,Machine Per Hour,4.261126,machine_inclusive,accelerator $3.4033/GPU-hr plus 48 vCPU and 340 GB RAM
2026-08-11T12:08:03+00:00,gcp,2026-08-11T07:00:00Z,europe-west9,9157-B060-7301,a2-highgpu-8g,A100,8,on_demand,USD,34.089011,Machine Per Hour,4.261126,machine_inclusive,accelerator $3.4033/GPU-hr plus 96 vCPU and 680 GB RAM
2026-08-11T12:08:03+00:00,gcp,2026-08-11T07:00:00Z,europe-west9,9157-B060-7301,a2-megagpu-16g,A100,16,on_demand,USD,64.65782,Machine Per Hour,4.041114,machine_inclusive,accelerator $3.4033/GPU-hr plus 96 vCPU and 1360 GB RAM
2026-08-11T12:08:03+00:00,gcp,2026-08-11T07:00:00Z,asia-northeast3,9167-8D0A-9ECE,Nvidia Tesla P4 GPU,P4,1,3_year,USD,0.292,GPU Per Hour,0.292,accelerator_only,"bare accelerator price; Google bills vCPU and RAM separately, so this is NOT comparable to Oracle or Azure"
2026-08-11T12:08:03+00:00,gcp,2026-08-11T07:00:00Z,europe-west10,91C9-9DD9-4757,Nvidia Tesla P4 GPU,P4,1,3_year,USD,0.4158,GPU Per Hour,0.4158,accelerator_only,"bare accelerator price; Google bills vCPU and RAM separately, so this is NOT comparable to Oracle or Azure"
2026-08-11T12:08:03+00:00,gcp,2026-08-11T07:00:00Z,us-east5,91E2-1658-C0AA,g2-standard-4,L4,1,1_year,USD,0.501546,GPU Per Hour,0.501546,machine_inclusive,accelerator $0.3974/GPU-hr plus 4 vCPU and 16 GB RAM
2026-08-11T12:08:03+00:00,gcp,2026-08-11T07:00:00Z,us-east5,91E2-1658-C0AA,g2-standard-8,L4,1,1_year,USD,0.605705,GPU Per Hour,0.605705,machine_inclusive,accelerator $0.3974/GPU-hr plus 8 vCPU and 32 GB RAM
2026-08-11T12:08:03+00:00,gcp,2026-08-11T07:00:00Z,us-east5,91E2-1658-C0AA,g2-standard-12,L4,1,1_year,USD,0.709864,GPU Per Hour,0.709864,machine_inclusive,accelerator $0.3974/GPU-hr plus 12 vCPU and 48 GB RAM
2026-08-11T12:08:03+00:00,gcp,2026-08-11T07:00:00Z,us-east5,91E2-1658-C0AA,g2-standard-16,L4,1,1_year,USD,0.814023,GPU Per Hour,0.814023,machine_inclusive,accelerator $0.3974/GPU-hr plus 16 vCPU and 64 GB RAM
2026-08-11T12:08:03+00:00,gcp,2026-08-11T07:00:00Z,us-east5,91E2-1658-C0AA,g2-standard-24,L4,2,1_year,USD,1.419729,Machine Per Hour,0.709864,machine_inclusive,accelerator $0.3974/GPU-hr plus 24 vCPU and 96 GB RAM
2026-08-11T12:08:03+00:00,gcp,2026-08-11T07:00:00Z,us-east5,91E2-1658-C0AA,g2-standard-32,L4,1,1_year,USD,1.23066,GPU Per Hour,1.23066,machine_inclusive,accelerator $0.3974/GPU-hr plus 32 vCPU and 128 GB RAM
2026-08-11T12:08:03+00:00,gcp,2026-08-11T07:00:00Z,us-east5,91E2-1658-C0AA,g2-standard-48,L4,4,1_year,USD,2.839458,Machine Per Hour,0.709864,machine_inclusive,accelerator $0.3974/GPU-hr plus 48 vCPU and 192 GB RAM
2026-08-11T12:08:03+00:00,gcp,2026-08-11T07:00:00Z,us-east5,91E2-1658-C0AA,g2-standard-96,L4,8,1_year,USD,5.678915,Machine Per Hour,0.709864,machine_inclusive,accelerator $0.3974/GPU-hr plus 96 vCPU and 384 GB RAM
2026-08-11T12:08:03+00:00,gcp,2026-08-11T07:00:00Z,europe-west10,91FE-F0C1-C428,a2-highgpu-1g,A100,1,1_year,USD,3.563879,GPU Per Hour,3.563879,machine_inclusive,accelerator $2.8465/GPU-hr plus 12 vCPU and 85 GB RAM
2026-08-11T12:08:03+00:00,gcp,2026-08-11T07:00:00Z,europe-west10,91FE-F0C1-C428,a2-highgpu-2g,A100,2,1_year,USD,7.127759,Machine Per Hour,3.563879,machine_inclusive,accelerator $2.8465/GPU-hr plus 24 vCPU and 170 GB RAM
2026-08-11T12:08:03+00:00,gcp,2026-08-11T07:00:00Z,europe-west10,91FE-F0C1-C428,a2-highgpu-4g,A100,4,1_year,USD,14.255517,Machine Per Hour,3.563879,machine_inclusive,accelerator $2.8465/GPU-hr plus 48 vCPU and 340 GB RAM
2026-08-11T12:08:03+00:00,gcp,2026-08-11T07:00:00Z,europe-west10,91FE-F0C1-C428,a2-highgpu-8g,A100,8,1_year,USD,28.511034,Machine Per Hour,3.563879,machine_inclusive,accelerator $2.8465/GPU-hr plus 96 vCPU and 680 GB RAM
2026-08-11T12:08:03+00:00,gcp,2026-08-11T07:00:00Z,europe-west10,91FE-F0C1-C428,a2-megagpu-16g,A100,16,1_year,USD,54.077835,Machine Per Hour,3.379865,machine_inclusive,accelerator $2.8465/GPU-hr plus 96 vCPU and 1360 GB RAM
2026-08-11T12:08:03+00:00,gcp,2026-08-11T07:00:00Z,us-south1,91FF-017A-8355,RTX 6000 96GB,RTX PRO 6000,1,3_year,USD,0.48209,GPU Per Hour,0.48209,accelerator_only,"bare accelerator price; Google bills vCPU and RAM separately, so this is NOT comparable to Oracle or Azure"
2026-08-11T12:08:03+00:00,gcp,2026-08-11T07:00:00Z,us-west4,925B-19D0-9A0B,Nvidia Tesla P4 GPU,P4,1,spot,USD,0.0647,GPU Per Hour,0.0647,accelerator_only,"bare accelerator price; Google bills vCPU and RAM separately, so this is NOT comparable to Oracle or Azure"
2026-08-11T12:08:03+00:00,gcp,2026-08-11T07:00:00Z,northamerica-northeast2,9269-1861-FD0F,A4 Nvidia B200 (1 gpu slice),B200,1,spot,USD,2.2084,GPU Per Hour,2.2084,machine_inclusive,Google publishes no separate A4 vCPU/RAM SKUs -- the per-slice price already covers the whole machine
2026-08-11T12:08:03+00:00,gcp,2026-08-11T07:00:00Z,us-east5,926D-3D71-A635,1/8 vGPU,,,3_year,USD,0.31309,GPU Per Hour,,,accelerator not in the lookup table -- add it to gcp.py
2026-08-11T12:08:03+00:00,gcp,2026-08-11T07:00:00Z,us-west8,9270-027C-5820,a3-highgpu-8g,H100,8,spot,USD,22.385152,Machine Per Hour,2.798144,machine_inclusive,accelerator $2.4967/GPU-hr plus 208 vCPU and 1872 GB RAM
2026-08-11T12:08:03+00:00,gcp,2026-08-11T07:00:00Z,us-west3,9295-4868-A258,Nvidia Tesla P100 GPU,P100,1,1_year,USD,1.103,GPU Per Hour,1.103,accelerator_only,"bare accelerator price; Google bills vCPU and RAM separately, so this is NOT comparable to Oracle or Azure"
2026-08-11T12:08:03+00:00,gcp,2026-08-11T07:00:00Z,europe-west8,92C5-50F0-CC1D,g2-standard-4,L4,1,3_year,USD,0.368966,GPU Per Hour,0.368966,machine_inclusive,accelerator $0.2923/GPU-hr plus 4 vCPU and 16 GB RAM
2026-08-11T12:08:03+00:00,gcp,2026-08-11T07:00:00Z,europe-west8,92C5-50F0-CC1D,g2-standard-8,L4,1,3_year,USD,0.445592,GPU Per Hour,0.445592,machine_inclusive,accelerator $0.2923/GPU-hr plus 8 vCPU and 32 GB RAM
2026-08-11T12:08:03+00:00,gcp,2026-08-11T07:00:00Z,europe-west8,92C5-50F0-CC1D,g2-standard-12,L4,1,3_year,USD,0.522217,GPU Per Hour,0.522217,machine_inclusive,accelerator $0.2923/GPU-hr plus 12 vCPU and 48 GB RAM
2026-08-11T12:08:03+00:00,gcp,2026-08-11T07:00:00Z,europe-west8,92C5-50F0-CC1D,g2-standard-16,L4,1,3_year,USD,0.598843,GPU Per Hour,0.598843,machine_inclusive,accelerator $0.2923/GPU-hr plus 16 vCPU and 64 GB RAM
2026-08-11T12:08:03+00:00,gcp,2026-08-11T07:00:00Z,europe-west8,92C5-50F0-CC1D,g2-standard-24,L4,2,3_year,USD,1.044435,Machine Per Hour,0.522217,machine_inclusive,accelerator $0.2923/GPU-hr plus 24 vCPU and 96 GB RAM
2026-08-11T12:08:03+00:00,gcp,2026-08-11T07:00:00Z,europe-west8,92C5-50F0-CC1D,g2-standard-32,L4,1,3_year,USD,0.905345,GPU Per Hour,0.905345,machine_inclusive,accelerator $0.2923/GPU-hr plus 32 vCPU and 128 GB RAM
2026-08-11T12:08:03+00:00,gcp,2026-08-11T07:00:00Z,europe-west8,92C5-50F0-CC1D,g2-standard-48,L4,4,3_year,USD,2.088869,Machine Per Hour,0.522217,machine_inclusive,accelerator $0.2923/GPU-hr plus 48 vCPU and 192 GB RAM
2026-08-11T12:08:03+00:00,gcp,2026-08-11T07:00:00Z,europe-west8,92C5-50F0-CC1D,g2-standard-96,L4,8,3_year,USD,4.177739,Machine Per Hour,0.522217,machine_inclusive,accelerator $0.2923/GPU-hr plus 96 vCPU and 384 GB RAM
2026-08-11T12:08:03+00:00,gcp,2026-08-11T07:00:00Z,us-east1,9315-8D4C-81D3,RTX 6000 96GB,RTX PRO 6000,1,spot,USD,0.4383,GPU Per Hour,0.4383,accelerator_only,"bare accelerator price; Google bills vCPU and RAM separately, so this is NOT comparable to Oracle or Azure"
2026-08-11T12:08:03+00:00,gcp,2026-08-11T07:00:00Z,europe-west4,9353-708C-35DF,a2-ultragpu-1g,A100,1,spot,USD,2.80344,GPU Per Hour,2.80344,machine_inclusive,accelerator $2.1417/GPU-hr plus 12 vCPU and 170 GB RAM
2026-08-11T12:08:03+00:00,gcp,2026-08-11T07:00:00Z,europe-west4,9353-708C-35DF,a2-ultragpu-2g,A100,2,spot,USD,5.60688,Machine Per Hour,2.80344,machine_inclusive,accelerator $2.1417/GPU-hr plus 24 vCPU and 340 GB RAM
2026-08-11T12:08:03+00:00,gcp,2026-08-11T07:00:00Z,europe-west4,9353-708C-35DF,a2-ultragpu-4g,A100,4,spot,USD,11.21376,Machine Per Hour,2.80344,machine_inclusive,accelerator $2.1417/GPU-hr plus 48 vCPU and 680 GB RAM
2026-08-11T12:08:03+00:00,gcp,2026-08-11T07:00:00Z,europe-west4,9353-708C-35DF,a2-ultragpu-8g,A100,8,spot,USD,22.42752,Machine Per Hour,2.80344,machine_inclusive,accelerator $2.1417/GPU-hr plus 96 vCPU and 1360 GB RAM
2026-08-11T12:08:03+00:00,gcp,2026-08-11T07:00:00Z,europe-west8,93CC-E9B9-923D,Nvidia Tesla P4 GPU,P4,1,1_year,USD,0.43848,GPU Per Hour,0.43848,accelerator_only,"bare accelerator price; Google bills vCPU and RAM separately, so this is NOT comparable to Oracle or Azure"
2026-08-11T12:08:03+00:00,gcp,2026-08-11T07:00:00Z,asia-east2,93FB-EEBA-4DBC,a2-highgpu-1g,A100,1,1_year,USD,3.004255,GPU Per Hour,3.004255,machine_inclusive,accelerator $2.3525/GPU-hr plus 12 vCPU and 85 GB RAM
2026-08-11T12:08:03+00:00,gcp,2026-08-11T07:00:00Z,asia-east2,93FB-EEBA-4DBC,a2-highgpu-2g,A100,2,1_year,USD,6.00851,Machine Per Hour,3.004255,machine_inclusive,accelerator $2.3525/GPU-hr plus 24 vCPU and 170 GB RAM
2026-08-11T12:08:03+00:00,gcp,2026-08-11T07:00:00Z,asia-east2,93FB-EEBA-4DBC,a2-highgpu-4g,A100,4,1_year,USD,12.01702,Machine Per Hour,3.004255,machine_inclusive,accelerator $2.3525/GPU-hr plus 48 vCPU and 340 GB RAM
2026-08-11T12:08:03+00:00,gcp,2026-08-11T07:00:00Z,asia-east2,93FB-EEBA-4DBC,a2-highgpu-8g,A100,8,1_year,USD,24.03404,Machine Per Hour,3.004255,machine_inclusive,accelerator $2.3525/GPU-hr plus 96 vCPU and 680 GB RAM
2026-08-11T12:08:03+00:00,gcp,2026-08-11T07:00:00Z,asia-east2,93FB-EEBA-4DBC,a2-megagpu-16g,A100,16,1_year,USD,45.392983,Machine Per Hour,2.837061,machine_inclusive,accelerator $2.3525/GPU-hr plus 96 vCPU and 1360 GB RAM
2026-08-11T12:08:03+00:00,gcp,2026-08-11T07:00:00Z,us-south1,9426-F3CF-9339,1/8 vGPU,,,3_year,USD,0.28463,GPU Per Hour,,,accelerator not in the lookup table -- add it to gcp.py
2026-08-11T12:08:03+00:00,gcp,2026-08-11T07:00:00Z,asia-northeast1,9460-9B66-B1A8,A4 Nvidia B200 (1 gpu slice),B200,1,1_year,USD,13.33908,GPU Per Hour,13.33908,machine_inclusive,Google publishes no separate A4 vCPU/RAM SKUs -- the per-slice price already covers the whole machine
2026-08-11T12:08:03+00:00,gcp,2026-08-11T07:00:00Z,northamerica-northeast1,949F-C94A-202B,Nvidia Tesla T4 GPU,T4,1,1_year,USD,0.23,GPU Per Hour,0.23,accelerator_only,"bare accelerator price; Google bills vCPU and RAM separately, so this is NOT comparable to Oracle or Azure"
2026-08-11T12:08:03+00:00,gcp,2026-08-11T07:00:00Z,us-east5,94CE-F36A-86A7,a2-ultragpu-1g,A100,1,1_year,USD,4.613462,GPU Per Hour,4.613462,machine_inclusive,accelerator $3.9208/GPU-hr plus 12 vCPU and 170 GB RAM
2026-08-11T12:08:03+00:00,gcp,2026-08-11T07:00:00Z,us-east5,94CE-F36A-86A7,a2-ultragpu-2g,A100,2,1_year,USD,9.226924,Machine Per Hour,4.613462,machine_inclusive,accelerator $3.9208/GPU-hr plus 24 vCPU and 340 GB RAM
2026-08-11T12:08:03+00:00,gcp,2026-08-11T07:00:00Z,us-east5,94CE-F36A-86A7,a2-ultragpu-4g,A100,4,1_year,USD,18.453848,Machine Per Hour,4.613462,machine_inclusive,accelerator $3.9208/GPU-hr plus 48 vCPU and 680 GB RAM
2026-08-11T12:08:03+00:00,gcp,2026-08-11T07:00:00Z,us-east5,94CE-F36A-86A7,a2-ultragpu-8g,A100,8,1_year,USD,36.907696,Machine Per Hour,4.613462,machine_inclusive,accelerator $3.9208/GPU-hr plus 96 vCPU and 1360 GB RAM
2026-08-11T12:08:03+00:00,gcp,2026-08-11T07:00:00Z,northamerica-northeast1,953A-B19C-D7EB,a2-ultragpu-1g,A100,1,on_demand,USD,5.535713,GPU Per Hour,5.535713,machine_inclusive,accelerator $4.3252/GPU-hr plus 12 vCPU and 170 GB RAM
2026-08-11T12:08:03+00:00,gcp,2026-08-11T07:00:00Z,northamerica-northeast1,953A-B19C-D7EB,a2-ultragpu-2g,A100,2,on_demand,USD,11.071426,Machine Per Hour,5.535713,machine_inclusive,accelerator $4.3252/GPU-hr plus 24 vCPU and 340 GB RAM
2026-08-11T12:08:03+00:00,gcp,2026-08-11T07:00:00Z,northamerica-northeast1,953A-B19C-D7EB,a2-ultragpu-4g,A100,4,on_demand,USD,22.142852,Machine Per Hour,5.535713,machine_inclusive,accelerator $4.3252/GPU-hr plus 48 vCPU and 680 GB RAM
2026-08-11T12:08:03+00:00,gcp,2026-08-11T07:00:00Z,northamerica-northeast1,953A-B19C-D7EB,a2-ultragpu-8g,A100,8,on_demand,USD,44.285704,Machine Per Hour,5.535713,machine_inclusive,accelerator $4.3252/GPU-hr plus 96 vCPU and 1360 GB RAM
2026-08-11T12:08:03+00:00,gcp,2026-08-11T07:00:00Z,europe-west10,9593-A4DD-F763,g2-standard-4,L4,1,on_demand,USD,1.035466,GPU Per Hour,1.035466,machine_inclusive,accelerator $0.8625/GPU-hr plus 4 vCPU and 16 GB RAM
2026-08-11T12:08:03+00:00,gcp,2026-08-11T07:00:00Z,europe-west10,9593-A4DD-F763,g2-standard-8,L4,1,on_demand,USD,1.208469,GPU Per Hour,1.208469,machine_inclusive,accelerator $0.8625/GPU-hr plus 8 vCPU and 32 GB RAM
2026-08-11T12:08:03+00:00,gcp,2026-08-11T07:00:00Z,europe-west10,9593-A4DD-F763,g2-standard-12,L4,1,on_demand,USD,1.381473,GPU Per Hour,1.381473,machine_inclusive,accelerator $0.8625/GPU-hr plus 12 vCPU and 48 GB RAM
2026-08-11T12:08:03+00:00,gcp,2026-08-11T07:00:00Z,europe-west10,9593-A4DD-F763,g2-standard-16,L4,1,on_demand,USD,1.554476,GPU Per Hour,1.554476,machine_inclusive,accelerator $0.8625/GPU-hr plus 16 vCPU and 64 GB RAM
2026-08-11T12:08:03+00:00,gcp,2026-08-11T07:00:00Z,europe-west10,9593-A4DD-F763,g2-standard-24,L4,2,on_demand,USD,2.762945,Machine Per Hour,1.381473,machine_inclusive,accelerator $0.8625/GPU-hr plus 24 vCPU and 96 GB RAM
2026-08-11T12:08:03+00:00,gcp,2026-08-11T07:00:00Z,europe-west10,9593-A4DD-F763,g2-standard-32,L4,1,on_demand,USD,2.24649,GPU Per Hour,2.24649,machine_inclusive,accelerator $0.8625/GPU-hr plus 32 vCPU and 128 GB RAM
2026-08-11T12:08:03+00:00,gcp,2026-08-11T07:00:00Z,europe-west10,9593-A4DD-F763,g2-standard-48,L4,4,on_demand,USD,5.52589,Machine Per Hour,1.381473,machine_inclusive,accelerator $0.8625/GPU-hr plus 48 vCPU and 192 GB RAM
2026-08-11T12:08:03+00:00,gcp,2026-08-11T07:00:00Z,europe-west10,9593-A4DD-F763,g2-standard-96,L4,8,on_demand,USD,11.05178,Machine Per Hour,1.381473,machine_inclusive,accelerator $0.8625/GPU-hr plus 96 vCPU and 384 GB RAM
2026-08-11T12:08:03+00:00,gcp,2026-08-11T07:00:00Z,us-central1,9599-1CA6-5843,Nvidia Tesla P100 GPU,P100,1,1_year,USD,0.919,GPU Per Hour,0.919,accelerator_only,"bare accelerator price; Google bills vCPU and RAM separately, so this is NOT comparable to Oracle or Azure"
2026-08-11T12:08:03+00:00,gcp,2026-08-11T07:00:00Z,us-east1,9599-1CA6-5843,Nvidia Tesla P100 GPU,P100,1,1_year,USD,0.919,GPU Per Hour,0.919,accelerator_only,"bare accelerator price; Google bills vCPU and RAM separately, so this is NOT comparable to Oracle or Azure"
2026-08-11T12:08:03+00:00,gcp,2026-08-11T07:00:00Z,us-west1,9599-1CA6-5843,Nvidia Tesla P100 GPU,P100,1,1_year,USD,0.919,GPU Per Hour,0.919,accelerator_only,"bare accelerator price; Google bills vCPU and RAM separately, so this is NOT comparable to Oracle or Azure"
2026-08-11T12:08:03+00:00,gcp,2026-08-11T07:00:00Z,northamerica-northeast1,95AF-E49E-E3AB,a3-highgpu-8g,H100,8,on_demand,USD,96.712312,Machine Per Hour,12.089039,machine_inclusive,accelerator $10.7870/GPU-hr plus 208 vCPU and 1872 GB RAM
2026-08-11T12:08:03+00:00,gcp,2026-08-11T07:00:00Z,asia-southeast2,960D-FFFB-9288,g2-standard-4,L4,1,3_year,USD,0.427715,GPU Per Hour,0.427715,machine_inclusive,accelerator $0.3389/GPU-hr plus 4 vCPU and 16 GB RAM
2026-08-11T12:08:03+00:00,gcp,2026-08-11T07:00:00Z,asia-southeast2,960D-FFFB-9288,g2-standard-8,L4,1,3_year,USD,0.516541,GPU Per Hour,0.516541,machine_inclusive,accelerator $0.3389/GPU-hr plus 8 vCPU and 32 GB RAM
2026-08-11T12:08:03+00:00,gcp,2026-08-11T07:00:00Z,asia-southeast2,960D-FFFB-9288,g2-standard-12,L4,1,3_year,USD,0.605367,GPU Per Hour,0.605367,machine_inclusive,accelerator $0.3389/GPU-hr plus 12 vCPU and 48 GB RAM
2026-08-11T12:08:03+00:00,gcp,2026-08-11T07:00:00Z,asia-southeast2,960D-FFFB-9288,g2-standard-16,L4,1,3_year,USD,0.694193,GPU Per Hour,0.694193,machine_inclusive,accelerator $0.3389/GPU-hr plus 16 vCPU and 64 GB RAM
2026-08-11T12:08:03+00:00,gcp,2026-08-11T07:00:00Z,asia-southeast2,960D-FFFB-9288,g2-standard-24,L4,2,3_year,USD,1.210734,Machine Per Hour,0.605367,machine_inclusive,accelerator $0.3389/GPU-hr plus 24 vCPU and 96 GB RAM
2026-08-11T12:08:03+00:00,gcp,2026-08-11T07:00:00Z,asia-southeast2,960D-FFFB-9288,g2-standard-32,L4,1,3_year,USD,1.049497,GPU Per Hour,1.049497,machine_inclusive,accelerator $0.3389/GPU-hr plus 32 vCPU and 128 GB RAM
2026-08-11T12:08:03+00:00,gcp,2026-08-11T07:00:00Z,asia-southeast2,960D-FFFB-9288,g2-standard-48,L4,4,3_year,USD,2.421467,Machine Per Hour,0.605367,machine_inclusive,accelerator $0.3389/GPU-hr plus 48 vCPU and 192 GB RAM
2026-08-11T12:08:03+00:00,gcp,2026-08-11T07:00:00Z,asia-southeast2,960D-FFFB-9288,g2-standard-96,L4,8,3_year,USD,4.842935,Machine Per Hour,0.605367,machine_inclusive,accelerator $0.3389/GPU-hr plus 96 vCPU and 384 GB RAM
2026-08-11T12:08:03+00:00,gcp,2026-08-11T07:00:00Z,europe-west2,961C-53C1-384C,a3-highgpu-8g,H100,8,on_demand,USD,100.12903,Machine Per Hour,12.516129,machine_inclusive,accelerator $11.1681/GPU-hr plus 208 vCPU and 1872 GB RAM
2026-08-11T12:08:03+00:00,gcp,2026-08-11T07:00:00Z,australia-southeast2,9667-E437-97EF,Nvidia Tesla V100 GPU,V100,1,1_year,USD,2.21804,GPU Per Hour,2.21804,accelerator_only,"bare accelerator price; Google bills vCPU and RAM separately, so this is NOT comparable to Oracle or Azure"
2026-08-11T12:08:03+00:00,gcp,2026-08-11T07:00:00Z,asia-northeast3,96AF-FCD3-8C56,a2-highgpu-1g,A100,1,3_year,USD,1.422898,GPU Per Hour,1.422898,machine_inclusive,accelerator $1.0911/GPU-hr plus 12 vCPU and 85 GB RAM
2026-08-11T12:08:03+00:00,gcp,2026-08-11T07:00:00Z,asia-northeast3,96AF-FCD3-8C56,a2-highgpu-2g,A100,2,3_year,USD,2.845796,Machine Per Hour,1.422898,machine_inclusive,accelerator $1.0911/GPU-hr plus 24 vCPU and 170 GB RAM
2026-08-11T12:08:03+00:00,gcp,2026-08-11T07:00:00Z,asia-northeast3,96AF-FCD3-8C56,a2-highgpu-4g,A100,4,3_year,USD,5.691591,Machine Per Hour,1.422898,machine_inclusive,accelerator $1.0911/GPU-hr plus 48 vCPU and 340 GB RAM
2026-08-11T12:08:03+00:00,gcp,2026-08-11T07:00:00Z,asia-northeast3,96AF-FCD3-8C56,a2-highgpu-8g,A100,8,3_year,USD,11.383182,Machine Per Hour,1.422898,machine_inclusive,accelerator $1.0911/GPU-hr plus 96 vCPU and 680 GB RAM
2026-08-11T12:08:03+00:00,gcp,2026-08-11T07:00:00Z,asia-northeast3,96AF-FCD3-8C56,a2-megagpu-16g,A100,16,3_year,USD,21.401592,Machine Per Hour,1.3376,machine_inclusive,accelerator $1.0911/GPU-hr plus 96 vCPU and 1360 GB RAM
2026-08-11T12:08:03+00:00,gcp,2026-08-11T07:00:00Z,europe-west12,96D8-1F57-EC35,a3-highgpu-8g,H100,8,1_year,USD,78.650561,Machine Per Hour,9.83132,machine_inclusive,accelerator $8.7705/GPU-hr plus 208 vCPU and 1872 GB RAM
2026-08-11T12:08:03+00:00,gcp,2026-08-11T07:00:00Z,us-east4,9729-5F05-D31D,g2-standard-4,L4,1,3_year,USD,0.317033,GPU Per Hour,0.317033,machine_inclusive,accelerator $0.2512/GPU-hr plus 4 vCPU and 16 GB RAM
2026-08-11T12:08:03+00:00,gcp,2026-08-11T07:00:00Z,us-east4,9729-5F05-D31D,g2-standard-8,L4,1,3_year,USD,0.382873,GPU Per Hour,0.382873,machine_inclusive,accelerator $0.2512/GPU-hr plus 8 vCPU and 32 GB RAM
2026-08-11T12:08:03+00:00,gcp,2026-08-11T07:00:00Z,us-east4,9729-5F05-D31D,g2-standard-12,L4,1,3_year,USD,0.448713,GPU Per Hour,0.448713,machine_inclusive,accelerator $0.2512/GPU-hr plus 12 vCPU and 48 GB RAM
2026-08-11T12:08:03+00:00,gcp,2026-08-11T07:00:00Z,us-east4,9729-5F05-D31D,g2-standard-16,L4,1,3_year,USD,0.514553,GPU Per Hour,0.514553,machine_inclusive,accelerator $0.2512/GPU-hr plus 16 vCPU and 64 GB RAM
2026-08-11T12:08:03+00:00,gcp,2026-08-11T07:00:00Z,us-east4,9729-5F05-D31D,g2-standard-24,L4,2,3_year,USD,0.897427,Machine Per Hour,0.448713,machine_inclusive,accelerator $0.2512/GPU-hr plus 24 vCPU and 96 GB RAM
2026-08-11T12:08:03+00:00,gcp,2026-08-11T07:00:00Z,us-east4,9729-5F05-D31D,g2-standard-32,L4,1,3_year,USD,0.777914,GPU Per Hour,0.777914,machine_inclusive,accelerator $0.2512/GPU-hr plus 32 vCPU and 128 GB RAM
2026-08-11T12:08:03+00:00,gcp,2026-08-11T07:00:00Z,us-east4,9729-5F05-D31D,g2-standard-48,L4,4,3_year,USD,1.794853,Machine Per Hour,0.448713,machine_inclusive,accelerator $0.2512/GPU-hr plus 48 vCPU and 192 GB RAM
2026-08-11T12:08:03+00:00,gcp,2026-08-11T07:00:00Z,us-east4,9729-5F05-D31D,g2-standard-96,L4,8,3_year,USD,3.589706,Machine Per Hour,0.448713,machine_inclusive,accelerator $0.2512/GPU-hr plus 96 vCPU and 384 GB RAM
2026-08-11T12:08:03+00:00,gcp,2026-08-11T07:00:00Z,me-central1,973D-5D97-05A0,Nvidia Tesla V100 GPU,V100,1,on_demand,USD,3.0132,GPU Per Hour,3.0132,accelerator_only,"bare accelerator price; Google bills vCPU and RAM separately, so this is NOT comparable to Oracle or Azure"
2026-08-11T12:08:03+00:00,gcp,2026-08-11T07:00:00Z,europe-west4,97A5-D1C6-4BCD,g2-standard-4,L4,1,3_year,USD,0.334312,GPU Per Hour,0.334312,machine_inclusive,accelerator $0.2649/GPU-hr plus 4 vCPU and 16 GB RAM
2026-08-11T12:08:03+00:00,gcp,2026-08-11T07:00:00Z,europe-west4,97A5-D1C6-4BCD,g2-standard-8,L4,1,3_year,USD,0.403741,GPU Per Hour,0.403741,machine_inclusive,accelerator $0.2649/GPU-hr plus 8 vCPU and 32 GB RAM
2026-08-11T12:08:03+00:00,gcp,2026-08-11T07:00:00Z,europe-west4,97A5-D1C6-4BCD,g2-standard-12,L4,1,3_year,USD,0.473169,GPU Per Hour,0.473169,machine_inclusive,accelerator $0.2649/GPU-hr plus 12 vCPU and 48 GB RAM
2026-08-11T12:08:03+00:00,gcp,2026-08-11T07:00:00Z,europe-west4,97A5-D1C6-4BCD,g2-standard-16,L4,1,3_year,USD,0.542598,GPU Per Hour,0.542598,machine_inclusive,accelerator $0.2649/GPU-hr plus 16 vCPU and 64 GB RAM
2026-08-11T12:08:03+00:00,gcp,2026-08-11T07:00:00Z,europe-west4,97A5-D1C6-4BCD,g2-standard-24,L4,2,3_year,USD,0.946339,Machine Per Hour,0.473169,machine_inclusive,accelerator $0.2649/GPU-hr plus 24 vCPU and 96 GB RAM
2026-08-11T12:08:03+00:00,gcp,2026-08-11T07:00:00Z,europe-west4,97A5-D1C6-4BCD,g2-standard-32,L4,1,3_year,USD,0.820312,GPU Per Hour,0.820312,machine_inclusive,accelerator $0.2649/GPU-hr plus 32 vCPU and 128 GB RAM
2026-08-11T12:08:03+00:00,gcp,2026-08-11T07:00:00Z,europe-west4,97A5-D1C6-4BCD,g2-standard-48,L4,4,3_year,USD,1.892677,Machine Per Hour,0.473169,machine_inclusive,accelerator $0.2649/GPU-hr plus 48 vCPU and 192 GB RAM
2026-08-11T12:08:03+00:00,gcp,2026-08-11T07:00:00Z,europe-west4,97A5-D1C6-4BCD,g2-standard-96,L4,8,3_year,USD,3.785354,Machine Per Hour,0.473169,machine_inclusive,accelerator $0.2649/GPU-hr plus 96 vCPU and 384 GB RAM
2026-08-11T12:08:03+00:00,gcp,2026-08-11T07:00:00Z,asia-northeast1,97C5-A936-543D,a3-megagpu-8g,H100 Mega,8,1_year,USD,81.92209,Machine Per Hour,10.240261,machine_inclusive,accelerator $9.1353/GPU-hr plus 208 vCPU and 1872 GB RAM
2026-08-11T12:08:03+00:00,gcp,2026-08-11T07:00:00Z,us-west3,981F-36E7-A485,g2-standard-4,L4,1,1_year,USD,0.5353,GPU Per Hour,0.5353,machine_inclusive,accelerator $0.4241/GPU-hr plus 4 vCPU and 16 GB RAM
2026-08-11T12:08:03+00:00,gcp,2026-08-11T07:00:00Z,us-west3,981F-36E7-A485,g2-standard-8,L4,1,1_year,USD,0.646469,GPU Per Hour,0.646469,machine_inclusive,accelerator $0.4241/GPU-hr plus 8 vCPU and 32 GB RAM
2026-08-11T12:08:03+00:00,gcp,2026-08-11T07:00:00Z,us-west3,981F-36E7-A485,g2-standard-12,L4,1,1_year,USD,0.757638,GPU Per Hour,0.757638,machine_inclusive,accelerator $0.4241/GPU-hr plus 12 vCPU and 48 GB RAM
2026-08-11T12:08:03+00:00,gcp,2026-08-11T07:00:00Z,us-west3,981F-36E7-A485,g2-standard-16,L4,1,1_year,USD,0.868807,GPU Per Hour,0.868807,machine_inclusive,accelerator $0.4241/GPU-hr plus 16 vCPU and 64 GB RAM
2026-08-11T12:08:03+00:00,gcp,2026-08-11T07:00:00Z,us-west3,981F-36E7-A485,g2-standard-24,L4,2,1_year,USD,1.515277,Machine Per Hour,0.757638,machine_inclusive,accelerator $0.4241/GPU-hr plus 24 vCPU and 96 GB RAM
2026-08-11T12:08:03+00:00,gcp,2026-08-11T07:00:00Z,us-west3,981F-36E7-A485,g2-standard-32,L4,1,1_year,USD,1.313483,GPU Per Hour,1.313483,machine_inclusive,accelerator $0.4241/GPU-hr plus 32 vCPU and 128 GB RAM
2026-08-11T12:08:03+00:00,gcp,2026-08-11T07:00:00Z,us-west3,981F-36E7-A485,g2-standard-48,L4,4,1_year,USD,3.030553,Machine Per Hour,0.757638,machine_inclusive,accelerator $0.4241/GPU-hr plus 48 vCPU and 192 GB RAM
2026-08-11T12:08:03+00:00,gcp,2026-08-11T07:00:00Z,us-west3,981F-36E7-A485,g2-standard-96,L4,8,1_year,USD,6.061107,Machine Per Hour,0.757638,machine_inclusive,accelerator $0.4241/GPU-hr plus 96 vCPU and 384 GB RAM
2026-08-11T12:08:03+00:00,gcp,2026-08-11T07:00:00Z,europe-west9,9843-CBC7-BB88,Nvidia Tesla T4 GPU,T4,1,3_year,USD,0.1856,GPU Per Hour,0.1856,accelerator_only,"bare accelerator price; Google bills vCPU and RAM separately, so this is NOT comparable to Oracle or Azure"
2026-08-11T12:08:03+00:00,gcp,2026-08-11T07:00:00Z,europe-west4,98B3-EC98-CC60,1/8 vGPU,,,3_year,USD,0.31309,GPU Per Hour,,,accelerator not in the lookup table -- add it to gcp.py
2026-08-11T12:08:03+00:00,gcp,2026-08-11T07:00:00Z,australia-southeast1,9905-DE61-A632,Nvidia Tesla P4 GPU,P4,1,3_year,USD,0.292,GPU Per Hour,0.292,accelerator_only,"bare accelerator price; Google bills vCPU and RAM separately, so this is NOT comparable to Oracle or Azure"
2026-08-11T12:08:03+00:00,gcp,2026-08-11T07:00:00Z,northamerica-northeast2,992B-A4F1-C4FB,g2-standard-4,L4,1,3_year,USD,0.350232,GPU Per Hour,0.350232,machine_inclusive,accelerator $0.2775/GPU-hr plus 4 vCPU and 16 GB RAM
2026-08-11T12:08:03+00:00,gcp,2026-08-11T07:00:00Z,northamerica-northeast2,992B-A4F1-C4FB,g2-standard-8,L4,1,3_year,USD,0.422966,GPU Per Hour,0.422966,machine_inclusive,accelerator $0.2775/GPU-hr plus 8 vCPU and 32 GB RAM
2026-08-11T12:08:03+00:00,gcp,2026-08-11T07:00:00Z,northamerica-northeast2,992B-A4F1-C4FB,g2-standard-12,L4,1,3_year,USD,0.495701,GPU Per Hour,0.495701,machine_inclusive,accelerator $0.2775/GPU-hr plus 12 vCPU and 48 GB RAM
2026-08-11T12:08:03+00:00,gcp,2026-08-11T07:00:00Z,northamerica-northeast2,992B-A4F1-C4FB,g2-standard-16,L4,1,3_year,USD,0.568436,GPU Per Hour,0.568436,machine_inclusive,accelerator $0.2775/GPU-hr plus 16 vCPU and 64 GB RAM
2026-08-11T12:08:03+00:00,gcp,2026-08-11T07:00:00Z,northamerica-northeast2,992B-A4F1-C4FB,g2-standard-24,L4,2,3_year,USD,0.991402,Machine Per Hour,0.495701,machine_inclusive,accelerator $0.2775/GPU-hr plus 24 vCPU and 96 GB RAM
2026-08-11T12:08:03+00:00,gcp,2026-08-11T07:00:00Z,northamerica-northeast2,992B-A4F1-C4FB,g2-standard-32,L4,1,3_year,USD,0.859375,GPU Per Hour,0.859375,machine_inclusive,accelerator $0.2775/GPU-hr plus 32 vCPU and 128 GB RAM
2026-08-11T12:08:03+00:00,gcp,2026-08-11T07:00:00Z,northamerica-northeast2,992B-A4F1-C4FB,g2-standard-48,L4,4,3_year,USD,1.982805,Machine Per Hour,0.495701,machine_inclusive,accelerator $0.2775/GPU-hr plus 48 vCPU and 192 GB RAM
2026-08-11T12:08:03+00:00,gcp,2026-08-11T07:00:00Z,northamerica-northeast2,992B-A4F1-C4FB,g2-standard-96,L4,8,3_year,USD,3.96561,Machine Per Hour,0.495701,machine_inclusive,accelerator $0.2775/GPU-hr plus 96 vCPU and 384 GB RAM
2026-08-11T12:08:03+00:00,gcp,2026-08-11T07:00:00Z,asia-east1,99EA-D877-A8D3,Nvidia Tesla T4 GPU,T4,1,1_year,USD,0.22,GPU Per Hour,0.22,accelerator_only,"bare accelerator price; Google bills vCPU and RAM separately, so this is NOT comparable to Oracle or Azure"
2026-08-11T12:08:03+00:00,gcp,2026-08-11T07:00:00Z,me-central1,99F3-E5D8-3CC5,a2-highgpu-1g,A100,1,on_demand,USD,4.463163,GPU Per Hour,4.463163,machine_inclusive,accelerator $3.5647/GPU-hr plus 12 vCPU and 85 GB RAM
2026-08-11T12:08:03+00:00,gcp,2026-08-11T07:00:00Z,me-central1,99F3-E5D8-3CC5,a2-highgpu-2g,A100,2,on_demand,USD,8.926325,Machine Per Hour,4.463163,machine_inclusive,accelerator $3.5647/GPU-hr plus 24 vCPU and 170 GB RAM
2026-08-11T12:08:03+00:00,gcp,2026-08-11T07:00:00Z,me-central1,99F3-E5D8-3CC5,a2-highgpu-4g,A100,4,on_demand,USD,17.85265,Machine Per Hour,4.463163,machine_inclusive,accelerator $3.5647/GPU-hr plus 48 vCPU and 340 GB RAM
2026-08-11T12:08:03+00:00,gcp,2026-08-11T07:00:00Z,me-central1,99F3-E5D8-3CC5,a2-highgpu-8g,A100,8,on_demand,USD,35.705301,Machine Per Hour,4.463163,machine_inclusive,accelerator $3.5647/GPU-hr plus 96 vCPU and 680 GB RAM
2026-08-11T12:08:03+00:00,gcp,2026-08-11T07:00:00Z,me-central1,99F3-E5D8-3CC5,a2-megagpu-16g,A100,16,on_demand,USD,67.723494,Machine Per Hour,4.232718,machine_inclusive,accelerator $3.5647/GPU-hr plus 96 vCPU and 1360 GB RAM
2026-08-11T12:08:03+00:00,gcp,2026-08-11T07:00:00Z,us-west8,99F9-B72D-30B0,a3-highgpu-8g,H100,8,1_year,USD,60.969432,Machine Per Hour,7.621179,machine_inclusive,accelerator $6.7988/GPU-hr plus 208 vCPU and 1872 GB RAM
2026-08-11T12:08:03+00:00,gcp,2026-08-11T07:00:00Z,northamerica-northeast1,9A14-2938-353E,Nvidia Tesla T4 GPU,T4,1,on_demand,USD,0.385,GPU Per Hour,0.385,accelerator_only,"bare accelerator price; Google bills vCPU and RAM separately, so this is NOT comparable to Oracle or Azure"
2026-08-11T12:08:03+00:00,gcp,2026-08-11T07:00:00Z,us-east4,9A23-CA8F-9256,Nvidia Tesla T4 GPU,T4,1,1_year,USD,0.23,GPU Per Hour,0.23,accelerator_only,"bare accelerator price; Google bills vCPU and RAM separately, so this is NOT comparable to Oracle or Azure"
2026-08-11T12:08:03+00:00,gcp,2026-08-11T07:00:00Z,europe-west1,9A8D-FD21-8B23,a2-highgpu-1g,A100,1,1_year,USD,2.360816,GPU Per Hour,2.360816,machine_inclusive,accelerator $1.8484/GPU-hr plus 12 vCPU and 85 GB RAM
2026-08-11T12:08:03+00:00,gcp,2026-08-11T07:00:00Z,europe-west1,9A8D-FD21-8B23,a2-highgpu-2g,A100,2,1_year,USD,4.721631,Machine Per Hour,2.360816,machine_inclusive,accelerator $1.8484/GPU-hr plus 24 vCPU and 170 GB RAM
2026-08-11T12:08:03+00:00,gcp,2026-08-11T07:00:00Z,europe-west1,9A8D-FD21-8B23,a2-highgpu-4g,A100,4,1_year,USD,9.443263,Machine Per Hour,2.360816,machine_inclusive,accelerator $1.8484/GPU-hr plus 48 vCPU and 340 GB RAM
2026-08-11T12:08:03+00:00,gcp,2026-08-11T07:00:00Z,europe-west1,9A8D-FD21-8B23,a2-highgpu-8g,A100,8,1_year,USD,18.886526,Machine Per Hour,2.360816,machine_inclusive,accelerator $1.8484/GPU-hr plus 96 vCPU and 680 GB RAM
2026-08-11T12:08:03+00:00,gcp,2026-08-11T07:00:00Z,europe-west1,9A8D-FD21-8B23,a2-megagpu-16g,A100,16,1_year,USD,35.66997,Machine Per Hour,2.229373,machine_inclusive,accelerator $1.8484/GPU-hr plus 96 vCPU and 1360 GB RAM
2026-08-11T12:08:03+00:00,gcp,2026-08-11T07:00:00Z,europe-west1,9AB3-C96D-4309,RTX 6000 96GB,RTX PRO 6000,1,spot,USD,0.4821,GPU Per Hour,0.4821,accelerator_only,"bare accelerator price; Google bills vCPU and RAM separately, so this is NOT comparable to Oracle or Azure"
2026-08-11T12:08:03+00:00,gcp,2026-08-11T07:00:00Z,us-west2,9B0F-5408-AA96,Nvidia Tesla P4 GPU,P4,1,on_demand,USD,0.72,GPU Per Hour,0.72,accelerator_only,"bare accelerator price; Google bills vCPU and RAM separately, so this is NOT comparable to Oracle or Azure"
2026-08-11T12:08:03+00:00,gcp,2026-08-11T07:00:00Z,me-central1,9B39-8DC4-D18B,g2-standard-4,L4,1,on_demand,USD,0.858801,GPU Per Hour,0.858801,machine_inclusive,accelerator $0.6804/GPU-hr plus 4 vCPU and 16 GB RAM
2026-08-11T12:08:03+00:00,gcp,2026-08-11T07:00:00Z,me-central1,9B39-8DC4-D18B,g2-standard-8,L4,1,on_demand,USD,1.037154,GPU Per Hour,1.037154,machine_inclusive,accelerator $0.6804/GPU-hr plus 8 vCPU and 32 GB RAM
2026-08-11T12:08:03+00:00,gcp,2026-08-11T07:00:00Z,me-central1,9B39-8DC4-D18B,g2-standard-12,L4,1,on_demand,USD,1.215506,GPU Per Hour,1.215506,machine_inclusive,accelerator $0.6804/GPU-hr plus 12 vCPU and 48 GB RAM
2026-08-11T12:08:03+00:00,gcp,2026-08-11T07:00:00Z,me-central1,9B39-8DC4-D18B,g2-standard-16,L4,1,on_demand,USD,1.393858,GPU Per Hour,1.393858,machine_inclusive,accelerator $0.6804/GPU-hr plus 16 vCPU and 64 GB RAM
2026-08-11T12:08:03+00:00,gcp,2026-08-11T07:00:00Z,me-central1,9B39-8DC4-D18B,g2-standard-24,L4,2,on_demand,USD,2.431012,Machine Per Hour,1.215506,machine_inclusive,accelerator $0.6804/GPU-hr plus 24 vCPU and 96 GB RAM
2026-08-11T12:08:03+00:00,gcp,2026-08-11T07:00:00Z,me-central1,9B39-8DC4-D18B,g2-standard-32,L4,1,on_demand,USD,2.107267,GPU Per Hour,2.107267,machine_inclusive,accelerator $0.6804/GPU-hr plus 32 vCPU and 128 GB RAM
2026-08-11T12:08:03+00:00,gcp,2026-08-11T07:00:00Z,me-central1,9B39-8DC4-D18B,g2-standard-48,L4,4,on_demand,USD,4.862023,Machine Per Hour,1.215506,machine_inclusive,accelerator $0.6804/GPU-hr plus 48 vCPU and 192 GB RAM
2026-08-11T12:08:03+00:00,gcp,2026-08-11T07:00:00Z,me-central1,9B39-8DC4-D18B,g2-standard-96,L4,8,on_demand,USD,9.724047,Machine Per Hour,1.215506,machine_inclusive,accelerator $0.6804/GPU-hr plus 96 vCPU and 384 GB RAM
2026-08-11T12:08:03+00:00,gcp,2026-08-11T07:00:00Z,us-west2,9B46-3770-1ED9,A4 Nvidia B200 (1 gpu slice),B200,1,1_year,USD,11.1159,GPU Per Hour,11.1159,machine_inclusive,Google publishes no separate A4 vCPU/RAM SKUs -- the per-slice price already covers the whole machine
2026-08-11T12:08:03+00:00,gcp,2026-08-11T07:00:00Z,australia-southeast1,9B77-3601-8EEB,a3-highgpu-8g,H100,8,on_demand,USD,109.790596,Machine Per Hour,13.723824,machine_inclusive,accelerator $12.2457/GPU-hr plus 208 vCPU and 1872 GB RAM
2026-08-11T12:08:03+00:00,gcp,2026-08-11T07:00:00Z,europe-west4,9B80-5A20-FD85,a3-megagpu-8g,H100 Mega,8,1_year,USD,82.930003,Machine Per Hour,10.36625,machine_inclusive,accelerator $9.2477/GPU-hr plus 208 vCPU and 1872 GB RAM
2026-08-11T12:08:03+00:00,gcp,2026-08-11T07:00:00Z,europe-west4,9BBC-6855-1C9A,a2-highgpu-1g,A100,1,spot,USD,2.04839,GPU Per Hour,2.04839,machine_inclusive,accelerator $1.6034/GPU-hr plus 12 vCPU and 85 GB RAM
2026-08-11T12:08:03+00:00,gcp,2026-08-11T07:00:00Z,europe-west4,9BBC-6855-1C9A,a2-highgpu-2g,A100,2,spot,USD,4.09678,Machine Per Hour,2.04839,machine_inclusive,accelerator $1.6034/GPU-hr plus 24 vCPU and 170 GB RAM
2026-08-11T12:08:03+00:00,gcp,2026-08-11T07:00:00Z,europe-west4,9BBC-6855-1C9A,a2-highgpu-4g,A100,4,spot,USD,8.19356,Machine Per Hour,2.04839,machine_inclusive,accelerator $1.6034/GPU-hr plus 48 vCPU and 340 GB RAM
2026-08-11T12:08:03+00:00,gcp,2026-08-11T07:00:00Z,europe-west4,9BBC-6855-1C9A,a2-highgpu-8g,A100,8,spot,USD,16.38712,Machine Per Hour,2.04839,machine_inclusive,accelerator $1.6034/GPU-hr plus 96 vCPU and 680 GB RAM
2026-08-11T12:08:03+00:00,gcp,2026-08-11T07:00:00Z,europe-west4,9BBC-6855-1C9A,a2-megagpu-16g,A100,16,spot,USD,30.94832,Machine Per Hour,1.93427,machine_inclusive,accelerator $1.6034/GPU-hr plus 96 vCPU and 1360 GB RAM
2026-08-11T12:08:03+00:00,gcp,2026-08-11T07:00:00Z,europe-west2,9BDF-0244-DB2A,Nvidia Tesla T4 GPU,T4,1,on_demand,USD,0.41,GPU Per Hour,0.41,accelerator_only,"bare accelerator price; Google bills vCPU and RAM separately, so this is NOT comparable to Oracle or Azure"
2026-08-11T12:08:03+00:00,gcp,2026-08-11T07:00:00Z,asia-south2,9C26-FB2B-1F1A,g2-standard-4,L4,1,spot,USD,0.199024,GPU Per Hour,0.199024,machine_inclusive,accelerator $0.1622/GPU-hr plus 4 vCPU and 16 GB RAM
2026-08-11T12:08:03+00:00,gcp,2026-08-11T07:00:00Z,asia-south2,9C26-FB2B-1F1A,g2-standard-8,L4,1,spot,USD,0.235848,GPU Per Hour,0.235848,machine_inclusive,accelerator $0.1622/GPU-hr plus 8 vCPU and 32 GB RAM
2026-08-11T12:08:03+00:00,gcp,2026-08-11T07:00:00Z,asia-south2,9C26-FB2B-1F1A,g2-standard-12,L4,1,spot,USD,0.272672,GPU Per Hour,0.272672,machine_inclusive,accelerator $0.1622/GPU-hr plus 12 vCPU and 48 GB RAM
2026-08-11T12:08:03+00:00,gcp,2026-08-11T07:00:00Z,asia-south2,9C26-FB2B-1F1A,g2-standard-16,L4,1,spot,USD,0.309496,GPU Per Hour,0.309496,machine_inclusive,accelerator $0.1622/GPU-hr plus 16 vCPU and 64 GB RAM
2026-08-11T12:08:03+00:00,gcp,2026-08-11T07:00:00Z,asia-south2,9C26-FB2B-1F1A,g2-standard-24,L4,2,spot,USD,0.545344,Machine Per Hour,0.272672,machine_inclusive,accelerator $0.1622/GPU-hr plus 24 vCPU and 96 GB RAM
2026-08-11T12:08:03+00:00,gcp,2026-08-11T07:00:00Z,asia-south2,9C26-FB2B-1F1A,g2-standard-32,L4,1,spot,USD,0.456792,GPU Per Hour,0.456792,machine_inclusive,accelerator $0.1622/GPU-hr plus 32 vCPU and 128 GB RAM
2026-08-11T12:08:03+00:00,gcp,2026-08-11T07:00:00Z,asia-south2,9C26-FB2B-1F1A,g2-standard-48,L4,4,spot,USD,1.090688,Machine Per Hour,0.272672,machine_inclusive,accelerator $0.1622/GPU-hr plus 48 vCPU and 192 GB RAM
2026-08-11T12:08:03+00:00,gcp,2026-08-11T07:00:00Z,asia-south2,9C26-FB2B-1F1A,g2-standard-96,L4,8,spot,USD,2.181376,Machine Per Hour,0.272672,machine_inclusive,accelerator $0.1622/GPU-hr plus 96 vCPU and 384 GB RAM
2026-08-11T12:08:03+00:00,gcp,2026-08-11T07:00:00Z,asia-south1,9C5E-22A9-05FD,Nvidia Tesla T4 GPU,T4,1,3_year,USD,0.18,GPU Per Hour,0.18,accelerator_only,"bare accelerator price; Google bills vCPU and RAM separately, so this is NOT comparable to Oracle or Azure"
2026-08-11T12:08:03+00:00,gcp,2026-08-11T07:00:00Z,europe-southwest1,9C76-CF3F-9FEC,g2-standard-4,L4,1,on_demand,USD,0.834062,GPU Per Hour,0.834062,machine_inclusive,accelerator $0.6608/GPU-hr plus 4 vCPU and 16 GB RAM
2026-08-11T12:08:03+00:00,gcp,2026-08-11T07:00:00Z,europe-southwest1,9C76-CF3F-9FEC,g2-standard-8,L4,1,on_demand,USD,1.007277,GPU Per Hour,1.007277,machine_inclusive,accelerator $0.6608/GPU-hr plus 8 vCPU and 32 GB RAM
2026-08-11T12:08:03+00:00,gcp,2026-08-11T07:00:00Z,europe-southwest1,9C76-CF3F-9FEC,g2-standard-12,L4,1,on_demand,USD,1.180491,GPU Per Hour,1.180491,machine_inclusive,accelerator $0.6608/GPU-hr plus 12 vCPU and 48 GB RAM
2026-08-11T12:08:03+00:00,gcp,2026-08-11T07:00:00Z,europe-southwest1,9C76-CF3F-9FEC,g2-standard-16,L4,1,on_demand,USD,1.353706,GPU Per Hour,1.353706,machine_inclusive,accelerator $0.6608/GPU-hr plus 16 vCPU and 64 GB RAM
2026-08-11T12:08:03+00:00,gcp,2026-08-11T07:00:00Z,europe-southwest1,9C76-CF3F-9FEC,g2-standard-24,L4,2,on_demand,USD,2.360983,Machine Per Hour,1.180491,machine_inclusive,accelerator $0.6608/GPU-hr plus 24 vCPU and 96 GB RAM
2026-08-11T12:08:03+00:00,gcp,2026-08-11T07:00:00Z,europe-southwest1,9C76-CF3F-9FEC,g2-standard-32,L4,1,on_demand,USD,2.046564,GPU Per Hour,2.046564,machine_inclusive,accelerator $0.6608/GPU-hr plus 32 vCPU and 128 GB RAM
2026-08-11T12:08:03+00:00,gcp,2026-08-11T07:00:00Z,europe-southwest1,9C76-CF3F-9FEC,g2-standard-48,L4,4,on_demand,USD,4.721965,Machine Per Hour,1.180491,machine_inclusive,accelerator $0.6608/GPU-hr plus 48 vCPU and 192 GB RAM
2026-08-11T12:08:03+00:00,gcp,2026-08-11T07:00:00Z,europe-southwest1,9C76-CF3F-9FEC,g2-standard-96,L4,8,on_demand,USD,9.44393,Machine Per Hour,1.180491,machine_inclusive,accelerator $0.6608/GPU-hr plus 96 vCPU and 384 GB RAM
2026-08-11T12:08:03+00:00,gcp,2026-08-11T07:00:00Z,us-west4,9C7A-8F48-FE5D,a2-highgpu-1g,A100,1,spot,USD,2.003005,GPU Per Hour,2.003005,machine_inclusive,accelerator $1.5791/GPU-hr plus 12 vCPU and 85 GB RAM
2026-08-11T12:08:03+00:00,gcp,2026-08-11T07:00:00Z,us-west4,9C7A-8F48-FE5D,a2-highgpu-2g,A100,2,spot,USD,4.00601,Machine Per Hour,2.003005,machine_inclusive,accelerator $1.5791/GPU-hr plus 24 vCPU and 170 GB RAM
2026-08-11T12:08:03+00:00,gcp,2026-08-11T07:00:00Z,us-west4,9C7A-8F48-FE5D,a2-highgpu-4g,A100,4,spot,USD,8.01202,Machine Per Hour,2.003005,machine_inclusive,accelerator $1.5791/GPU-hr plus 48 vCPU and 340 GB RAM
2026-08-11T12:08:03+00:00,gcp,2026-08-11T07:00:00Z,us-west4,9C7A-8F48-FE5D,a2-highgpu-8g,A100,8,spot,USD,16.02404,Machine Per Hour,2.003005,machine_inclusive,accelerator $1.5791/GPU-hr plus 96 vCPU and 680 GB RAM
2026-08-11T12:08:03+00:00,gcp,2026-08-11T07:00:00Z,us-west4,9C7A-8F48-FE5D,a2-megagpu-16g,A100,16,spot,USD,30.30856,Machine Per Hour,1.894285,machine_inclusive,accelerator $1.5791/GPU-hr plus 96 vCPU and 1360 GB RAM
2026-08-11T12:08:03+00:00,gcp,2026-08-11T07:00:00Z,us-west3,9C96-13A0-F0E2,a2-ultragpu-1g,A100,1,1_year,USD,5.016641,GPU Per Hour,5.016641,machine_inclusive,accelerator $4.1846/GPU-hr plus 12 vCPU and 170 GB RAM
2026-08-11T12:08:03+00:00,gcp,2026-08-11T07:00:00Z,us-west3,9C96-13A0-F0E2,a2-ultragpu-2g,A100,2,1_year,USD,10.033283,Machine Per Hour,5.016641,machine_inclusive,accelerator $4.1846/GPU-hr plus 24 vCPU and 340 GB RAM
2026-08-11T12:08:03+00:00,gcp,2026-08-11T07:00:00Z,us-west3,9C96-13A0-F0E2,a2-ultragpu-4g,A100,4,1_year,USD,20.066566,Machine Per Hour,5.016641,machine_inclusive,accelerator $4.1846/GPU-hr plus 48 vCPU and 680 GB RAM
2026-08-11T12:08:03+00:00,gcp,2026-08-11T07:00:00Z,us-west3,9C96-13A0-F0E2,a2-ultragpu-8g,A100,8,1_year,USD,40.133131,Machine Per Hour,5.016641,machine_inclusive,accelerator $4.1846/GPU-hr plus 96 vCPU and 1360 GB RAM
2026-08-11T12:08:03+00:00,gcp,2026-08-11T07:00:00Z,asia-south2,9CC4-FBA9-BE3A,g2-standard-4,L4,1,1_year,USD,0.520049,GPU Per Hour,0.520049,machine_inclusive,accelerator $0.4238/GPU-hr plus 4 vCPU and 16 GB RAM
2026-08-11T12:08:03+00:00,gcp,2026-08-11T07:00:00Z,asia-south2,9CC4-FBA9-BE3A,g2-standard-8,L4,1,1_year,USD,0.616319,GPU Per Hour,0.616319,machine_inclusive,accelerator $0.4238/GPU-hr plus 8 vCPU and 32 GB RAM
2026-08-11T12:08:03+00:00,gcp,2026-08-11T07:00:00Z,asia-south2,9CC4-FBA9-BE3A,g2-standard-12,L4,1,1_year,USD,0.712589,GPU Per Hour,0.712589,machine_inclusive,accelerator $0.4238/GPU-hr plus 12 vCPU and 48 GB RAM
2026-08-11T12:08:03+00:00,gcp,2026-08-11T07:00:00Z,asia-south2,9CC4-FBA9-BE3A,g2-standard-16,L4,1,1_year,USD,0.808859,GPU Per Hour,0.808859,machine_inclusive,accelerator $0.4238/GPU-hr plus 16 vCPU and 64 GB RAM
2026-08-11T12:08:03+00:00,gcp,2026-08-11T07:00:00Z,asia-south2,9CC4-FBA9-BE3A,g2-standard-24,L4,2,1_year,USD,1.425177,Machine Per Hour,0.712589,machine_inclusive,accelerator $0.4238/GPU-hr plus 24 vCPU and 96 GB RAM
2026-08-11T12:08:03+00:00,gcp,2026-08-11T07:00:00Z,asia-south2,9CC4-FBA9-BE3A,g2-standard-32,L4,1,1_year,USD,1.193939,GPU Per Hour,1.193939,machine_inclusive,accelerator $0.4238/GPU-hr plus 32 vCPU and 128 GB RAM
2026-08-11T12:08:03+00:00,gcp,2026-08-11T07:00:00Z,asia-south2,9CC4-FBA9-BE3A,g2-standard-48,L4,4,1_year,USD,2.850355,Machine Per Hour,0.712589,machine_inclusive,accelerator $0.4238/GPU-hr plus 48 vCPU and 192 GB RAM
2026-08-11T12:08:03+00:00,gcp,2026-08-11T07:00:00Z,asia-south2,9CC4-FBA9-BE3A,g2-standard-96,L4,8,1_year,USD,5.70071,Machine Per Hour,0.712589,machine_inclusive,accelerator $0.4238/GPU-hr plus 96 vCPU and 384 GB RAM
2026-08-11T12:08:03+00:00,gcp,2026-08-11T07:00:00Z,me-west1,9CF7-A90E-AEC1,Nvidia Tesla T4 GPU,T4,1,1_year,USD,0.242,GPU Per Hour,0.242,accelerator_only,"bare accelerator price; Google bills vCPU and RAM separately, so this is NOT comparable to Oracle or Azure"
2026-08-11T12:08:03+00:00,gcp,2026-08-11T07:00:00Z,europe-west4,9D2A-5124-7078,a3-highgpu-8g,H100,8,spot,USD,50.489344,Machine Per Hour,6.311168,machine_inclusive,accelerator $5.7504/GPU-hr plus 208 vCPU and 1872 GB RAM
2026-08-11T12:08:03+00:00,gcp,2026-08-11T07:00:00Z,us-east5,9D4C-6A96-3688,Nvidia Tesla P4 GPU,P4,1,on_demand,USD,0.6,GPU Per Hour,0.6,accelerator_only,"bare accelerator price; Google bills vCPU and RAM separately, so this is NOT comparable to Oracle or Azure"
2026-08-11T12:08:03+00:00,gcp,2026-08-11T07:00:00Z,europe-west3,9D8C-EC5C-9714,Nvidia Tesla T4 GPU,T4,1,on_demand,USD,0.41,GPU Per Hour,0.41,accelerator_only,"bare accelerator price; Google bills vCPU and RAM separately, so this is NOT comparable to Oracle or Azure"
2026-08-11T12:08:03+00:00,gcp,2026-08-11T07:00:00Z,europe-west1,9DCD-D805-3098,a3-ultragpu-8g,H200,8,spot,USD,55.155456,Machine Per Hour,6.894432,machine_inclusive,accelerator $6.1504/GPU-hr plus 224 vCPU and 2952 GB RAM
2026-08-11T12:08:03+00:00,gcp,2026-08-11T07:00:00Z,me-central2,9DE2-6B5E-E4BD,a2-highgpu-1g,A100,1,3_year,USD,2.057133,GPU Per Hour,2.057133,machine_inclusive,accelerator $1.6430/GPU-hr plus 12 vCPU and 85 GB RAM
2026-08-11T12:08:03+00:00,gcp,2026-08-11T07:00:00Z,me-central2,9DE2-6B5E-E4BD,a2-highgpu-2g,A100,2,3_year,USD,4.114266,Machine Per Hour,2.057133,machine_inclusive,accelerator $1.6430/GPU-hr plus 24 vCPU and 170 GB RAM
2026-08-11T12:08:03+00:00,gcp,2026-08-11T07:00:00Z,me-central2,9DE2-6B5E-E4BD,a2-highgpu-4g,A100,4,3_year,USD,8.228532,Machine Per Hour,2.057133,machine_inclusive,accelerator $1.6430/GPU-hr plus 48 vCPU and 340 GB RAM
2026-08-11T12:08:03+00:00,gcp,2026-08-11T07:00:00Z,me-central2,9DE2-6B5E-E4BD,a2-highgpu-8g,A100,8,3_year,USD,16.457063,Machine Per Hour,2.057133,machine_inclusive,accelerator $1.6430/GPU-hr plus 96 vCPU and 680 GB RAM
2026-08-11T12:08:03+00:00,gcp,2026-08-11T07:00:00Z,me-central2,9DE2-6B5E-E4BD,a2-megagpu-16g,A100,16,3_year,USD,31.214713,Machine Per Hour,1.95092,machine_inclusive,accelerator $1.6430/GPU-hr plus 96 vCPU and 1360 GB RAM
2026-08-11T12:08:03+00:00,gcp,2026-08-11T07:00:00Z,europe-central2,9DFB-82E6-2040,Nvidia Tesla T4 GPU,T4,1,spot,USD,0.2083,GPU Per Hour,0.2083,accelerator_only,"bare accelerator price; Google bills vCPU and RAM separately, so this is NOT comparable to Oracle or Azure"
2026-08-11T12:08:03+00:00,gcp,2026-08-11T07:00:00Z,asia-northeast3,9E11-8115-4240,Nvidia Tesla V100 GPU,V100,1,spot,USD,0.74,GPU Per Hour,0.74,accelerator_only,"bare accelerator price; Google bills vCPU and RAM separately, so this is NOT comparable to Oracle or Azure"
2026-08-11T12:08:03+00:00,gcp,2026-08-11T07:00:00Z,us-west2,9E24-90F6-6596,a2-ultragpu-1g,A100,1,spot,USD,0.6848,GPU Per Hour,0.6848,machine_inclusive,accelerator $0.5659/GPU-hr plus 12 vCPU and 170 GB RAM
2026-08-11T12:08:03+00:00,gcp,2026-08-11T07:00:00Z,us-west2,9E24-90F6-6596,a2-ultragpu-2g,A100,2,spot,USD,1.3696,Machine Per Hour,0.6848,machine_inclusive,accelerator $0.5659/GPU-hr plus 24 vCPU and 340 GB RAM
2026-08-11T12:08:03+00:00,gcp,2026-08-11T07:00:00Z,us-west2,9E24-90F6-6596,a2-ultragpu-4g,A100,4,spot,USD,2.7392,Machine Per Hour,0.6848,machine_inclusive,accelerator $0.5659/GPU-hr plus 48 vCPU and 680 GB RAM
2026-08-11T12:08:03+00:00,gcp,2026-08-11T07:00:00Z,us-west2,9E24-90F6-6596,a2-ultragpu-8g,A100,8,spot,USD,5.4784,Machine Per Hour,0.6848,machine_inclusive,accelerator $0.5659/GPU-hr plus 96 vCPU and 1360 GB RAM
2026-08-11T12:08:03+00:00,gcp,2026-08-11T07:00:00Z,me-west1,9E41-CEC8-4C4C,Nvidia Tesla P100 GPU,P100,1,on_demand,USD,1.606,GPU Per Hour,1.606,accelerator_only,"bare accelerator price; Google bills vCPU and RAM separately, so this is NOT comparable to Oracle or Azure"
2026-08-11T12:08:03+00:00,gcp,2026-08-11T07:00:00Z,asia-south1,9E54-A845-BE8A,1/8 vGPU,,,3_year,USD,0.37002,GPU Per Hour,,,accelerator not in the lookup table -- add it to gcp.py
2026-08-11T12:08:03+00:00,gcp,2026-08-11T07:00:00Z,europe-west3,9E59-A29A-6786,a2-ultragpu-1g,A100,1,3_year,USD,4.485531,GPU Per Hour,4.485531,machine_inclusive,accelerator $3.9896/GPU-hr plus 12 vCPU and 170 GB RAM
2026-08-11T12:08:03+00:00,gcp,2026-08-11T07:00:00Z,europe-west3,9E59-A29A-6786,a2-ultragpu-2g,A100,2,3_year,USD,8.971062,Machine Per Hour,4.485531,machine_inclusive,accelerator $3.9896/GPU-hr plus 24 vCPU and 340 GB RAM
2026-08-11T12:08:03+00:00,gcp,2026-08-11T07:00:00Z,europe-west3,9E59-A29A-6786,a2-ultragpu-4g,A100,4,3_year,USD,17.942124,Machine Per Hour,4.485531,machine_inclusive,accelerator $3.9896/GPU-hr plus 48 vCPU and 680 GB RAM
2026-08-11T12:08:03+00:00,gcp,2026-08-11T07:00:00Z,europe-west3,9E59-A29A-6786,a2-ultragpu-8g,A100,8,3_year,USD,35.884247,Machine Per Hour,4.485531,machine_inclusive,accelerator $3.9896/GPU-hr plus 96 vCPU and 1360 GB RAM
2026-08-11T12:08:03+00:00,gcp,2026-08-11T07:00:00Z,me-central2,9E8E-CEF8-D617,a3-highgpu-8g,H100,8,3_year,USD,61.70959,Machine Per Hour,7.713699,machine_inclusive,accelerator $6.8798/GPU-hr plus 208 vCPU and 1872 GB RAM
2026-08-11T12:08:03+00:00,gcp,2026-08-11T07:00:00Z,asia-east1,9EB7-C463-3DB2,g2-standard-4,L4,1,3_year,USD,0.368299,GPU Per Hour,0.368299,machine_inclusive,accelerator $0.2918/GPU-hr plus 4 vCPU and 16 GB RAM
2026-08-11T12:08:03+00:00,gcp,2026-08-11T07:00:00Z,asia-east1,9EB7-C463-3DB2,g2-standard-8,L4,1,3_year,USD,0.444785,GPU Per Hour,0.444785,machine_inclusive,accelerator $0.2918/GPU-hr plus 8 vCPU and 32 GB RAM
2026-08-11T12:08:03+00:00,gcp,2026-08-11T07:00:00Z,asia-east1,9EB7-C463-3DB2,g2-standard-12,L4,1,3_year,USD,0.521272,GPU Per Hour,0.521272,machine_inclusive,accelerator $0.2918/GPU-hr plus 12 vCPU and 48 GB RAM
2026-08-11T12:08:03+00:00,gcp,2026-08-11T07:00:00Z,asia-east1,9EB7-C463-3DB2,g2-standard-16,L4,1,3_year,USD,0.597759,GPU Per Hour,0.597759,machine_inclusive,accelerator $0.2918/GPU-hr plus 16 vCPU and 64 GB RAM
2026-08-11T12:08:03+00:00,gcp,2026-08-11T07:00:00Z,asia-east1,9EB7-C463-3DB2,g2-standard-24,L4,2,3_year,USD,1.042544,Machine Per Hour,0.521272,machine_inclusive,accelerator $0.2918/GPU-hr plus 24 vCPU and 96 GB RAM
2026-08-11T12:08:03+00:00,gcp,2026-08-11T07:00:00Z,asia-east1,9EB7-C463-3DB2,g2-standard-32,L4,1,3_year,USD,0.903705,GPU Per Hour,0.903705,machine_inclusive,accelerator $0.2918/GPU-hr plus 32 vCPU and 128 GB RAM
2026-08-11T12:08:03+00:00,gcp,2026-08-11T07:00:00Z,asia-east1,9EB7-C463-3DB2,g2-standard-48,L4,4,3_year,USD,2.085088,Machine Per Hour,0.521272,machine_inclusive,accelerator $0.2918/GPU-hr plus 48 vCPU and 192 GB RAM
2026-08-11T12:08:03+00:00,gcp,2026-08-11T07:00:00Z,asia-east1,9EB7-C463-3DB2,g2-standard-96,L4,8,3_year,USD,4.170175,Machine Per Hour,0.521272,machine_inclusive,accelerator $0.2918/GPU-hr plus 96 vCPU and 384 GB RAM
2026-08-11T12:08:03+00:00,gcp,2026-08-11T07:00:00Z,asia-south1,9EB8-9D0B-BC9E,1/8 vGPU no lssd,,,on_demand,USD,0.84094,GPU Per Hour,,,accelerator not in the lookup table -- add it to gcp.py
2026-08-11T12:08:03+00:00,gcp,2026-08-11T07:00:00Z,europe-west3,9F06-C5F7-EABF,a3-megagpu-8g,H100 Mega,8,3_year,USD,47.617972,Machine Per Hour,5.952246,machine_inclusive,accelerator $5.3088/GPU-hr plus 208 vCPU and 1872 GB RAM
2026-08-11T12:08:03+00:00,gcp,2026-08-11T07:00:00Z,europe-west1,9F2A-B404-0849,RTX 6000 96GB,RTX PRO 6000,1,on_demand,USD,1.205215,GPU Per Hour,1.205215,accelerator_only,"bare accelerator price; Google bills vCPU and RAM separately, so this is NOT comparable to Oracle or Azure"
2026-08-11T12:08:03+00:00,gcp,2026-08-11T07:00:00Z,asia-southeast2,9F4A-1A5E-C541,a3-highgpu-8g,H100,8,1_year,USD,81.985589,Machine Per Hour,10.248199,machine_inclusive,accelerator $9.1424/GPU-hr plus 208 vCPU and 1872 GB RAM
2026-08-11T12:08:03+00:00,gcp,2026-08-11T07:00:00Z,us-south1,9FA8-DE55-67B8,RTX 6000 96GB,RTX PRO 6000,1,spot,USD,0.4383,GPU Per Hour,0.4383,accelerator_only,"bare accelerator price; Google bills vCPU and RAM separately, so this is NOT comparable to Oracle or Azure"
2026-08-11T12:08:03+00:00,gcp,2026-08-11T07:00:00Z,australia-southeast2,A056-2053-CFAA,a3-highgpu-8g,H100,8,on_demand,USD,114.182239,Machine Per Hour,14.27278,machine_inclusive,accelerator $12.7355/GPU-hr plus 208 vCPU and 1872 GB RAM
2026-08-11T12:08:03+00:00,gcp,2026-08-11T07:00:00Z,us-east5,A05F-F84F-F790,a3-megagpu-8g,H100 Mega,8,1_year,USD,63.792327,Machine Per Hour,7.974041,machine_inclusive,accelerator $7.1136/GPU-hr plus 208 vCPU and 1872 GB RAM
2026-08-11T12:08:03+00:00,gcp,2026-08-11T07:00:00Z,europe-west10,A08D-3BA2-D684,Nvidia Tesla P100 GPU,P100,1,1_year,USD,1.41526,GPU Per Hour,1.41526,accelerator_only,"bare accelerator price; Google bills vCPU and RAM separately, so this is NOT comparable to Oracle or Azure"
2026-08-11T12:08:03+00:00,gcp,2026-08-11T07:00:00Z,asia-southeast2,A0D3-9F8A-4B4C,a3-highgpu-8g,H100,8,3_year,USD,51.863054,Machine Per Hour,6.482882,machine_inclusive,accelerator $5.7821/GPU-hr plus 208 vCPU and 1872 GB RAM
2026-08-11T12:08:03+00:00,gcp,2026-08-11T07:00:00Z,me-west1,A110-78AF-F86C,Nvidia Tesla V100 GPU,V100,1,1_year,USD,1.7182,GPU Per Hour,1.7182,accelerator_only,"bare accelerator price; Google bills vCPU and RAM separately, so this is NOT comparable to Oracle or Azure"
2026-08-11T12:08:03+00:00,gcp,2026-08-11T07:00:00Z,europe-central2,A124-7147-378A,g2-standard-4,L4,1,spot,USD,0.085968,GPU Per Hour,0.085968,machine_inclusive,accelerator $0.0690/GPU-hr plus 4 vCPU and 16 GB RAM
2026-08-11T12:08:03+00:00,gcp,2026-08-11T07:00:00Z,europe-central2,A124-7147-378A,g2-standard-8,L4,1,spot,USD,0.102936,GPU Per Hour,0.102936,machine_inclusive,accelerator $0.0690/GPU-hr plus 8 vCPU and 32 GB RAM
2026-08-11T12:08:03+00:00,gcp,2026-08-11T07:00:00Z,europe-central2,A124-7147-378A,g2-standard-12,L4,1,spot,USD,0.119904,GPU Per Hour,0.119904,machine_inclusive,accelerator $0.0690/GPU-hr plus 12 vCPU and 48 GB RAM
2026-08-11T12:08:03+00:00,gcp,2026-08-11T07:00:00Z,europe-central2,A124-7147-378A,g2-standard-16,L4,1,spot,USD,0.136872,GPU Per Hour,0.136872,machine_inclusive,accelerator $0.0690/GPU-hr plus 16 vCPU and 64 GB RAM
2026-08-11T12:08:03+00:00,gcp,2026-08-11T07:00:00Z,europe-central2,A124-7147-378A,g2-standard-24,L4,2,spot,USD,0.239808,Machine Per Hour,0.119904,machine_inclusive,accelerator $0.0690/GPU-hr plus 24 vCPU and 96 GB RAM
2026-08-11T12:08:03+00:00,gcp,2026-08-11T07:00:00Z,europe-central2,A124-7147-378A,g2-standard-32,L4,1,spot,USD,0.204744,GPU Per Hour,0.204744,machine_inclusive,accelerator $0.0690/GPU-hr plus 32 vCPU and 128 GB RAM
2026-08-11T12:08:03+00:00,gcp,2026-08-11T07:00:00Z,europe-central2,A124-7147-378A,g2-standard-48,L4,4,spot,USD,0.479616,Machine Per Hour,0.119904,machine_inclusive,accelerator $0.0690/GPU-hr plus 48 vCPU and 192 GB RAM
2026-08-11T12:08:03+00:00,gcp,2026-08-11T07:00:00Z,europe-central2,A124-7147-378A,g2-standard-96,L4,8,spot,USD,0.959232,Machine Per Hour,0.119904,machine_inclusive,accelerator $0.0690/GPU-hr plus 96 vCPU and 384 GB RAM
2026-08-11T12:08:03+00:00,gcp,2026-08-11T07:00:00Z,us-central1,A152-C7DF-4872,Nvidia Tesla P4 GPU,P4,1,on_demand,USD,0.6,GPU Per Hour,0.6,accelerator_only,"bare accelerator price; Google bills vCPU and RAM separately, so this is NOT comparable to Oracle or Azure"
2026-08-11T12:08:03+00:00,gcp,2026-08-11T07:00:00Z,us-east1,A152-C7DF-4872,Nvidia Tesla P4 GPU,P4,1,on_demand,USD,0.6,GPU Per Hour,0.6,accelerator_only,"bare accelerator price; Google bills vCPU and RAM separately, so this is NOT comparable to Oracle or Azure"
2026-08-11T12:08:03+00:00,gcp,2026-08-11T07:00:00Z,us-west1,A152-C7DF-4872,Nvidia Tesla P4 GPU,P4,1,on_demand,USD,0.6,GPU Per Hour,0.6,accelerator_only,"bare accelerator price; Google bills vCPU and RAM separately, so this is NOT comparable to Oracle or Azure"
2026-08-11T12:08:03+00:00,gcp,2026-08-11T07:00:00Z,us-west2,A173-2D96-AED0,g2-standard-4,L4,1,1_year,USD,0.5353,GPU Per Hour,0.5353,machine_inclusive,accelerator $0.4241/GPU-hr plus 4 vCPU and 16 GB RAM
2026-08-11T12:08:03+00:00,gcp,2026-08-11T07:00:00Z,us-west2,A173-2D96-AED0,g2-standard-8,L4,1,1_year,USD,0.646469,GPU Per Hour,0.646469,machine_inclusive,accelerator $0.4241/GPU-hr plus 8 vCPU and 32 GB RAM
2026-08-11T12:08:03+00:00,gcp,2026-08-11T07:00:00Z,us-west2,A173-2D96-AED0,g2-standard-12,L4,1,1_year,USD,0.757638,GPU Per Hour,0.757638,machine_inclusive,accelerator $0.4241/GPU-hr plus 12 vCPU and 48 GB RAM
2026-08-11T12:08:03+00:00,gcp,2026-08-11T07:00:00Z,us-west2,A173-2D96-AED0,g2-standard-16,L4,1,1_year,USD,0.868807,GPU Per Hour,0.868807,machine_inclusive,accelerator $0.4241/GPU-hr plus 16 vCPU and 64 GB RAM
2026-08-11T12:08:03+00:00,gcp,2026-08-11T07:00:00Z,us-west2,A173-2D96-AED0,g2-standard-24,L4,2,1_year,USD,1.515277,Machine Per Hour,0.757638,machine_inclusive,accelerator $0.4241/GPU-hr plus 24 vCPU and 96 GB RAM
2026-08-11T12:08:03+00:00,gcp,2026-08-11T07:00:00Z,us-west2,A173-2D96-AED0,g2-standard-32,L4,1,1_year,USD,1.313483,GPU Per Hour,1.313483,machine_inclusive,accelerator $0.4241/GPU-hr plus 32 vCPU and 128 GB RAM
2026-08-11T12:08:03+00:00,gcp,2026-08-11T07:00:00Z,us-west2,A173-2D96-AED0,g2-standard-48,L4,4,1_year,USD,3.030553,Machine Per Hour,0.757638,machine_inclusive,accelerator $0.4241/GPU-hr plus 48 vCPU and 192 GB RAM
2026-08-11T12:08:03+00:00,gcp,2026-08-11T07:00:00Z,us-west2,A173-2D96-AED0,g2-standard-96,L4,8,1_year,USD,6.061107,Machine Per Hour,0.757638,machine_inclusive,accelerator $0.4241/GPU-hr plus 96 vCPU and 384 GB RAM
2026-08-11T12:08:03+00:00,gcp,2026-08-11T07:00:00Z,me-central2,A18A-13E8-0BAF,a3-highgpu-8g,H100,8,spot,USD,12.783056,Machine Per Hour,1.597882,machine_inclusive,accelerator $1.4261/GPU-hr plus 208 vCPU and 1872 GB RAM
2026-08-11T12:08:03+00:00,gcp,2026-08-11T07:00:00Z,africa-south1,A1C5-5CBC-B418,g2-standard-4,L4,1,spot,USD,0.08318,GPU Per Hour,0.08318,machine_inclusive,accelerator $0.0659/GPU-hr plus 4 vCPU and 16 GB RAM
2026-08-11T12:08:03+00:00,gcp,2026-08-11T07:00:00Z,africa-south1,A1C5-5CBC-B418,g2-standard-8,L4,1,spot,USD,0.10046,GPU Per Hour,0.10046,machine_inclusive,accelerator $0.0659/GPU-hr plus 8 vCPU and 32 GB RAM
2026-08-11T12:08:03+00:00,gcp,2026-08-11T07:00:00Z,africa-south1,A1C5-5CBC-B418,g2-standard-12,L4,1,spot,USD,0.11774,GPU Per Hour,0.11774,machine_inclusive,accelerator $0.0659/GPU-hr plus 12 vCPU and 48 GB RAM
2026-08-11T12:08:03+00:00,gcp,2026-08-11T07:00:00Z,africa-south1,A1C5-5CBC-B418,g2-standard-16,L4,1,spot,USD,0.13502,GPU Per Hour,0.13502,machine_inclusive,accelerator $0.0659/GPU-hr plus 16 vCPU and 64 GB RAM
2026-08-11T12:08:03+00:00,gcp,2026-08-11T07:00:00Z,africa-south1,A1C5-5CBC-B418,g2-standard-24,L4,2,spot,USD,0.23548,Machine Per Hour,0.11774,machine_inclusive,accelerator $0.0659/GPU-hr plus 24 vCPU and 96 GB RAM
2026-08-11T12:08:03+00:00,gcp,2026-08-11T07:00:00Z,africa-south1,A1C5-5CBC-B418,g2-standard-32,L4,1,spot,USD,0.20414,GPU Per Hour,0.20414,machine_inclusive,accelerator $0.0659/GPU-hr plus 32 vCPU and 128 GB RAM
2026-08-11T12:08:03+00:00,gcp,2026-08-11T07:00:00Z,africa-south1,A1C5-5CBC-B418,g2-standard-48,L4,4,spot,USD,0.47096,Machine Per Hour,0.11774,machine_inclusive,accelerator $0.0659/GPU-hr plus 48 vCPU and 192 GB RAM
2026-08-11T12:08:03+00:00,gcp,2026-08-11T07:00:00Z,africa-south1,A1C5-5CBC-B418,g2-standard-96,L4,8,spot,USD,0.94192,Machine Per Hour,0.11774,machine_inclusive,accelerator $0.0659/GPU-hr plus 96 vCPU and 384 GB RAM
2026-08-11T12:08:03+00:00,gcp,2026-08-11T07:00:00Z,europe-southwest1,A1C8-22B5-FB11,A4 Nvidia B200 (1 gpu slice),B200,1,spot,USD,2.4091,GPU Per Hour,2.4091,machine_inclusive,Google publishes no separate A4 vCPU/RAM SKUs -- the per-slice price already covers the whole machine
2026-08-11T12:08:03+00:00,gcp,2026-08-11T07:00:00Z,asia-southeast1,A1EB-EAD4-21A8,A4 Nvidia B200 (1 gpu slice),B200,1,1_year,USD,13.33908,GPU Per Hour,13.33908,machine_inclusive,Google publishes no separate A4 vCPU/RAM SKUs -- the per-slice price already covers the whole machine
2026-08-11T12:08:03+00:00,gcp,2026-08-11T07:00:00Z,us-west1,A222-30F8-84C7,RTX 6000 96GB,RTX PRO 6000,1,spot,USD,0.4383,GPU Per Hour,0.4383,accelerator_only,"bare accelerator price; Google bills vCPU and RAM separately, so this is NOT comparable to Oracle or Azure"
2026-08-11T12:08:03+00:00,gcp,2026-08-11T07:00:00Z,australia-southeast1,A265-41A1-947E,a3-highgpu-8g,H100,8,3_year,USD,48.210612,Machine Per Hour,6.026327,machine_inclusive,accelerator $5.3749/GPU-hr plus 208 vCPU and 1872 GB RAM
2026-08-11T12:08:03+00:00,gcp,2026-08-11T07:00:00Z,europe-west12,A26B-94C0-B5D0,Nvidia Tesla P100 GPU,P100,1,3_year,USD,0.84753,GPU Per Hour,0.84753,accelerator_only,"bare accelerator price; Google bills vCPU and RAM separately, so this is NOT comparable to Oracle or Azure"
2026-08-11T12:08:03+00:00,gcp,2026-08-11T07:00:00Z,asia-southeast1,A26F-44D0-9A76,a3-highgpu-8g,H100,8,on_demand,USD,113.555005,Machine Per Hour,14.194376,machine_inclusive,accelerator $12.7355/GPU-hr plus 208 vCPU and 1872 GB RAM
2026-08-11T12:08:03+00:00,gcp,2026-08-11T07:00:00Z,europe-west4,A2A7-2A76-B2C3,Nvidia Tesla P4 GPU,P4,1,1_year,USD,0.409,GPU Per Hour,0.409,accelerator_only,"bare accelerator price; Google bills vCPU and RAM separately, so this is NOT comparable to Oracle or Azure"
2026-08-11T12:08:03+00:00,gcp,2026-08-11T07:00:00Z,europe-north1,A332-EE61-5F1A,a3-highgpu-8g,H100,8,spot,USD,8.817936,Machine Per Hour,1.102242,machine_inclusive,accelerator $0.9835/GPU-hr plus 208 vCPU and 1872 GB RAM
2026-08-11T12:08:03+00:00,gcp,2026-08-11T07:00:00Z,us-central1,A360-7A19-4436,Nvidia Tesla T4 GPU,T4,1,3_year,USD,0.16,GPU Per Hour,0.16,accelerator_only,"bare accelerator price; Google bills vCPU and RAM separately, so this is NOT comparable to Oracle or Azure"
2026-08-11T12:08:03+00:00,gcp,2026-08-11T07:00:00Z,us-east1,A360-7A19-4436,Nvidia Tesla T4 GPU,T4,1,3_year,USD,0.16,GPU Per Hour,0.16,accelerator_only,"bare accelerator price; Google bills vCPU and RAM separately, so this is NOT comparable to Oracle or Azure"
2026-08-11T12:08:03+00:00,gcp,2026-08-11T07:00:00Z,us-west1,A360-7A19-4436,Nvidia Tesla T4 GPU,T4,1,3_year,USD,0.16,GPU Per Hour,0.16,accelerator_only,"bare accelerator price; Google bills vCPU and RAM separately, so this is NOT comparable to Oracle or Azure"
2026-08-11T12:08:03+00:00,gcp,2026-08-11T07:00:00Z,us-south1,A380-144C-76BF,Nvidia Tesla P4 GPU,P4,1,1_year,USD,0.44604,GPU Per Hour,0.44604,accelerator_only,"bare accelerator price; Google bills vCPU and RAM separately, so this is NOT comparable to Oracle or Azure"
2026-08-11T12:08:03+00:00,gcp,2026-08-11T07:00:00Z,me-central1,A42B-0C4C-8746,Nvidia Tesla P100 GPU,P100,1,on_demand,USD,1.7739,GPU Per Hour,1.7739,accelerator_only,"bare accelerator price; Google bills vCPU and RAM separately, so this is NOT comparable to Oracle or Azure"
2026-08-11T12:08:03+00:00,gcp,2026-08-11T07:00:00Z,me-central2,A42D-ACA0-6805,Nvidia Tesla V100 GPU,V100,1,3_year,USD,1.7856,GPU Per Hour,1.7856,accelerator_only,"bare accelerator price; Google bills vCPU and RAM separately, so this is NOT comparable to Oracle or Azure"
2026-08-11T12:08:03+00:00,gcp,2026-08-11T07:00:00Z,europe-west9,A46B-683B-4663,Nvidia Tesla P4 GPU,P4,1,on_demand,USD,0.696,GPU Per Hour,0.696,accelerator_only,"bare accelerator price; Google bills vCPU and RAM separately, so this is NOT comparable to Oracle or Azure"
2026-08-11T12:08:03+00:00,gcp,2026-08-11T07:00:00Z,me-central1,A4C2-1C28-8101,a2-ultragpu-1g,A100,1,spot,USD,0.73569,GPU Per Hour,0.73569,machine_inclusive,accelerator $0.5719/GPU-hr plus 12 vCPU and 170 GB RAM
2026-08-11T12:08:03+00:00,gcp,2026-08-11T07:00:00Z,me-central1,A4C2-1C28-8101,a2-ultragpu-2g,A100,2,spot,USD,1.47138,Machine Per Hour,0.73569,machine_inclusive,accelerator $0.5719/GPU-hr plus 24 vCPU and 340 GB RAM
2026-08-11T12:08:03+00:00,gcp,2026-08-11T07:00:00Z,me-central1,A4C2-1C28-8101,a2-ultragpu-4g,A100,4,spot,USD,2.94276,Machine Per Hour,0.73569,machine_inclusive,accelerator $0.5719/GPU-hr plus 48 vCPU and 680 GB RAM
2026-08-11T12:08:03+00:00,gcp,2026-08-11T07:00:00Z,me-central1,A4C2-1C28-8101,a2-ultragpu-8g,A100,8,spot,USD,5.88552,Machine Per Hour,0.73569,machine_inclusive,accelerator $0.5719/GPU-hr plus 96 vCPU and 1360 GB RAM
2026-08-11T12:08:03+00:00,gcp,2026-08-11T07:00:00Z,us-west2,A4C4-1421-FB83,Nvidia Tesla T4 GPU,T4,1,3_year,USD,0.18,GPU Per Hour,0.18,accelerator_only,"bare accelerator price; Google bills vCPU and RAM separately, so this is NOT comparable to Oracle or Azure"
2026-08-11T12:08:03+00:00,gcp,2026-08-11T07:00:00Z,europe-west4,A522-F018-CD52,Nvidia Tesla P100 GPU,P100,1,1_year,USD,1.008,GPU Per Hour,1.008,accelerator_only,"bare accelerator price; Google bills vCPU and RAM separately, so this is NOT comparable to Oracle or Azure"
2026-08-11T12:08:03+00:00,gcp,2026-08-11T07:00:00Z,europe-west2,A536-20C0-F99F,g2-standard-4,L4,1,spot,USD,0.48288,GPU Per Hour,0.48288,machine_inclusive,accelerator $0.3826/GPU-hr plus 4 vCPU and 16 GB RAM
2026-08-11T12:08:03+00:00,gcp,2026-08-11T07:00:00Z,europe-west2,A536-20C0-F99F,g2-standard-8,L4,1,spot,USD,0.58316,GPU Per Hour,0.58316,machine_inclusive,accelerator $0.3826/GPU-hr plus 8 vCPU and 32 GB RAM
2026-08-11T12:08:03+00:00,gcp,2026-08-11T07:00:00Z,europe-west2,A536-20C0-F99F,g2-standard-12,L4,1,spot,USD,0.68344,GPU Per Hour,0.68344,machine_inclusive,accelerator $0.3826/GPU-hr plus 12 vCPU and 48 GB RAM
2026-08-11T12:08:03+00:00,gcp,2026-08-11T07:00:00Z,europe-west2,A536-20C0-F99F,g2-standard-16,L4,1,spot,USD,0.78372,GPU Per Hour,0.78372,machine_inclusive,accelerator $0.3826/GPU-hr plus 16 vCPU and 64 GB RAM
2026-08-11T12:08:03+00:00,gcp,2026-08-11T07:00:00Z,europe-west2,A536-20C0-F99F,g2-standard-24,L4,2,spot,USD,1.36688,Machine Per Hour,0.68344,machine_inclusive,accelerator $0.3826/GPU-hr plus 24 vCPU and 96 GB RAM
2026-08-11T12:08:03+00:00,gcp,2026-08-11T07:00:00Z,europe-west2,A536-20C0-F99F,g2-standard-32,L4,1,spot,USD,1.18484,GPU Per Hour,1.18484,machine_inclusive,accelerator $0.3826/GPU-hr plus 32 vCPU and 128 GB RAM
2026-08-11T12:08:03+00:00,gcp,2026-08-11T07:00:00Z,europe-west2,A536-20C0-F99F,g2-standard-48,L4,4,spot,USD,2.73376,Machine Per Hour,0.68344,machine_inclusive,accelerator $0.3826/GPU-hr plus 48 vCPU and 192 GB RAM
2026-08-11T12:08:03+00:00,gcp,2026-08-11T07:00:00Z,europe-west2,A536-20C0-F99F,g2-standard-96,L4,8,spot,USD,5.46752,Machine Per Hour,0.68344,machine_inclusive,accelerator $0.3826/GPU-hr plus 96 vCPU and 384 GB RAM
2026-08-11T12:08:03+00:00,gcp,2026-08-11T07:00:00Z,europe-north1,A54E-0C8A-C099,RTX 6000 96GB,RTX PRO 6000,1,3_year,USD,0.530299,GPU Per Hour,0.530299,accelerator_only,"bare accelerator price; Google bills vCPU and RAM separately, so this is NOT comparable to Oracle or Azure"
2026-08-11T12:08:03+00:00,gcp,2026-08-11T07:00:00Z,us-west8,A568-699E-1AE6,Nvidia Tesla P100 GPU,P100,1,spot,USD,0.2684,GPU Per Hour,0.2684,accelerator_only,"bare accelerator price; Google bills vCPU and RAM separately, so this is NOT comparable to Oracle or Azure"
2026-08-11T12:08:03+00:00,gcp,2026-08-11T07:00:00Z,australia-southeast1,A58A-ACA7-2EAC,a2-ultragpu-1g,A100,1,on_demand,USD,7.136052,GPU Per Hour,7.136052,machine_inclusive,accelerator $5.5759/GPU-hr plus 12 vCPU and 170 GB RAM
2026-08-11T12:08:03+00:00,gcp,2026-08-11T07:00:00Z,australia-southeast1,A58A-ACA7-2EAC,a2-ultragpu-2g,A100,2,on_demand,USD,14.272104,Machine Per Hour,7.136052,machine_inclusive,accelerator $5.5759/GPU-hr plus 24 vCPU and 340 GB RAM
2026-08-11T12:08:03+00:00,gcp,2026-08-11T07:00:00Z,australia-southeast1,A58A-ACA7-2EAC,a2-ultragpu-4g,A100,4,on_demand,USD,28.544208,Machine Per Hour,7.136052,machine_inclusive,accelerator $5.5759/GPU-hr plus 48 vCPU and 680 GB RAM
2026-08-11T12:08:03+00:00,gcp,2026-08-11T07:00:00Z,australia-southeast1,A58A-ACA7-2EAC,a2-ultragpu-8g,A100,8,on_demand,USD,57.088416,Machine Per Hour,7.136052,machine_inclusive,accelerator $5.5759/GPU-hr plus 96 vCPU and 1360 GB RAM
2026-08-11T12:08:03+00:00,gcp,2026-08-11T07:00:00Z,us-west3,A5C4-5856-00F7,a2-ultragpu-1g,A100,1,on_demand,USD,6.042715,GPU Per Hour,6.042715,machine_inclusive,accelerator $4.7219/GPU-hr plus 12 vCPU and 170 GB RAM
2026-08-11T12:08:03+00:00,gcp,2026-08-11T07:00:00Z,us-west3,A5C4-5856-00F7,a2-ultragpu-2g,A100,2,on_demand,USD,12.08543,Machine Per Hour,6.042715,machine_inclusive,accelerator $4.7219/GPU-hr plus 24 vCPU and 340 GB RAM
2026-08-11T12:08:03+00:00,gcp,2026-08-11T07:00:00Z,us-west3,A5C4-5856-00F7,a2-ultragpu-4g,A100,4,on_demand,USD,24.17086,Machine Per Hour,6.042715,machine_inclusive,accelerator $4.7219/GPU-hr plus 48 vCPU and 680 GB RAM
2026-08-11T12:08:03+00:00,gcp,2026-08-11T07:00:00Z,us-west3,A5C4-5856-00F7,a2-ultragpu-8g,A100,8,on_demand,USD,48.34172,Machine Per Hour,6.042715,machine_inclusive,accelerator $4.7219/GPU-hr plus 96 vCPU and 1360 GB RAM
2026-08-11T12:08:03+00:00,gcp,2026-08-11T07:00:00Z,asia-south2,A5E2-79FA-E295,g2-standard-4,L4,1,on_demand,USD,0.825474,GPU Per Hour,0.825474,machine_inclusive,accelerator $0.6727/GPU-hr plus 4 vCPU and 16 GB RAM
2026-08-11T12:08:03+00:00,gcp,2026-08-11T07:00:00Z,asia-south2,A5E2-79FA-E295,g2-standard-8,L4,1,on_demand,USD,0.978283,GPU Per Hour,0.978283,machine_inclusive,accelerator $0.6727/GPU-hr plus 8 vCPU and 32 GB RAM
2026-08-11T12:08:03+00:00,gcp,2026-08-11T07:00:00Z,asia-south2,A5E2-79FA-E295,g2-standard-12,L4,1,on_demand,USD,1.131093,GPU Per Hour,1.131093,machine_inclusive,accelerator $0.6727/GPU-hr plus 12 vCPU and 48 GB RAM
2026-08-11T12:08:03+00:00,gcp,2026-08-11T07:00:00Z,asia-south2,A5E2-79FA-E295,g2-standard-16,L4,1,on_demand,USD,1.283902,GPU Per Hour,1.283902,machine_inclusive,accelerator $0.6727/GPU-hr plus 16 vCPU and 64 GB RAM
2026-08-11T12:08:03+00:00,gcp,2026-08-11T07:00:00Z,asia-south2,A5E2-79FA-E295,g2-standard-24,L4,2,on_demand,USD,2.262186,Machine Per Hour,1.131093,machine_inclusive,accelerator $0.6727/GPU-hr plus 24 vCPU and 96 GB RAM
2026-08-11T12:08:03+00:00,gcp,2026-08-11T07:00:00Z,asia-south2,A5E2-79FA-E295,g2-standard-32,L4,1,on_demand,USD,1.89514,GPU Per Hour,1.89514,machine_inclusive,accelerator $0.6727/GPU-hr plus 32 vCPU and 128 GB RAM
2026-08-11T12:08:03+00:00,gcp,2026-08-11T07:00:00Z,asia-south2,A5E2-79FA-E295,g2-standard-48,L4,4,on_demand,USD,4.524371,Machine Per Hour,1.131093,machine_inclusive,accelerator $0.6727/GPU-hr plus 48 vCPU and 192 GB RAM
2026-08-11T12:08:03+00:00,gcp,2026-08-11T07:00:00Z,asia-south2,A5E2-79FA-E295,g2-standard-96,L4,8,on_demand,USD,9.048743,Machine Per Hour,1.131093,machine_inclusive,accelerator $0.6727/GPU-hr plus 96 vCPU and 384 GB RAM
2026-08-11T12:08:03+00:00,gcp,2026-08-11T07:00:00Z,southamerica-east1,A63C-1D5A-6C58,g2-standard-4,L4,1,3_year,USD,0.505071,GPU Per Hour,0.505071,machine_inclusive,accelerator $0.4002/GPU-hr plus 4 vCPU and 16 GB RAM
2026-08-11T12:08:03+00:00,gcp,2026-08-11T07:00:00Z,southamerica-east1,A63C-1D5A-6C58,g2-standard-8,L4,1,3_year,USD,0.609962,GPU Per Hour,0.609962,machine_inclusive,accelerator $0.4002/GPU-hr plus 8 vCPU and 32 GB RAM
2026-08-11T12:08:03+00:00,gcp,2026-08-11T07:00:00Z,southamerica-east1,A63C-1D5A-6C58,g2-standard-12,L4,1,3_year,USD,0.714853,GPU Per Hour,0.714853,machine_inclusive,accelerator $0.4002/GPU-hr plus 12 vCPU and 48 GB RAM
2026-08-11T12:08:03+00:00,gcp,2026-08-11T07:00:00Z,southamerica-east1,A63C-1D5A-6C58,g2-standard-16,L4,1,3_year,USD,0.819743,GPU Per Hour,0.819743,machine_inclusive,accelerator $0.4002/GPU-hr plus 16 vCPU and 64 GB RAM
2026-08-11T12:08:03+00:00,gcp,2026-08-11T07:00:00Z,southamerica-east1,A63C-1D5A-6C58,g2-standard-24,L4,2,3_year,USD,1.429705,Machine Per Hour,0.714853,machine_inclusive,accelerator $0.4002/GPU-hr plus 24 vCPU and 96 GB RAM
2026-08-11T12:08:03+00:00,gcp,2026-08-11T07:00:00Z,southamerica-east1,A63C-1D5A-6C58,g2-standard-32,L4,1,3_year,USD,1.239307,GPU Per Hour,1.239307,machine_inclusive,accelerator $0.4002/GPU-hr plus 32 vCPU and 128 GB RAM
2026-08-11T12:08:03+00:00,gcp,2026-08-11T07:00:00Z,southamerica-east1,A63C-1D5A-6C58,g2-standard-48,L4,4,3_year,USD,2.85941,Machine Per Hour,0.714853,machine_inclusive,accelerator $0.4002/GPU-hr plus 48 vCPU and 192 GB RAM
2026-08-11T12:08:03+00:00,gcp,2026-08-11T07:00:00Z,southamerica-east1,A63C-1D5A-6C58,g2-standard-96,L4,8,3_year,USD,5.71882,Machine Per Hour,0.714853,machine_inclusive,accelerator $0.4002/GPU-hr plus 96 vCPU and 384 GB RAM
2026-08-11T12:08:03+00:00,gcp,2026-08-11T07:00:00Z,asia-northeast3,A659-6ED9-B120,1/8 vGPU,,,1_year,USD,0.58024,GPU Per Hour,,,accelerator not in the lookup table -- add it to gcp.py
2026-08-11T12:08:03+00:00,gcp,2026-08-11T07:00:00Z,europe-southwest1,A684-6199-E1EB,a2-ultragpu-1g,A100,1,on_demand,USD,5.932688,GPU Per Hour,5.932688,machine_inclusive,accelerator $4.6351/GPU-hr plus 12 vCPU and 170 GB RAM
2026-08-11T12:08:03+00:00,gcp,2026-08-11T07:00:00Z,europe-southwest1,A684-6199-E1EB,a2-ultragpu-2g,A100,2,on_demand,USD,11.865376,Machine Per Hour,5.932688,machine_inclusive,accelerator $4.6351/GPU-hr plus 24 vCPU and 340 GB RAM
2026-08-11T12:08:03+00:00,gcp,2026-08-11T07:00:00Z,europe-southwest1,A684-6199-E1EB,a2-ultragpu-4g,A100,4,on_demand,USD,23.730752,Machine Per Hour,5.932688,machine_inclusive,accelerator $4.6351/GPU-hr plus 48 vCPU and 680 GB RAM
2026-08-11T12:08:03+00:00,gcp,2026-08-11T07:00:00Z,europe-southwest1,A684-6199-E1EB,a2-ultragpu-8g,A100,8,on_demand,USD,47.461504,Machine Per Hour,5.932688,machine_inclusive,accelerator $4.6351/GPU-hr plus 96 vCPU and 1360 GB RAM
2026-08-11T12:08:03+00:00,gcp,2026-08-11T07:00:00Z,africa-south1,A6AA-26BD-485E,a2-highgpu-1g,A100,1,3_year,USD,1.681707,GPU Per Hour,1.681707,machine_inclusive,accelerator $1.3431/GPU-hr plus 12 vCPU and 85 GB RAM
2026-08-11T12:08:03+00:00,gcp,2026-08-11T07:00:00Z,africa-south1,A6AA-26BD-485E,a2-highgpu-2g,A100,2,3_year,USD,3.363413,Machine Per Hour,1.681707,machine_inclusive,accelerator $1.3431/GPU-hr plus 24 vCPU and 170 GB RAM
2026-08-11T12:08:03+00:00,gcp,2026-08-11T07:00:00Z,africa-south1,A6AA-26BD-485E,a2-highgpu-4g,A100,4,3_year,USD,6.726826,Machine Per Hour,1.681707,machine_inclusive,accelerator $1.3431/GPU-hr plus 48 vCPU and 340 GB RAM
2026-08-11T12:08:03+00:00,gcp,2026-08-11T07:00:00Z,africa-south1,A6AA-26BD-485E,a2-highgpu-8g,A100,8,3_year,USD,13.453652,Machine Per Hour,1.681707,machine_inclusive,accelerator $1.3431/GPU-hr plus 96 vCPU and 680 GB RAM
2026-08-11T12:08:03+00:00,gcp,2026-08-11T07:00:00Z,africa-south1,A6AA-26BD-485E,a2-megagpu-16g,A100,16,3_year,USD,25.518034,Machine Per Hour,1.594877,machine_inclusive,accelerator $1.3431/GPU-hr plus 96 vCPU and 1360 GB RAM
2026-08-11T12:08:03+00:00,gcp,2026-08-11T07:00:00Z,australia-southeast2,A6D0-A91E-F29A,a2-highgpu-1g,A100,1,3_year,USD,1.825406,GPU Per Hour,1.825406,machine_inclusive,accelerator $1.4582/GPU-hr plus 12 vCPU and 85 GB RAM
2026-08-11T12:08:03+00:00,gcp,2026-08-11T07:00:00Z,australia-southeast2,A6D0-A91E-F29A,a2-highgpu-2g,A100,2,3_year,USD,3.650811,Machine Per Hour,1.825406,machine_inclusive,accelerator $1.4582/GPU-hr plus 24 vCPU and 170 GB RAM
2026-08-11T12:08:03+00:00,gcp,2026-08-11T07:00:00Z,australia-southeast2,A6D0-A91E-F29A,a2-highgpu-4g,A100,4,3_year,USD,7.301623,Machine Per Hour,1.825406,machine_inclusive,accelerator $1.4582/GPU-hr plus 48 vCPU and 340 GB RAM
2026-08-11T12:08:03+00:00,gcp,2026-08-11T07:00:00Z,australia-southeast2,A6D0-A91E-F29A,a2-highgpu-8g,A100,8,3_year,USD,14.603246,Machine Per Hour,1.825406,machine_inclusive,accelerator $1.4582/GPU-hr plus 96 vCPU and 680 GB RAM
2026-08-11T12:08:03+00:00,gcp,2026-08-11T07:00:00Z,australia-southeast2,A6D0-A91E-F29A,a2-megagpu-16g,A100,16,3_year,USD,27.699322,Machine Per Hour,1.731208,machine_inclusive,accelerator $1.4582/GPU-hr plus 96 vCPU and 1360 GB RAM
2026-08-11T12:08:03+00:00,gcp,2026-08-11T07:00:00Z,europe-west4,A71C-A63B-6B00,a2-ultragpu-1g,A100,1,1_year,USD,4.595592,GPU Per Hour,4.595592,machine_inclusive,accelerator $3.8330/GPU-hr plus 12 vCPU and 170 GB RAM
2026-08-11T12:08:03+00:00,gcp,2026-08-11T07:00:00Z,europe-west4,A71C-A63B-6B00,a2-ultragpu-2g,A100,2,1_year,USD,9.191183,Machine Per Hour,4.595592,machine_inclusive,accelerator $3.8330/GPU-hr plus 24 vCPU and 340 GB RAM
2026-08-11T12:08:03+00:00,gcp,2026-08-11T07:00:00Z,europe-west4,A71C-A63B-6B00,a2-ultragpu-4g,A100,4,1_year,USD,18.382366,Machine Per Hour,4.595592,machine_inclusive,accelerator $3.8330/GPU-hr plus 48 vCPU and 680 GB RAM
2026-08-11T12:08:03+00:00,gcp,2026-08-11T07:00:00Z,europe-west4,A71C-A63B-6B00,a2-ultragpu-8g,A100,8,1_year,USD,36.764733,Machine Per Hour,4.595592,machine_inclusive,accelerator $3.8330/GPU-hr plus 96 vCPU and 1360 GB RAM
2026-08-11T12:08:03+00:00,gcp,2026-08-11T07:00:00Z,us-west2,A73C-2F6F-F66F,g2-standard-4,L4,1,spot,USD,0.076472,GPU Per Hour,0.076472,machine_inclusive,accelerator $0.0606/GPU-hr plus 4 vCPU and 16 GB RAM
2026-08-11T12:08:03+00:00,gcp,2026-08-11T07:00:00Z,us-west2,A73C-2F6F-F66F,g2-standard-8,L4,1,spot,USD,0.092344,GPU Per Hour,0.092344,machine_inclusive,accelerator $0.0606/GPU-hr plus 8 vCPU and 32 GB RAM
2026-08-11T12:08:03+00:00,gcp,2026-08-11T07:00:00Z,us-west2,A73C-2F6F-F66F,g2-standard-12,L4,1,spot,USD,0.108216,GPU Per Hour,0.108216,machine_inclusive,accelerator $0.0606/GPU-hr plus 12 vCPU and 48 GB RAM
2026-08-11T12:08:03+00:00,gcp,2026-08-11T07:00:00Z,us-west2,A73C-2F6F-F66F,g2-standard-16,L4,1,spot,USD,0.124088,GPU Per Hour,0.124088,machine_inclusive,accelerator $0.0606/GPU-hr plus 16 vCPU and 64 GB RAM
2026-08-11T12:08:03+00:00,gcp,2026-08-11T07:00:00Z,us-west2,A73C-2F6F-F66F,g2-standard-24,L4,2,spot,USD,0.216432,Machine Per Hour,0.108216,machine_inclusive,accelerator $0.0606/GPU-hr plus 24 vCPU and 96 GB RAM
2026-08-11T12:08:03+00:00,gcp,2026-08-11T07:00:00Z,us-west2,A73C-2F6F-F66F,g2-standard-32,L4,1,spot,USD,0.187576,GPU Per Hour,0.187576,machine_inclusive,accelerator $0.0606/GPU-hr plus 32 vCPU and 128 GB RAM
2026-08-11T12:08:03+00:00,gcp,2026-08-11T07:00:00Z,us-west2,A73C-2F6F-F66F,g2-standard-48,L4,4,spot,USD,0.432864,Machine Per Hour,0.108216,machine_inclusive,accelerator $0.0606/GPU-hr plus 48 vCPU and 192 GB RAM
2026-08-11T12:08:03+00:00,gcp,2026-08-11T07:00:00Z,us-west2,A73C-2F6F-F66F,g2-standard-96,L4,8,spot,USD,0.865728,Machine Per Hour,0.108216,machine_inclusive,accelerator $0.0606/GPU-hr plus 96 vCPU and 384 GB RAM
2026-08-11T12:08:03+00:00,gcp,2026-08-11T07:00:00Z,us-south1,A7DD-B2F1-3095,g2-standard-4,L4,1,spot,USD,0.12796,GPU Per Hour,0.12796,machine_inclusive,accelerator $0.1014/GPU-hr plus 4 vCPU and 16 GB RAM
2026-08-11T12:08:03+00:00,gcp,2026-08-11T07:00:00Z,us-south1,A7DD-B2F1-3095,g2-standard-8,L4,1,spot,USD,0.15452,GPU Per Hour,0.15452,machine_inclusive,accelerator $0.1014/GPU-hr plus 8 vCPU and 32 GB RAM
2026-08-11T12:08:03+00:00,gcp,2026-08-11T07:00:00Z,us-south1,A7DD-B2F1-3095,g2-standard-12,L4,1,spot,USD,0.18108,GPU Per Hour,0.18108,machine_inclusive,accelerator $0.1014/GPU-hr plus 12 vCPU and 48 GB RAM
2026-08-11T12:08:03+00:00,gcp,2026-08-11T07:00:00Z,us-south1,A7DD-B2F1-3095,g2-standard-16,L4,1,spot,USD,0.20764,GPU Per Hour,0.20764,machine_inclusive,accelerator $0.1014/GPU-hr plus 16 vCPU and 64 GB RAM
2026-08-11T12:08:03+00:00,gcp,2026-08-11T07:00:00Z,us-south1,A7DD-B2F1-3095,g2-standard-24,L4,2,spot,USD,0.36216,Machine Per Hour,0.18108,machine_inclusive,accelerator $0.1014/GPU-hr plus 24 vCPU and 96 GB RAM
2026-08-11T12:08:03+00:00,gcp,2026-08-11T07:00:00Z,us-south1,A7DD-B2F1-3095,g2-standard-32,L4,1,spot,USD,0.31388,GPU Per Hour,0.31388,machine_inclusive,accelerator $0.1014/GPU-hr plus 32 vCPU and 128 GB RAM
2026-08-11T12:08:03+00:00,gcp,2026-08-11T07:00:00Z,us-south1,A7DD-B2F1-3095,g2-standard-48,L4,4,spot,USD,0.72432,Machine Per Hour,0.18108,machine_inclusive,accelerator $0.1014/GPU-hr plus 48 vCPU and 192 GB RAM
2026-08-11T12:08:03+00:00,gcp,2026-08-11T07:00:00Z,us-south1,A7DD-B2F1-3095,g2-standard-96,L4,8,spot,USD,1.44864,Machine Per Hour,0.18108,machine_inclusive,accelerator $0.1014/GPU-hr plus 96 vCPU and 384 GB RAM
2026-08-11T12:08:03+00:00,gcp,2026-08-11T07:00:00Z,asia-east2,A7EE-7EDA-0D8A,a2-highgpu-1g,A100,1,3_year,USD,1.645783,GPU Per Hour,1.645783,machine_inclusive,accelerator $1.2836/GPU-hr plus 12 vCPU and 85 GB RAM
2026-08-11T12:08:03+00:00,gcp,2026-08-11T07:00:00Z,asia-east2,A7EE-7EDA-0D8A,a2-highgpu-2g,A100,2,3_year,USD,3.291566,Machine Per Hour,1.645783,machine_inclusive,accelerator $1.2836/GPU-hr plus 24 vCPU and 170 GB RAM
2026-08-11T12:08:03+00:00,gcp,2026-08-11T07:00:00Z,asia-east2,A7EE-7EDA-0D8A,a2-highgpu-4g,A100,4,3_year,USD,6.583133,Machine Per Hour,1.645783,machine_inclusive,accelerator $1.2836/GPU-hr plus 48 vCPU and 340 GB RAM
2026-08-11T12:08:03+00:00,gcp,2026-08-11T07:00:00Z,asia-east2,A7EE-7EDA-0D8A,a2-highgpu-8g,A100,8,3_year,USD,13.166266,Machine Per Hour,1.645783,machine_inclusive,accelerator $1.2836/GPU-hr plus 96 vCPU and 680 GB RAM
2026-08-11T12:08:03+00:00,gcp,2026-08-11T07:00:00Z,asia-east2,A7EE-7EDA-0D8A,a2-megagpu-16g,A100,16,3_year,USD,24.846366,Machine Per Hour,1.552898,machine_inclusive,accelerator $1.2836/GPU-hr plus 96 vCPU and 1360 GB RAM
2026-08-11T12:08:03+00:00,gcp,2026-08-11T07:00:00Z,australia-southeast1,A7FA-262B-464D,Nvidia Tesla P100 GPU,P100,1,3_year,USD,0.72,GPU Per Hour,0.72,accelerator_only,"bare accelerator price; Google bills vCPU and RAM separately, so this is NOT comparable to Oracle or Azure"
2026-08-11T12:08:03+00:00,gcp,2026-08-11T07:00:00Z,asia-southeast2,A83B-D84D-A4CA,A4 Nvidia B200 (1 gpu slice),B200,1,spot,USD,2.4091,GPU Per Hour,2.4091,machine_inclusive,Google publishes no separate A4 vCPU/RAM SKUs -- the per-slice price already covers the whole machine
2026-08-11T12:08:03+00:00,gcp,2026-08-11T07:00:00Z,us-west3,A855-DAD6-88F7,RTX 6000 96GB,RTX PRO 6000,1,3_year,USD,0.530299,GPU Per Hour,0.530299,accelerator_only,"bare accelerator price; Google bills vCPU and RAM separately, so this is NOT comparable to Oracle or Azure"
2026-08-11T12:08:03+00:00,gcp,2026-08-11T07:00:00Z,us-central1,A88A-5A60-E821,g2-standard-4,L4,1,on_demand,USD,0.706832,GPU Per Hour,0.706832,machine_inclusive,accelerator $0.5600/GPU-hr plus 4 vCPU and 16 GB RAM
2026-08-11T12:08:03+00:00,gcp,2026-08-11T07:00:00Z,us-central1,A88A-5A60-E821,g2-standard-8,L4,1,on_demand,USD,0.853624,GPU Per Hour,0.853624,machine_inclusive,accelerator $0.5600/GPU-hr plus 8 vCPU and 32 GB RAM
2026-08-11T12:08:03+00:00,gcp,2026-08-11T07:00:00Z,us-central1,A88A-5A60-E821,g2-standard-12,L4,1,on_demand,USD,1.000416,GPU Per Hour,1.000416,machine_inclusive,accelerator $0.5600/GPU-hr plus 12 vCPU and 48 GB RAM
2026-08-11T12:08:03+00:00,gcp,2026-08-11T07:00:00Z,us-central1,A88A-5A60-E821,g2-standard-16,L4,1,on_demand,USD,1.147208,GPU Per Hour,1.147208,machine_inclusive,accelerator $0.5600/GPU-hr plus 16 vCPU and 64 GB RAM
2026-08-11T12:08:03+00:00,gcp,2026-08-11T07:00:00Z,us-central1,A88A-5A60-E821,g2-standard-24,L4,2,on_demand,USD,2.000833,Machine Per Hour,1.000416,machine_inclusive,accelerator $0.5600/GPU-hr plus 24 vCPU and 96 GB RAM
2026-08-11T12:08:03+00:00,gcp,2026-08-11T07:00:00Z,us-central1,A88A-5A60-E821,g2-standard-32,L4,1,on_demand,USD,1.734376,GPU Per Hour,1.734376,machine_inclusive,accelerator $0.5600/GPU-hr plus 32 vCPU and 128 GB RAM
2026-08-11T12:08:03+00:00,gcp,2026-08-11T07:00:00Z,us-central1,A88A-5A60-E821,g2-standard-48,L4,4,on_demand,USD,4.001665,Machine Per Hour,1.000416,machine_inclusive,accelerator $0.5600/GPU-hr plus 48 vCPU and 192 GB RAM
2026-08-11T12:08:03+00:00,gcp,2026-08-11T07:00:00Z,us-central1,A88A-5A60-E821,g2-standard-96,L4,8,on_demand,USD,8.00333,Machine Per Hour,1.000416,machine_inclusive,accelerator $0.5600/GPU-hr plus 96 vCPU and 384 GB RAM
2026-08-11T12:08:03+00:00,gcp,2026-08-11T07:00:00Z,us-east1,A88A-5A60-E821,g2-standard-4,L4,1,on_demand,USD,0.706832,GPU Per Hour,0.706832,machine_inclusive,accelerator $0.5600/GPU-hr plus 4 vCPU and 16 GB RAM
2026-08-11T12:08:03+00:00,gcp,2026-08-11T07:00:00Z,us-east1,A88A-5A60-E821,g2-standard-8,L4,1,on_demand,USD,0.853624,GPU Per Hour,0.853624,machine_inclusive,accelerator $0.5600/GPU-hr plus 8 vCPU and 32 GB RAM
2026-08-11T12:08:03+00:00,gcp,2026-08-11T07:00:00Z,us-east1,A88A-5A60-E821,g2-standard-12,L4,1,on_demand,USD,1.000416,GPU Per Hour,1.000416,machine_inclusive,accelerator $0.5600/GPU-hr plus 12 vCPU and 48 GB RAM
2026-08-11T12:08:03+00:00,gcp,2026-08-11T07:00:00Z,us-east1,A88A-5A60-E821,g2-standard-16,L4,1,on_demand,USD,1.147208,GPU Per Hour,1.147208,machine_inclusive,accelerator $0.5600/GPU-hr plus 16 vCPU and 64 GB RAM
2026-08-11T12:08:03+00:00,gcp,2026-08-11T07:00:00Z,us-east1,A88A-5A60-E821,g2-standard-24,L4,2,on_demand,USD,2.000833,Machine Per Hour,1.000416,machine_inclusive,accelerator $0.5600/GPU-hr plus 24 vCPU and 96 GB RAM
2026-08-11T12:08:03+00:00,gcp,2026-08-11T07:00:00Z,us-east1,A88A-5A60-E821,g2-standard-32,L4,1,on_demand,USD,1.734376,GPU Per Hour,1.734376,machine_inclusive,accelerator $0.5600/GPU-hr plus 32 vCPU and 128 GB RAM
2026-08-11T12:08:03+00:00,gcp,2026-08-11T07:00:00Z,us-east1,A88A-5A60-E821,g2-standard-48,L4,4,on_demand,USD,4.001665,Machine Per Hour,1.000416,machine_inclusive,accelerator $0.5600/GPU-hr plus 48 vCPU and 192 GB RAM
2026-08-11T12:08:03+00:00,gcp,2026-08-11T07:00:00Z,us-east1,A88A-5A60-E821,g2-standard-96,L4,8,on_demand,USD,8.00333,Machine Per Hour,1.000416,machine_inclusive,accelerator $0.5600/GPU-hr plus 96 vCPU and 384 GB RAM
2026-08-11T12:08:03+00:00,gcp,2026-08-11T07:00:00Z,us-west1,A88A-5A60-E821,g2-standard-4,L4,1,on_demand,USD,0.706832,GPU Per Hour,0.706832,machine_inclusive,accelerator $0.5600/GPU-hr plus 4 vCPU and 16 GB RAM
2026-08-11T12:08:03+00:00,gcp,2026-08-11T07:00:00Z,us-west1,A88A-5A60-E821,g2-standard-8,L4,1,on_demand,USD,0.853624,GPU Per Hour,0.853624,machine_inclusive,accelerator $0.5600/GPU-hr plus 8 vCPU and 32 GB RAM
2026-08-11T12:08:03+00:00,gcp,2026-08-11T07:00:00Z,us-west1,A88A-5A60-E821,g2-standard-12,L4,1,on_demand,USD,1.000416,GPU Per Hour,1.000416,machine_inclusive,accelerator $0.5600/GPU-hr plus 12 vCPU and 48 GB RAM
2026-08-11T12:08:03+00:00,gcp,2026-08-11T07:00:00Z,us-west1,A88A-5A60-E821,g2-standard-16,L4,1,on_demand,USD,1.147208,GPU Per Hour,1.147208,machine_inclusive,accelerator $0.5600/GPU-hr plus 16 vCPU and 64 GB RAM
2026-08-11T12:08:03+00:00,gcp,2026-08-11T07:00:00Z,us-west1,A88A-5A60-E821,g2-standard-24,L4,2,on_demand,USD,2.000833,Machine Per Hour,1.000416,machine_inclusive,accelerator $0.5600/GPU-hr plus 24 vCPU and 96 GB RAM
2026-08-11T12:08:03+00:00,gcp,2026-08-11T07:00:00Z,us-west1,A88A-5A60-E821,g2-standard-32,L4,1,on_demand,USD,1.734376,GPU Per Hour,1.734376,machine_inclusive,accelerator $0.5600/GPU-hr plus 32 vCPU and 128 GB RAM
2026-08-11T12:08:03+00:00,gcp,2026-08-11T07:00:00Z,us-west1,A88A-5A60-E821,g2-standard-48,L4,4,on_demand,USD,4.001665,Machine Per Hour,1.000416,machine_inclusive,accelerator $0.5600/GPU-hr plus 48 vCPU and 192 GB RAM
2026-08-11T12:08:03+00:00,gcp,2026-08-11T07:00:00Z,us-west1,A88A-5A60-E821,g2-standard-96,L4,8,on_demand,USD,8.00333,Machine Per Hour,1.000416,machine_inclusive,accelerator $0.5600/GPU-hr plus 96 vCPU and 384 GB RAM
2026-08-11T12:08:03+00:00,gcp,2026-08-11T07:00:00Z,us-east4,A8AF-445B-411E,Nvidia Tesla P4 GPU,P4,1,1_year,USD,0.378,GPU Per Hour,0.378,accelerator_only,"bare accelerator price; Google bills vCPU and RAM separately, so this is NOT comparable to Oracle or Azure"
2026-08-11T12:08:03+00:00,gcp,2026-08-11T07:00:00Z,europe-west6,A8BE-7F06-E24C,Nvidia Tesla P4 GPU,P4,1,3_year,USD,0.351,GPU Per Hour,0.351,accelerator_only,"bare accelerator price; Google bills vCPU and RAM separately, so this is NOT comparable to Oracle or Azure"
2026-08-11T12:08:03+00:00,gcp,2026-08-11T07:00:00Z,australia-southeast2,A8EF-BED7-B749,g2-standard-4,L4,1,1_year,USD,0.578692,GPU Per Hour,0.578692,machine_inclusive,accelerator $0.4585/GPU-hr plus 4 vCPU and 16 GB RAM
2026-08-11T12:08:03+00:00,gcp,2026-08-11T07:00:00Z,australia-southeast2,A8EF-BED7-B749,g2-standard-8,L4,1,1_year,USD,0.698872,GPU Per Hour,0.698872,machine_inclusive,accelerator $0.4585/GPU-hr plus 8 vCPU and 32 GB RAM
2026-08-11T12:08:03+00:00,gcp,2026-08-11T07:00:00Z,australia-southeast2,A8EF-BED7-B749,g2-standard-12,L4,1,1_year,USD,0.819052,GPU Per Hour,0.819052,machine_inclusive,accelerator $0.4585/GPU-hr plus 12 vCPU and 48 GB RAM
2026-08-11T12:08:03+00:00,gcp,2026-08-11T07:00:00Z,australia-southeast2,A8EF-BED7-B749,g2-standard-16,L4,1,1_year,USD,0.939233,GPU Per Hour,0.939233,machine_inclusive,accelerator $0.4585/GPU-hr plus 16 vCPU and 64 GB RAM
2026-08-11T12:08:03+00:00,gcp,2026-08-11T07:00:00Z,australia-southeast2,A8EF-BED7-B749,g2-standard-24,L4,2,1_year,USD,1.638105,Machine Per Hour,0.819052,machine_inclusive,accelerator $0.4585/GPU-hr plus 24 vCPU and 96 GB RAM
2026-08-11T12:08:03+00:00,gcp,2026-08-11T07:00:00Z,australia-southeast2,A8EF-BED7-B749,g2-standard-32,L4,1,1_year,USD,1.419954,GPU Per Hour,1.419954,machine_inclusive,accelerator $0.4585/GPU-hr plus 32 vCPU and 128 GB RAM
2026-08-11T12:08:03+00:00,gcp,2026-08-11T07:00:00Z,australia-southeast2,A8EF-BED7-B749,g2-standard-48,L4,4,1_year,USD,3.27621,Machine Per Hour,0.819052,machine_inclusive,accelerator $0.4585/GPU-hr plus 48 vCPU and 192 GB RAM
2026-08-11T12:08:03+00:00,gcp,2026-08-11T07:00:00Z,australia-southeast2,A8EF-BED7-B749,g2-standard-96,L4,8,1_year,USD,6.552419,Machine Per Hour,0.819052,machine_inclusive,accelerator $0.4585/GPU-hr plus 96 vCPU and 384 GB RAM
2026-08-11T12:08:03+00:00,gcp,2026-08-11T07:00:00Z,us-west4,A8FD-BD04-2551,1/8 vGPU,,,3_year,USD,0.31309,GPU Per Hour,,,accelerator not in the lookup table -- add it to gcp.py
2026-08-11T12:08:03+00:00,gcp,2026-08-11T07:00:00Z,asia-northeast2,A944-03A9-3070,Nvidia Tesla T4 GPU,T4,1,3_year,USD,0.17,GPU Per Hour,0.17,accelerator_only,"bare accelerator price; Google bills vCPU and RAM separately, so this is NOT comparable to Oracle or Azure"
2026-08-11T12:08:03+00:00,gcp,2026-08-11T07:00:00Z,europe-west2,A97C-DC08-AD32,Nvidia Tesla T4 GPU,T4,1,3_year,USD,0.18,GPU Per Hour,0.18,accelerator_only,"bare accelerator price; Google bills vCPU and RAM separately, so this is NOT comparable to Oracle or Azure"
2026-08-11T12:08:03+00:00,gcp,2026-08-11T07:00:00Z,asia-northeast1,A9A2-6EFB-0F83,a2-highgpu-1g,A100,1,spot,USD,2.429675,GPU Per Hour,2.429675,machine_inclusive,accelerator $1.8609/GPU-hr plus 12 vCPU and 85 GB RAM
2026-08-11T12:08:03+00:00,gcp,2026-08-11T07:00:00Z,asia-northeast1,A9A2-6EFB-0F83,a2-highgpu-2g,A100,2,spot,USD,4.85935,Machine Per Hour,2.429675,machine_inclusive,accelerator $1.8609/GPU-hr plus 24 vCPU and 170 GB RAM
2026-08-11T12:08:03+00:00,gcp,2026-08-11T07:00:00Z,asia-northeast1,A9A2-6EFB-0F83,a2-highgpu-4g,A100,4,spot,USD,9.7187,Machine Per Hour,2.429675,machine_inclusive,accelerator $1.8609/GPU-hr plus 48 vCPU and 340 GB RAM
2026-08-11T12:08:03+00:00,gcp,2026-08-11T07:00:00Z,asia-northeast1,A9A2-6EFB-0F83,a2-highgpu-8g,A100,8,spot,USD,19.4374,Machine Per Hour,2.429675,machine_inclusive,accelerator $1.8609/GPU-hr plus 96 vCPU and 680 GB RAM
2026-08-11T12:08:03+00:00,gcp,2026-08-11T07:00:00Z,asia-northeast1,A9A2-6EFB-0F83,a2-megagpu-16g,A100,16,spot,USD,36.53528,Machine Per Hour,2.283455,machine_inclusive,accelerator $1.8609/GPU-hr plus 96 vCPU and 1360 GB RAM
2026-08-11T12:08:03+00:00,gcp,2026-08-11T07:00:00Z,europe-west6,A9AA-3790-AABE,a3-highgpu-8g,H100,8,1_year,USD,85.29013,Machine Per Hour,10.661266,machine_inclusive,accelerator $9.5109/GPU-hr plus 208 vCPU and 1872 GB RAM
2026-08-11T12:08:03+00:00,gcp,2026-08-11T07:00:00Z,europe-west9,A9AF-7D55-5BE9,a3-highgpu-8g,H100,8,on_demand,USD,101.885669,Machine Per Hour,12.735709,machine_inclusive,accelerator $11.3640/GPU-hr plus 208 vCPU and 1872 GB RAM
2026-08-11T12:08:03+00:00,gcp,2026-08-11T07:00:00Z,europe-west1,A9B1-FC81-5188,a3-megagpu-8g,H100 Mega,8,1_year,USD,70.241717,Machine Per Hour,8.780215,machine_inclusive,accelerator $7.8328/GPU-hr plus 208 vCPU and 1872 GB RAM
2026-08-11T12:08:03+00:00,gcp,2026-08-11T07:00:00Z,southamerica-west1,A9EF-D150-8108,a2-highgpu-1g,A100,1,3_year,USD,1.838563,GPU Per Hour,1.838563,machine_inclusive,accelerator $1.4684/GPU-hr plus 12 vCPU and 85 GB RAM
2026-08-11T12:08:03+00:00,gcp,2026-08-11T07:00:00Z,southamerica-west1,A9EF-D150-8108,a2-highgpu-2g,A100,2,3_year,USD,3.677126,Machine Per Hour,1.838563,machine_inclusive,accelerator $1.4684/GPU-hr plus 24 vCPU and 170 GB RAM
2026-08-11T12:08:03+00:00,gcp,2026-08-11T07:00:00Z,southamerica-west1,A9EF-D150-8108,a2-highgpu-4g,A100,4,3_year,USD,7.354253,Machine Per Hour,1.838563,machine_inclusive,accelerator $1.4684/GPU-hr plus 48 vCPU and 340 GB RAM
2026-08-11T12:08:03+00:00,gcp,2026-08-11T07:00:00Z,southamerica-west1,A9EF-D150-8108,a2-highgpu-8g,A100,8,3_year,USD,14.708505,Machine Per Hour,1.838563,machine_inclusive,accelerator $1.4684/GPU-hr plus 96 vCPU and 680 GB RAM
2026-08-11T12:08:03+00:00,gcp,2026-08-11T07:00:00Z,southamerica-west1,A9EF-D150-8108,a2-megagpu-16g,A100,16,3_year,USD,27.89816,Machine Per Hour,1.743635,machine_inclusive,accelerator $1.4684/GPU-hr plus 96 vCPU and 1360 GB RAM
2026-08-11T12:08:03+00:00,gcp,2026-08-11T07:00:00Z,europe-west4,AA3C-1AA4-A2DA,A4 Nvidia B200 (1 gpu slice),B200,1,1_year,USD,12.22749,GPU Per Hour,12.22749,machine_inclusive,Google publishes no separate A4 vCPU/RAM SKUs -- the per-slice price already covers the whole machine
2026-08-11T12:08:03+00:00,gcp,2026-08-11T07:00:00Z,asia-southeast1,AA44-AD6E-373A,a2-ultragpu-1g,A100,1,1_year,USD,5.149095,GPU Per Hour,5.149095,machine_inclusive,accelerator $4.2946/GPU-hr plus 12 vCPU and 170 GB RAM
2026-08-11T12:08:03+00:00,gcp,2026-08-11T07:00:00Z,asia-southeast1,AA44-AD6E-373A,a2-ultragpu-2g,A100,2,1_year,USD,10.29819,Machine Per Hour,5.149095,machine_inclusive,accelerator $4.2946/GPU-hr plus 24 vCPU and 340 GB RAM
2026-08-11T12:08:03+00:00,gcp,2026-08-11T07:00:00Z,asia-southeast1,AA44-AD6E-373A,a2-ultragpu-4g,A100,4,1_year,USD,20.59638,Machine Per Hour,5.149095,machine_inclusive,accelerator $4.2946/GPU-hr plus 48 vCPU and 680 GB RAM
2026-08-11T12:08:03+00:00,gcp,2026-08-11T07:00:00Z,asia-southeast1,AA44-AD6E-373A,a2-ultragpu-8g,A100,8,1_year,USD,41.19276,Machine Per Hour,5.149095,machine_inclusive,accelerator $4.2946/GPU-hr plus 96 vCPU and 1360 GB RAM
2026-08-11T12:08:03+00:00,gcp,2026-08-11T07:00:00Z,asia-northeast2,AA53-55C2-5F5E,a2-highgpu-1g,A100,1,on_demand,USD,4.049591,GPU Per Hour,4.049591,machine_inclusive,accelerator $3.1016/GPU-hr plus 12 vCPU and 85 GB RAM
2026-08-11T12:08:03+00:00,gcp,2026-08-11T07:00:00Z,asia-northeast2,AA53-55C2-5F5E,a2-highgpu-2g,A100,2,on_demand,USD,8.099182,Machine Per Hour,4.049591,machine_inclusive,accelerator $3.1016/GPU-hr plus 24 vCPU and 170 GB RAM
2026-08-11T12:08:03+00:00,gcp,2026-08-11T07:00:00Z,asia-northeast2,AA53-55C2-5F5E,a2-highgpu-4g,A100,4,on_demand,USD,16.198364,Machine Per Hour,4.049591,machine_inclusive,accelerator $3.1016/GPU-hr plus 48 vCPU and 340 GB RAM
2026-08-11T12:08:03+00:00,gcp,2026-08-11T07:00:00Z,asia-northeast2,AA53-55C2-5F5E,a2-highgpu-8g,A100,8,on_demand,USD,32.396727,Machine Per Hour,4.049591,machine_inclusive,accelerator $3.1016/GPU-hr plus 96 vCPU and 680 GB RAM
2026-08-11T12:08:03+00:00,gcp,2026-08-11T07:00:00Z,asia-northeast2,AA53-55C2-5F5E,a2-megagpu-16g,A100,16,on_demand,USD,60.894127,Machine Per Hour,3.805883,machine_inclusive,accelerator $3.1016/GPU-hr plus 96 vCPU and 1360 GB RAM
2026-08-11T12:08:03+00:00,gcp,2026-08-11T07:00:00Z,asia-south1,AA82-9E5B-A8FC,a3-highgpu-8g,H100,8,3_year,USD,40.111235,Machine Per Hour,5.013904,machine_inclusive,accelerator $4.4719/GPU-hr plus 208 vCPU and 1872 GB RAM
2026-08-11T12:08:03+00:00,gcp,2026-08-11T07:00:00Z,asia-south1,AA90-EE90-4B60,RTX 6000 96GB,RTX PRO 6000,1,3_year,USD,0.62672,GPU Per Hour,0.62672,accelerator_only,"bare accelerator price; Google bills vCPU and RAM separately, so this is NOT comparable to Oracle or Azure"
2026-08-11T12:08:03+00:00,gcp,2026-08-11T07:00:00Z,me-central1,AAE2-B29F-1CEB,a2-ultragpu-1g,A100,1,1_year,USD,5.071167,GPU Per Hour,5.071167,machine_inclusive,accelerator $4.2295/GPU-hr plus 12 vCPU and 170 GB RAM
2026-08-11T12:08:03+00:00,gcp,2026-08-11T07:00:00Z,me-central1,AAE2-B29F-1CEB,a2-ultragpu-2g,A100,2,1_year,USD,10.142333,Machine Per Hour,5.071167,machine_inclusive,accelerator $4.2295/GPU-hr plus 24 vCPU and 340 GB RAM
2026-08-11T12:08:03+00:00,gcp,2026-08-11T07:00:00Z,me-central1,AAE2-B29F-1CEB,a2-ultragpu-4g,A100,4,1_year,USD,20.284666,Machine Per Hour,5.071167,machine_inclusive,accelerator $4.2295/GPU-hr plus 48 vCPU and 680 GB RAM
2026-08-11T12:08:03+00:00,gcp,2026-08-11T07:00:00Z,me-central1,AAE2-B29F-1CEB,a2-ultragpu-8g,A100,8,1_year,USD,40.569333,Machine Per Hour,5.071167,machine_inclusive,accelerator $4.2295/GPU-hr plus 96 vCPU and 1360 GB RAM
2026-08-11T12:08:03+00:00,gcp,2026-08-11T07:00:00Z,me-central2,AAF4-4FF5-E263,Nvidia Tesla T4 GPU,T4,1,spot,USD,0.1585,GPU Per Hour,0.1585,accelerator_only,"bare accelerator price; Google bills vCPU and RAM separately, so this is NOT comparable to Oracle or Azure"
2026-08-11T12:08:03+00:00,gcp,2026-08-11T07:00:00Z,us-central1,AB15-CD3C-94CE,Nvidia Tesla P4 GPU,P4,1,spot,USD,0.229,GPU Per Hour,0.229,accelerator_only,"bare accelerator price; Google bills vCPU and RAM separately, so this is NOT comparable to Oracle or Azure"
2026-08-11T12:08:03+00:00,gcp,2026-08-11T07:00:00Z,us-east1,AB15-CD3C-94CE,Nvidia Tesla P4 GPU,P4,1,spot,USD,0.229,GPU Per Hour,0.229,accelerator_only,"bare accelerator price; Google bills vCPU and RAM separately, so this is NOT comparable to Oracle or Azure"
2026-08-11T12:08:03+00:00,gcp,2026-08-11T07:00:00Z,us-west1,AB15-CD3C-94CE,Nvidia Tesla P4 GPU,P4,1,spot,USD,0.229,GPU Per Hour,0.229,accelerator_only,"bare accelerator price; Google bills vCPU and RAM separately, so this is NOT comparable to Oracle or Azure"
2026-08-11T12:08:03+00:00,gcp,2026-08-11T07:00:00Z,us-west3,AB4B-8E01-2E5C,a3-highgpu-8g,H100,8,spot,USD,10.109152,Machine Per Hour,1.263644,machine_inclusive,accelerator $1.1273/GPU-hr plus 208 vCPU and 1872 GB RAM
2026-08-11T12:08:03+00:00,gcp,2026-08-11T07:00:00Z,europe-southwest1,AB55-65C8-4270,a2-highgpu-1g,A100,1,3_year,USD,1.517136,GPU Per Hour,1.517136,machine_inclusive,accelerator $1.2117/GPU-hr plus 12 vCPU and 85 GB RAM
2026-08-11T12:08:03+00:00,gcp,2026-08-11T07:00:00Z,europe-southwest1,AB55-65C8-4270,a2-highgpu-2g,A100,2,3_year,USD,3.034272,Machine Per Hour,1.517136,machine_inclusive,accelerator $1.2117/GPU-hr plus 24 vCPU and 170 GB RAM
2026-08-11T12:08:03+00:00,gcp,2026-08-11T07:00:00Z,europe-southwest1,AB55-65C8-4270,a2-highgpu-4g,A100,4,3_year,USD,6.068543,Machine Per Hour,1.517136,machine_inclusive,accelerator $1.2117/GPU-hr plus 48 vCPU and 340 GB RAM
2026-08-11T12:08:03+00:00,gcp,2026-08-11T07:00:00Z,europe-southwest1,AB55-65C8-4270,a2-highgpu-8g,A100,8,3_year,USD,12.137087,Machine Per Hour,1.517136,machine_inclusive,accelerator $1.2117/GPU-hr plus 96 vCPU and 680 GB RAM
2026-08-11T12:08:03+00:00,gcp,2026-08-11T07:00:00Z,europe-southwest1,AB55-65C8-4270,a2-megagpu-16g,A100,16,3_year,USD,23.020856,Machine Per Hour,1.438804,machine_inclusive,accelerator $1.2117/GPU-hr plus 96 vCPU and 1360 GB RAM
2026-08-11T12:08:03+00:00,gcp,2026-08-11T07:00:00Z,us-east4,ABAD-F871-7538,RTX 6000 96GB,RTX PRO 6000,1,3_year,USD,0.48209,GPU Per Hour,0.48209,accelerator_only,"bare accelerator price; Google bills vCPU and RAM separately, so this is NOT comparable to Oracle or Azure"
2026-08-11T12:08:03+00:00,gcp,2026-08-11T07:00:00Z,us-west3,AC0E-B8AA-C0B0,Nvidia Tesla P4 GPU,P4,1,spot,USD,0.0776,GPU Per Hour,0.0776,accelerator_only,"bare accelerator price; Google bills vCPU and RAM separately, so this is NOT comparable to Oracle or Azure"
2026-08-11T12:08:03+00:00,gcp,2026-08-11T07:00:00Z,europe-west8,AC16-9DB4-A542,Nvidia Tesla P4 GPU,P4,1,on_demand,USD,0.696,GPU Per Hour,0.696,accelerator_only,"bare accelerator price; Google bills vCPU and RAM separately, so this is NOT comparable to Oracle or Azure"
2026-08-11T12:08:03+00:00,gcp,2026-08-11T07:00:00Z,europe-west4,AC33-B5A5-C20F,a2-ultragpu-1g,A100,1,on_demand,USD,5.535713,GPU Per Hour,5.535713,machine_inclusive,accelerator $4.3252/GPU-hr plus 12 vCPU and 170 GB RAM
2026-08-11T12:08:03+00:00,gcp,2026-08-11T07:00:00Z,europe-west4,AC33-B5A5-C20F,a2-ultragpu-2g,A100,2,on_demand,USD,11.071426,Machine Per Hour,5.535713,machine_inclusive,accelerator $4.3252/GPU-hr plus 24 vCPU and 340 GB RAM
2026-08-11T12:08:03+00:00,gcp,2026-08-11T07:00:00Z,europe-west4,AC33-B5A5-C20F,a2-ultragpu-4g,A100,4,on_demand,USD,22.142852,Machine Per Hour,5.535713,machine_inclusive,accelerator $4.3252/GPU-hr plus 48 vCPU and 680 GB RAM
2026-08-11T12:08:03+00:00,gcp,2026-08-11T07:00:00Z,europe-west4,AC33-B5A5-C20F,a2-ultragpu-8g,A100,8,on_demand,USD,44.285704,Machine Per Hour,5.535713,machine_inclusive,accelerator $4.3252/GPU-hr plus 96 vCPU and 1360 GB RAM
2026-08-11T12:08:03+00:00,gcp,2026-08-11T07:00:00Z,us-central1,AC87-9557-955D,a2-highgpu-1g,A100,1,3_year,USD,1.285708,GPU Per Hour,1.285708,machine_inclusive,accelerator $1.0269/GPU-hr plus 12 vCPU and 85 GB RAM
2026-08-11T12:08:03+00:00,gcp,2026-08-11T07:00:00Z,us-central1,AC87-9557-955D,a2-highgpu-2g,A100,2,3_year,USD,2.571417,Machine Per Hour,1.285708,machine_inclusive,accelerator $1.0269/GPU-hr plus 24 vCPU and 170 GB RAM
2026-08-11T12:08:03+00:00,gcp,2026-08-11T07:00:00Z,us-central1,AC87-9557-955D,a2-highgpu-4g,A100,4,3_year,USD,5.142833,Machine Per Hour,1.285708,machine_inclusive,accelerator $1.0269/GPU-hr plus 48 vCPU and 340 GB RAM
2026-08-11T12:08:03+00:00,gcp,2026-08-11T07:00:00Z,us-central1,AC87-9557-955D,a2-highgpu-8g,A100,8,3_year,USD,10.285667,Machine Per Hour,1.285708,machine_inclusive,accelerator $1.0269/GPU-hr plus 96 vCPU and 680 GB RAM
2026-08-11T12:08:03+00:00,gcp,2026-08-11T07:00:00Z,us-central1,AC87-9557-955D,a2-megagpu-16g,A100,16,3_year,USD,19.5092,Machine Per Hour,1.219325,machine_inclusive,accelerator $1.0269/GPU-hr plus 96 vCPU and 1360 GB RAM
2026-08-11T12:08:03+00:00,gcp,2026-08-11T07:00:00Z,us-east1,AC87-9557-955D,a2-highgpu-1g,A100,1,3_year,USD,1.285708,GPU Per Hour,1.285708,machine_inclusive,accelerator $1.0269/GPU-hr plus 12 vCPU and 85 GB RAM
2026-08-11T12:08:03+00:00,gcp,2026-08-11T07:00:00Z,us-east1,AC87-9557-955D,a2-highgpu-2g,A100,2,3_year,USD,2.571417,Machine Per Hour,1.285708,machine_inclusive,accelerator $1.0269/GPU-hr plus 24 vCPU and 170 GB RAM
2026-08-11T12:08:03+00:00,gcp,2026-08-11T07:00:00Z,us-east1,AC87-9557-955D,a2-highgpu-4g,A100,4,3_year,USD,5.142833,Machine Per Hour,1.285708,machine_inclusive,accelerator $1.0269/GPU-hr plus 48 vCPU and 340 GB RAM
2026-08-11T12:08:03+00:00,gcp,2026-08-11T07:00:00Z,us-east1,AC87-9557-955D,a2-highgpu-8g,A100,8,3_year,USD,10.285667,Machine Per Hour,1.285708,machine_inclusive,accelerator $1.0269/GPU-hr plus 96 vCPU and 680 GB RAM
2026-08-11T12:08:03+00:00,gcp,2026-08-11T07:00:00Z,us-east1,AC87-9557-955D,a2-megagpu-16g,A100,16,3_year,USD,19.5092,Machine Per Hour,1.219325,machine_inclusive,accelerator $1.0269/GPU-hr plus 96 vCPU and 1360 GB RAM
2026-08-11T12:08:03+00:00,gcp,2026-08-11T07:00:00Z,us-west1,AC87-9557-955D,a2-highgpu-1g,A100,1,3_year,USD,1.285708,GPU Per Hour,1.285708,machine_inclusive,accelerator $1.0269/GPU-hr plus 12 vCPU and 85 GB RAM
2026-08-11T12:08:03+00:00,gcp,2026-08-11T07:00:00Z,us-west1,AC87-9557-955D,a2-highgpu-2g,A100,2,3_year,USD,2.571417,Machine Per Hour,1.285708,machine_inclusive,accelerator $1.0269/GPU-hr plus 24 vCPU and 170 GB RAM
2026-08-11T12:08:03+00:00,gcp,2026-08-11T07:00:00Z,us-west1,AC87-9557-955D,a2-highgpu-4g,A100,4,3_year,USD,5.142833,Machine Per Hour,1.285708,machine_inclusive,accelerator $1.0269/GPU-hr plus 48 vCPU and 340 GB RAM
2026-08-11T12:08:03+00:00,gcp,2026-08-11T07:00:00Z,us-west1,AC87-9557-955D,a2-highgpu-8g,A100,8,3_year,USD,10.285667,Machine Per Hour,1.285708,machine_inclusive,accelerator $1.0269/GPU-hr plus 96 vCPU and 680 GB RAM
2026-08-11T12:08:03+00:00,gcp,2026-08-11T07:00:00Z,us-west1,AC87-9557-955D,a2-megagpu-16g,A100,16,3_year,USD,19.5092,Machine Per Hour,1.219325,machine_inclusive,accelerator $1.0269/GPU-hr plus 96 vCPU and 1360 GB RAM
2026-08-11T12:08:03+00:00,gcp,2026-08-11T07:00:00Z,asia-southeast2,AC98-75A0-A142,RTX 6000 96GB,RTX PRO 6000,1,spot,USD,0.5893,GPU Per Hour,0.5893,accelerator_only,"bare accelerator price; Google bills vCPU and RAM separately, so this is NOT comparable to Oracle or Azure"
2026-08-11T12:08:03+00:00,gcp,2026-08-11T07:00:00Z,europe-west2,ACFA-7AE6-2CF4,g2-standard-4,L4,1,1_year,USD,0.507017,GPU Per Hour,0.507017,machine_inclusive,accelerator $0.4017/GPU-hr plus 4 vCPU and 16 GB RAM
2026-08-11T12:08:03+00:00,gcp,2026-08-11T07:00:00Z,europe-west2,ACFA-7AE6-2CF4,g2-standard-8,L4,1,1_year,USD,0.612313,GPU Per Hour,0.612313,machine_inclusive,accelerator $0.4017/GPU-hr plus 8 vCPU and 32 GB RAM
2026-08-11T12:08:03+00:00,gcp,2026-08-11T07:00:00Z,europe-west2,ACFA-7AE6-2CF4,g2-standard-12,L4,1,1_year,USD,0.717608,GPU Per Hour,0.717608,machine_inclusive,accelerator $0.4017/GPU-hr plus 12 vCPU and 48 GB RAM
2026-08-11T12:08:03+00:00,gcp,2026-08-11T07:00:00Z,europe-west2,ACFA-7AE6-2CF4,g2-standard-16,L4,1,1_year,USD,0.822903,GPU Per Hour,0.822903,machine_inclusive,accelerator $0.4017/GPU-hr plus 16 vCPU and 64 GB RAM
2026-08-11T12:08:03+00:00,gcp,2026-08-11T07:00:00Z,europe-west2,ACFA-7AE6-2CF4,g2-standard-24,L4,2,1_year,USD,1.435216,Machine Per Hour,0.717608,machine_inclusive,accelerator $0.4017/GPU-hr plus 24 vCPU and 96 GB RAM
2026-08-11T12:08:03+00:00,gcp,2026-08-11T07:00:00Z,europe-west2,ACFA-7AE6-2CF4,g2-standard-32,L4,1,1_year,USD,1.244084,GPU Per Hour,1.244084,machine_inclusive,accelerator $0.4017/GPU-hr plus 32 vCPU and 128 GB RAM
2026-08-11T12:08:03+00:00,gcp,2026-08-11T07:00:00Z,europe-west2,ACFA-7AE6-2CF4,g2-standard-48,L4,4,1_year,USD,2.870431,Machine Per Hour,0.717608,machine_inclusive,accelerator $0.4017/GPU-hr plus 48 vCPU and 192 GB RAM
2026-08-11T12:08:03+00:00,gcp,2026-08-11T07:00:00Z,europe-west2,ACFA-7AE6-2CF4,g2-standard-96,L4,8,1_year,USD,5.740863,Machine Per Hour,0.717608,machine_inclusive,accelerator $0.4017/GPU-hr plus 96 vCPU and 384 GB RAM
2026-08-11T12:08:03+00:00,gcp,2026-08-11T07:00:00Z,asia-northeast1,AD01-CDFF-E59C,g2-standard-4,L4,1,spot,USD,0.544596,GPU Per Hour,0.544596,machine_inclusive,accelerator $0.4315/GPU-hr plus 4 vCPU and 16 GB RAM
2026-08-11T12:08:03+00:00,gcp,2026-08-11T07:00:00Z,asia-northeast1,AD01-CDFF-E59C,g2-standard-8,L4,1,spot,USD,0.657692,GPU Per Hour,0.657692,machine_inclusive,accelerator $0.4315/GPU-hr plus 8 vCPU and 32 GB RAM
2026-08-11T12:08:03+00:00,gcp,2026-08-11T07:00:00Z,asia-northeast1,AD01-CDFF-E59C,g2-standard-12,L4,1,spot,USD,0.770788,GPU Per Hour,0.770788,machine_inclusive,accelerator $0.4315/GPU-hr plus 12 vCPU and 48 GB RAM
2026-08-11T12:08:03+00:00,gcp,2026-08-11T07:00:00Z,asia-northeast1,AD01-CDFF-E59C,g2-standard-16,L4,1,spot,USD,0.883884,GPU Per Hour,0.883884,machine_inclusive,accelerator $0.4315/GPU-hr plus 16 vCPU and 64 GB RAM
2026-08-11T12:08:03+00:00,gcp,2026-08-11T07:00:00Z,asia-northeast1,AD01-CDFF-E59C,g2-standard-24,L4,2,spot,USD,1.541576,Machine Per Hour,0.770788,machine_inclusive,accelerator $0.4315/GPU-hr plus 24 vCPU and 96 GB RAM
2026-08-11T12:08:03+00:00,gcp,2026-08-11T07:00:00Z,asia-northeast1,AD01-CDFF-E59C,g2-standard-32,L4,1,spot,USD,1.336268,GPU Per Hour,1.336268,machine_inclusive,accelerator $0.4315/GPU-hr plus 32 vCPU and 128 GB RAM
2026-08-11T12:08:03+00:00,gcp,2026-08-11T07:00:00Z,asia-northeast1,AD01-CDFF-E59C,g2-standard-48,L4,4,spot,USD,3.083152,Machine Per Hour,0.770788,machine_inclusive,accelerator $0.4315/GPU-hr plus 48 vCPU and 192 GB RAM
2026-08-11T12:08:03+00:00,gcp,2026-08-11T07:00:00Z,asia-northeast1,AD01-CDFF-E59C,g2-standard-96,L4,8,spot,USD,6.166304,Machine Per Hour,0.770788,machine_inclusive,accelerator $0.4315/GPU-hr plus 96 vCPU and 384 GB RAM
2026-08-11T12:08:03+00:00,gcp,2026-08-11T07:00:00Z,europe-west10,AD12-59FF-CBC3,1/8 vGPU,,,3_year,USD,0.34156,GPU Per Hour,,,accelerator not in the lookup table -- add it to gcp.py
2026-08-11T12:08:03+00:00,gcp,2026-08-11T07:00:00Z,asia-south2,AD32-4326-74CC,Nvidia Tesla P100 GPU,P100,1,on_demand,USD,1.75,GPU Per Hour,1.75,accelerator_only,"bare accelerator price; Google bills vCPU and RAM separately, so this is NOT comparable to Oracle or Azure"
2026-08-11T12:08:03+00:00,gcp,2026-08-11T07:00:00Z,us-west4,AD39-9775-7D90,Nvidia Tesla T4 GPU,T4,1,1_year,USD,0.23,GPU Per Hour,0.23,accelerator_only,"bare accelerator price; Google bills vCPU and RAM separately, so this is NOT comparable to Oracle or Azure"
2026-08-11T12:08:03+00:00,gcp,2026-08-11T07:00:00Z,europe-west8,ADE0-F327-9303,1/8 vGPU,,,1_year,USD,0.53561,GPU Per Hour,,,accelerator not in the lookup table -- add it to gcp.py
2026-08-11T12:08:03+00:00,gcp,2026-08-11T07:00:00Z,asia-east1,ADF4-F609-DE66,RTX 6000 96GB,RTX PRO 6000,1,1_year,USD,0.9828,GPU Per Hour,0.9828,accelerator_only,"bare accelerator price; Google bills vCPU and RAM separately, so this is NOT comparable to Oracle or Azure"
2026-08-11T12:08:03+00:00,gcp,2026-08-11T07:00:00Z,asia-south1,AE59-12DA-20E3,g2-standard-4,L4,1,on_demand,USD,0.735779,GPU Per Hour,0.735779,machine_inclusive,accelerator $0.5830/GPU-hr plus 4 vCPU and 16 GB RAM
2026-08-11T12:08:03+00:00,gcp,2026-08-11T07:00:00Z,asia-south1,AE59-12DA-20E3,g2-standard-8,L4,1,on_demand,USD,0.888583,GPU Per Hour,0.888583,machine_inclusive,accelerator $0.5830/GPU-hr plus 8 vCPU and 32 GB RAM
2026-08-11T12:08:03+00:00,gcp,2026-08-11T07:00:00Z,asia-south1,AE59-12DA-20E3,g2-standard-12,L4,1,on_demand,USD,1.041387,GPU Per Hour,1.041387,machine_inclusive,accelerator $0.5830/GPU-hr plus 12 vCPU and 48 GB RAM
2026-08-11T12:08:03+00:00,gcp,2026-08-11T07:00:00Z,asia-south1,AE59-12DA-20E3,g2-standard-16,L4,1,on_demand,USD,1.19419,GPU Per Hour,1.19419,machine_inclusive,accelerator $0.5830/GPU-hr plus 16 vCPU and 64 GB RAM
2026-08-11T12:08:03+00:00,gcp,2026-08-11T07:00:00Z,asia-south1,AE59-12DA-20E3,g2-standard-24,L4,2,on_demand,USD,2.082773,Machine Per Hour,1.041387,machine_inclusive,accelerator $0.5830/GPU-hr plus 24 vCPU and 96 GB RAM
2026-08-11T12:08:03+00:00,gcp,2026-08-11T07:00:00Z,asia-south1,AE59-12DA-20E3,g2-standard-32,L4,1,on_demand,USD,1.805405,GPU Per Hour,1.805405,machine_inclusive,accelerator $0.5830/GPU-hr plus 32 vCPU and 128 GB RAM
2026-08-11T12:08:03+00:00,gcp,2026-08-11T07:00:00Z,asia-south1,AE59-12DA-20E3,g2-standard-48,L4,4,on_demand,USD,4.165547,Machine Per Hour,1.041387,machine_inclusive,accelerator $0.5830/GPU-hr plus 48 vCPU and 192 GB RAM
2026-08-11T12:08:03+00:00,gcp,2026-08-11T07:00:00Z,asia-south1,AE59-12DA-20E3,g2-standard-96,L4,8,on_demand,USD,8.331093,Machine Per Hour,1.041387,machine_inclusive,accelerator $0.5830/GPU-hr plus 96 vCPU and 384 GB RAM
2026-08-11T12:08:03+00:00,gcp,2026-08-11T07:00:00Z,asia-southeast2,AE5F-314B-A902,Nvidia Tesla P4 GPU,P4,1,1_year,USD,0.44581,GPU Per Hour,0.44581,accelerator_only,"bare accelerator price; Google bills vCPU and RAM separately, so this is NOT comparable to Oracle or Azure"
2026-08-11T12:08:03+00:00,gcp,2026-08-11T07:00:00Z,us-central1,AEC2-3D5C-61BF,g2-standard-4,L4,1,spot,USD,0.423956,GPU Per Hour,0.423956,machine_inclusive,accelerator $0.3359/GPU-hr plus 4 vCPU and 16 GB RAM
2026-08-11T12:08:03+00:00,gcp,2026-08-11T07:00:00Z,us-central1,AEC2-3D5C-61BF,g2-standard-8,L4,1,spot,USD,0.512012,GPU Per Hour,0.512012,machine_inclusive,accelerator $0.3359/GPU-hr plus 8 vCPU and 32 GB RAM
2026-08-11T12:08:03+00:00,gcp,2026-08-11T07:00:00Z,us-central1,AEC2-3D5C-61BF,g2-standard-12,L4,1,spot,USD,0.600068,GPU Per Hour,0.600068,machine_inclusive,accelerator $0.3359/GPU-hr plus 12 vCPU and 48 GB RAM
2026-08-11T12:08:03+00:00,gcp,2026-08-11T07:00:00Z,us-central1,AEC2-3D5C-61BF,g2-standard-16,L4,1,spot,USD,0.688124,GPU Per Hour,0.688124,machine_inclusive,accelerator $0.3359/GPU-hr plus 16 vCPU and 64 GB RAM
2026-08-11T12:08:03+00:00,gcp,2026-08-11T07:00:00Z,us-central1,AEC2-3D5C-61BF,g2-standard-24,L4,2,spot,USD,1.200136,Machine Per Hour,0.600068,machine_inclusive,accelerator $0.3359/GPU-hr plus 24 vCPU and 96 GB RAM
2026-08-11T12:08:03+00:00,gcp,2026-08-11T07:00:00Z,us-central1,AEC2-3D5C-61BF,g2-standard-32,L4,1,spot,USD,1.040348,GPU Per Hour,1.040348,machine_inclusive,accelerator $0.3359/GPU-hr plus 32 vCPU and 128 GB RAM
2026-08-11T12:08:03+00:00,gcp,2026-08-11T07:00:00Z,us-central1,AEC2-3D5C-61BF,g2-standard-48,L4,4,spot,USD,2.400272,Machine Per Hour,0.600068,machine_inclusive,accelerator $0.3359/GPU-hr plus 48 vCPU and 192 GB RAM
2026-08-11T12:08:03+00:00,gcp,2026-08-11T07:00:00Z,us-central1,AEC2-3D5C-61BF,g2-standard-96,L4,8,spot,USD,4.800544,Machine Per Hour,0.600068,machine_inclusive,accelerator $0.3359/GPU-hr plus 96 vCPU and 384 GB RAM
2026-08-11T12:08:03+00:00,gcp,2026-08-11T07:00:00Z,us-east1,AEC2-3D5C-61BF,g2-standard-4,L4,1,spot,USD,0.423956,GPU Per Hour,0.423956,machine_inclusive,accelerator $0.3359/GPU-hr plus 4 vCPU and 16 GB RAM
2026-08-11T12:08:03+00:00,gcp,2026-08-11T07:00:00Z,us-east1,AEC2-3D5C-61BF,g2-standard-8,L4,1,spot,USD,0.512012,GPU Per Hour,0.512012,machine_inclusive,accelerator $0.3359/GPU-hr plus 8 vCPU and 32 GB RAM
2026-08-11T12:08:03+00:00,gcp,2026-08-11T07:00:00Z,us-east1,AEC2-3D5C-61BF,g2-standard-12,L4,1,spot,USD,0.600068,GPU Per Hour,0.600068,machine_inclusive,accelerator $0.3359/GPU-hr plus 12 vCPU and 48 GB RAM
2026-08-11T12:08:03+00:00,gcp,2026-08-11T07:00:00Z,us-east1,AEC2-3D5C-61BF,g2-standard-16,L4,1,spot,USD,0.688124,GPU Per Hour,0.688124,machine_inclusive,accelerator $0.3359/GPU-hr plus 16 vCPU and 64 GB RAM
2026-08-11T12:08:03+00:00,gcp,2026-08-11T07:00:00Z,us-east1,AEC2-3D5C-61BF,g2-standard-24,L4,2,spot,USD,1.200136,Machine Per Hour,0.600068,machine_inclusive,accelerator $0.3359/GPU-hr plus 24 vCPU and 96 GB RAM
2026-08-11T12:08:03+00:00,gcp,2026-08-11T07:00:00Z,us-east1,AEC2-3D5C-61BF,g2-standard-32,L4,1,spot,USD,1.040348,GPU Per Hour,1.040348,machine_inclusive,accelerator $0.3359/GPU-hr plus 32 vCPU and 128 GB RAM
2026-08-11T12:08:03+00:00,gcp,2026-08-11T07:00:00Z,us-east1,AEC2-3D5C-61BF,g2-standard-48,L4,4,spot,USD,2.400272,Machine Per Hour,0.600068,machine_inclusive,accelerator $0.3359/GPU-hr plus 48 vCPU and 192 GB RAM
2026-08-11T12:08:03+00:00,gcp,2026-08-11T07:00:00Z,us-east1,AEC2-3D5C-61BF,g2-standard-96,L4,8,spot,USD,4.800544,Machine Per Hour,0.600068,machine_inclusive,accelerator $0.3359/GPU-hr plus 96 vCPU and 384 GB RAM
2026-08-11T12:08:03+00:00,gcp,2026-08-11T07:00:00Z,us-west1,AEC2-3D5C-61BF,g2-standard-4,L4,1,spot,USD,0.423956,GPU Per Hour,0.423956,machine_inclusive,accelerator $0.3359/GPU-hr plus 4 vCPU and 16 GB RAM
2026-08-11T12:08:03+00:00,gcp,2026-08-11T07:00:00Z,us-west1,AEC2-3D5C-61BF,g2-standard-8,L4,1,spot,USD,0.512012,GPU Per Hour,0.512012,machine_inclusive,accelerator $0.3359/GPU-hr plus 8 vCPU and 32 GB RAM
2026-08-11T12:08:03+00:00,gcp,2026-08-11T07:00:00Z,us-west1,AEC2-3D5C-61BF,g2-standard-12,L4,1,spot,USD,0.600068,GPU Per Hour,0.600068,machine_inclusive,accelerator $0.3359/GPU-hr plus 12 vCPU and 48 GB RAM
2026-08-11T12:08:03+00:00,gcp,2026-08-11T07:00:00Z,us-west1,AEC2-3D5C-61BF,g2-standard-16,L4,1,spot,USD,0.688124,GPU Per Hour,0.688124,machine_inclusive,accelerator $0.3359/GPU-hr plus 16 vCPU and 64 GB RAM
2026-08-11T12:08:03+00:00,gcp,2026-08-11T07:00:00Z,us-west1,AEC2-3D5C-61BF,g2-standard-24,L4,2,spot,USD,1.200136,Machine Per Hour,0.600068,machine_inclusive,accelerator $0.3359/GPU-hr plus 24 vCPU and 96 GB RAM
2026-08-11T12:08:03+00:00,gcp,2026-08-11T07:00:00Z,us-west1,AEC2-3D5C-61BF,g2-standard-32,L4,1,spot,USD,1.040348,GPU Per Hour,1.040348,machine_inclusive,accelerator $0.3359/GPU-hr plus 32 vCPU and 128 GB RAM
2026-08-11T12:08:03+00:00,gcp,2026-08-11T07:00:00Z,us-west1,AEC2-3D5C-61BF,g2-standard-48,L4,4,spot,USD,2.400272,Machine Per Hour,0.600068,machine_inclusive,accelerator $0.3359/GPU-hr plus 48 vCPU and 192 GB RAM
2026-08-11T12:08:03+00:00,gcp,2026-08-11T07:00:00Z,us-west1,AEC2-3D5C-61BF,g2-standard-96,L4,8,spot,USD,4.800544,Machine Per Hour,0.600068,machine_inclusive,accelerator $0.3359/GPU-hr plus 96 vCPU and 384 GB RAM
2026-08-11T12:08:03+00:00,gcp,2026-08-11T07:00:00Z,us-east5,AECA-2C12-A05F,Nvidia Tesla T4 GPU,T4,1,3_year,USD,0.16,GPU Per Hour,0.16,accelerator_only,"bare accelerator price; Google bills vCPU and RAM separately, so this is NOT comparable to Oracle or Azure"
2026-08-11T12:08:03+00:00,gcp,2026-08-11T07:00:00Z,us-west3,AEDA-838F-5D31,1/8 vGPU,,,1_year,USD,0.49097,GPU Per Hour,,,accelerator not in the lookup table -- add it to gcp.py
2026-08-11T12:08:03+00:00,gcp,2026-08-11T07:00:00Z,europe-west4,AEE4-7ECE-5D91,1/8 vGPU no lssd,,,on_demand,USD,0.71157,GPU Per Hour,,,accelerator not in the lookup table -- add it to gcp.py
2026-08-11T12:08:03+00:00,gcp,2026-08-11T07:00:00Z,europe-west1,AF48-297E-CF43,g2-standard-4,L4,1,on_demand,USD,0.778293,GPU Per Hour,0.778293,machine_inclusive,accelerator $0.6167/GPU-hr plus 4 vCPU and 16 GB RAM
2026-08-11T12:08:03+00:00,gcp,2026-08-11T07:00:00Z,europe-west1,AF48-297E-CF43,g2-standard-8,L4,1,on_demand,USD,0.939926,GPU Per Hour,0.939926,machine_inclusive,accelerator $0.6167/GPU-hr plus 8 vCPU and 32 GB RAM
2026-08-11T12:08:03+00:00,gcp,2026-08-11T07:00:00Z,europe-west1,AF48-297E-CF43,g2-standard-12,L4,1,on_demand,USD,1.101558,GPU Per Hour,1.101558,machine_inclusive,accelerator $0.6167/GPU-hr plus 12 vCPU and 48 GB RAM
2026-08-11T12:08:03+00:00,gcp,2026-08-11T07:00:00Z,europe-west1,AF48-297E-CF43,g2-standard-16,L4,1,on_demand,USD,1.263191,GPU Per Hour,1.263191,machine_inclusive,accelerator $0.6167/GPU-hr plus 16 vCPU and 64 GB RAM
2026-08-11T12:08:03+00:00,gcp,2026-08-11T07:00:00Z,europe-west1,AF48-297E-CF43,g2-standard-24,L4,2,on_demand,USD,2.203117,Machine Per Hour,1.101558,machine_inclusive,accelerator $0.6167/GPU-hr plus 24 vCPU and 96 GB RAM
2026-08-11T12:08:03+00:00,gcp,2026-08-11T07:00:00Z,europe-west1,AF48-297E-CF43,g2-standard-32,L4,1,on_demand,USD,1.909722,GPU Per Hour,1.909722,machine_inclusive,accelerator $0.6167/GPU-hr plus 32 vCPU and 128 GB RAM
2026-08-11T12:08:03+00:00,gcp,2026-08-11T07:00:00Z,europe-west1,AF48-297E-CF43,g2-standard-48,L4,4,on_demand,USD,4.406234,Machine Per Hour,1.101558,machine_inclusive,accelerator $0.6167/GPU-hr plus 48 vCPU and 192 GB RAM
2026-08-11T12:08:03+00:00,gcp,2026-08-11T07:00:00Z,europe-west1,AF48-297E-CF43,g2-standard-96,L4,8,on_demand,USD,8.812467,Machine Per Hour,1.101558,machine_inclusive,accelerator $0.6167/GPU-hr plus 96 vCPU and 384 GB RAM
2026-08-11T12:08:03+00:00,gcp,2026-08-11T07:00:00Z,asia-south1,AF57-443C-34C5,RTX 6000 96GB,RTX PRO 6000,1,spot,USD,0.5697,GPU Per Hour,0.5697,accelerator_only,"bare accelerator price; Google bills vCPU and RAM separately, so this is NOT comparable to Oracle or Azure"
2026-08-11T12:08:03+00:00,gcp,2026-08-11T07:00:00Z,asia-northeast2,AF8F-8AE9-EC5B,Nvidia Tesla P4 GPU,P4,1,spot,USD,0.0647,GPU Per Hour,0.0647,accelerator_only,"bare accelerator price; Google bills vCPU and RAM separately, so this is NOT comparable to Oracle or Azure"
2026-08-11T12:08:03+00:00,gcp,2026-08-11T07:00:00Z,us-east4,AFED-5C4F-4F12,RTX 6000 96GB,RTX PRO 6000,1,1_year,USD,0.756,GPU Per Hour,0.756,accelerator_only,"bare accelerator price; Google bills vCPU and RAM separately, so this is NOT comparable to Oracle or Azure"
2026-08-11T12:08:03+00:00,gcp,2026-08-11T07:00:00Z,africa-south1,AFF0-5693-E12B,Nvidia Tesla P100 GPU,P100,1,3_year,USD,0.859356,GPU Per Hour,0.859356,accelerator_only,"bare accelerator price; Google bills vCPU and RAM separately, so this is NOT comparable to Oracle or Azure"
2026-08-11T12:08:03+00:00,gcp,2026-08-11T07:00:00Z,us-east5,AFFE-2441-06CA,1/8 vGPU,,,1_year,USD,0.49097,GPU Per Hour,,,accelerator not in the lookup table -- add it to gcp.py
2026-08-11T12:08:03+00:00,gcp,2026-08-11T07:00:00Z,us-south1,B040-85D2-6B7C,Nvidia Tesla T4 GPU,T4,1,on_demand,USD,0.413,GPU Per Hour,0.413,accelerator_only,"bare accelerator price; Google bills vCPU and RAM separately, so this is NOT comparable to Oracle or Azure"
2026-08-11T12:08:03+00:00,gcp,2026-08-11T07:00:00Z,asia-south2,B04A-BB01-4EF7,a3-highgpu-8g,H100,8,on_demand,USD,105.495598,Machine Per Hour,13.18695,machine_inclusive,accelerator $11.7666/GPU-hr plus 208 vCPU and 1872 GB RAM
2026-08-11T12:08:03+00:00,gcp,2026-08-11T07:00:00Z,us-west4,B04E-3B89-EAAE,a3-megagpu-8g,H100 Mega,8,spot,USD,23.93976,Machine Per Hour,2.99247,machine_inclusive,accelerator $2.6702/GPU-hr plus 208 vCPU and 1872 GB RAM
2026-08-11T12:08:03+00:00,gcp,2026-08-11T07:00:00Z,me-west1,B067-64E6-DF4E,a3-highgpu-8g,H100,8,on_demand,USD,96.615747,Machine Per Hour,12.076968,machine_inclusive,accelerator $10.7762/GPU-hr plus 208 vCPU and 1872 GB RAM
2026-08-11T12:08:03+00:00,gcp,2026-08-11T07:00:00Z,australia-southeast2,B088-5D7B-293B,g2-standard-4,L4,1,spot,USD,0.105116,GPU Per Hour,0.105116,machine_inclusive,accelerator $0.0833/GPU-hr plus 4 vCPU and 16 GB RAM
2026-08-11T12:08:03+00:00,gcp,2026-08-11T07:00:00Z,australia-southeast2,B088-5D7B-293B,g2-standard-8,L4,1,spot,USD,0.126932,GPU Per Hour,0.126932,machine_inclusive,accelerator $0.0833/GPU-hr plus 8 vCPU and 32 GB RAM
2026-08-11T12:08:03+00:00,gcp,2026-08-11T07:00:00Z,australia-southeast2,B088-5D7B-293B,g2-standard-12,L4,1,spot,USD,0.148748,GPU Per Hour,0.148748,machine_inclusive,accelerator $0.0833/GPU-hr plus 12 vCPU and 48 GB RAM
2026-08-11T12:08:03+00:00,gcp,2026-08-11T07:00:00Z,australia-southeast2,B088-5D7B-293B,g2-standard-16,L4,1,spot,USD,0.170564,GPU Per Hour,0.170564,machine_inclusive,accelerator $0.0833/GPU-hr plus 16 vCPU and 64 GB RAM
2026-08-11T12:08:03+00:00,gcp,2026-08-11T07:00:00Z,australia-southeast2,B088-5D7B-293B,g2-standard-24,L4,2,spot,USD,0.297496,Machine Per Hour,0.148748,machine_inclusive,accelerator $0.0833/GPU-hr plus 24 vCPU and 96 GB RAM
2026-08-11T12:08:03+00:00,gcp,2026-08-11T07:00:00Z,australia-southeast2,B088-5D7B-293B,g2-standard-32,L4,1,spot,USD,0.257828,GPU Per Hour,0.257828,machine_inclusive,accelerator $0.0833/GPU-hr plus 32 vCPU and 128 GB RAM
2026-08-11T12:08:03+00:00,gcp,2026-08-11T07:00:00Z,australia-southeast2,B088-5D7B-293B,g2-standard-48,L4,4,spot,USD,0.594992,Machine Per Hour,0.148748,machine_inclusive,accelerator $0.0833/GPU-hr plus 48 vCPU and 192 GB RAM
2026-08-11T12:08:03+00:00,gcp,2026-08-11T07:00:00Z,australia-southeast2,B088-5D7B-293B,g2-standard-96,L4,8,spot,USD,1.189984,Machine Per Hour,0.148748,machine_inclusive,accelerator $0.0833/GPU-hr plus 96 vCPU and 384 GB RAM
2026-08-11T12:08:03+00:00,gcp,2026-08-11T07:00:00Z,southamerica-west1,B0D4-9652-C4B7,a2-ultragpu-1g,A100,1,1_year,USD,5.968534,GPU Per Hour,5.968534,machine_inclusive,accelerator $4.9780/GPU-hr plus 12 vCPU and 170 GB RAM
2026-08-11T12:08:03+00:00,gcp,2026-08-11T07:00:00Z,southamerica-west1,B0D4-9652-C4B7,a2-ultragpu-2g,A100,2,1_year,USD,11.937069,Machine Per Hour,5.968534,machine_inclusive,accelerator $4.9780/GPU-hr plus 24 vCPU and 340 GB RAM
2026-08-11T12:08:03+00:00,gcp,2026-08-11T07:00:00Z,southamerica-west1,B0D4-9652-C4B7,a2-ultragpu-4g,A100,4,1_year,USD,23.874137,Machine Per Hour,5.968534,machine_inclusive,accelerator $4.9780/GPU-hr plus 48 vCPU and 680 GB RAM
2026-08-11T12:08:03+00:00,gcp,2026-08-11T07:00:00Z,southamerica-west1,B0D4-9652-C4B7,a2-ultragpu-8g,A100,8,1_year,USD,47.748274,Machine Per Hour,5.968534,machine_inclusive,accelerator $4.9780/GPU-hr plus 96 vCPU and 1360 GB RAM
2026-08-11T12:08:03+00:00,gcp,2026-08-11T07:00:00Z,us-west8,B0DF-A628-CEB9,1/8 vGPU,,,1_year,USD,0.44634,GPU Per Hour,,,accelerator not in the lookup table -- add it to gcp.py
2026-08-11T12:08:03+00:00,gcp,2026-08-11T07:00:00Z,us-west2,B108-CFE2-9AA7,a2-highgpu-1g,A100,1,1_year,USD,2.743967,GPU Per Hour,2.743967,machine_inclusive,accelerator $2.1844/GPU-hr plus 12 vCPU and 85 GB RAM
2026-08-11T12:08:03+00:00,gcp,2026-08-11T07:00:00Z,us-west2,B108-CFE2-9AA7,a2-highgpu-2g,A100,2,1_year,USD,5.487934,Machine Per Hour,2.743967,machine_inclusive,accelerator $2.1844/GPU-hr plus 24 vCPU and 170 GB RAM
2026-08-11T12:08:03+00:00,gcp,2026-08-11T07:00:00Z,us-west2,B108-CFE2-9AA7,a2-highgpu-4g,A100,4,1_year,USD,10.975867,Machine Per Hour,2.743967,machine_inclusive,accelerator $2.1844/GPU-hr plus 48 vCPU and 340 GB RAM
2026-08-11T12:08:03+00:00,gcp,2026-08-11T07:00:00Z,us-west2,B108-CFE2-9AA7,a2-highgpu-8g,A100,8,1_year,USD,21.951734,Machine Per Hour,2.743967,machine_inclusive,accelerator $2.1844/GPU-hr plus 96 vCPU and 680 GB RAM
2026-08-11T12:08:03+00:00,gcp,2026-08-11T07:00:00Z,us-west2,B108-CFE2-9AA7,a2-megagpu-16g,A100,16,1_year,USD,41.607033,Machine Per Hour,2.60044,machine_inclusive,accelerator $2.1844/GPU-hr plus 96 vCPU and 1360 GB RAM
2026-08-11T12:08:03+00:00,gcp,2026-08-11T07:00:00Z,southamerica-west1,B112-8056-4B87,a2-highgpu-1g,A100,1,on_demand,USD,5.252941,GPU Per Hour,5.252941,machine_inclusive,accelerator $4.1955/GPU-hr plus 12 vCPU and 85 GB RAM
2026-08-11T12:08:03+00:00,gcp,2026-08-11T07:00:00Z,southamerica-west1,B112-8056-4B87,a2-highgpu-2g,A100,2,on_demand,USD,10.505881,Machine Per Hour,5.252941,machine_inclusive,accelerator $4.1955/GPU-hr plus 24 vCPU and 170 GB RAM
2026-08-11T12:08:03+00:00,gcp,2026-08-11T07:00:00Z,southamerica-west1,B112-8056-4B87,a2-highgpu-4g,A100,4,on_demand,USD,21.011762,Machine Per Hour,5.252941,machine_inclusive,accelerator $4.1955/GPU-hr plus 48 vCPU and 340 GB RAM
2026-08-11T12:08:03+00:00,gcp,2026-08-11T07:00:00Z,southamerica-west1,B112-8056-4B87,a2-highgpu-8g,A100,8,on_demand,USD,42.023524,Machine Per Hour,5.252941,machine_inclusive,accelerator $4.1955/GPU-hr plus 96 vCPU and 680 GB RAM
2026-08-11T12:08:03+00:00,gcp,2026-08-11T07:00:00Z,southamerica-west1,B112-8056-4B87,a2-megagpu-16g,A100,16,on_demand,USD,79.707491,Machine Per Hour,4.981718,machine_inclusive,accelerator $4.1955/GPU-hr plus 96 vCPU and 1360 GB RAM
2026-08-11T12:08:03+00:00,gcp,2026-08-11T07:00:00Z,asia-south1,B122-C5A8-4268,a3-ultragpu-8g,H200,8,spot,USD,49.973336,Machine Per Hour,6.246667,machine_inclusive,accelerator $5.5732/GPU-hr plus 224 vCPU and 2952 GB RAM
2026-08-11T12:08:03+00:00,gcp,2026-08-11T07:00:00Z,asia-east2,B16F-F63C-04E7,A4 Nvidia B200 (1 gpu slice),B200,1,spot,USD,2.4091,GPU Per Hour,2.4091,machine_inclusive,Google publishes no separate A4 vCPU/RAM SKUs -- the per-slice price already covers the whole machine
2026-08-11T12:08:03+00:00,gcp,2026-08-11T07:00:00Z,us-east7,B19D-9D8F-B79B,1/8 vGPU no lssd,,,spot,USD,0.25875,GPU Per Hour,,,accelerator not in the lookup table -- add it to gcp.py
2026-08-11T12:08:03+00:00,gcp,2026-08-11T07:00:00Z,europe-west8,B1F2-FD74-17A8,a3-highgpu-8g,H100,8,spot,USD,15.744416,Machine Per Hour,1.968052,machine_inclusive,accelerator $1.7561/GPU-hr plus 208 vCPU and 1872 GB RAM
2026-08-11T12:08:03+00:00,gcp,2026-08-11T07:00:00Z,us-central1,B25E-068A-EFB2,RTX 6000 96GB,RTX PRO 6000,1,on_demand,USD,1.09565,GPU Per Hour,1.09565,accelerator_only,"bare accelerator price; Google bills vCPU and RAM separately, so this is NOT comparable to Oracle or Azure"
2026-08-11T12:08:03+00:00,gcp,2026-08-11T07:00:00Z,asia-southeast1,B2E4-7068-FDC5,A4 Nvidia B200 (1 gpu slice),B200,1,3_year,USD,8.50608,GPU Per Hour,8.50608,machine_inclusive,Google publishes no separate A4 vCPU/RAM SKUs -- the per-slice price already covers the whole machine
2026-08-11T12:08:03+00:00,gcp,2026-08-11T07:00:00Z,europe-west12,B2EC-EB1C-CCDE,Nvidia Tesla T4 GPU,T4,1,spot,USD,0.0425,GPU Per Hour,0.0425,accelerator_only,"bare accelerator price; Google bills vCPU and RAM separately, so this is NOT comparable to Oracle or Azure"
2026-08-11T12:08:03+00:00,gcp,2026-08-11T07:00:00Z,us-west8,B2FB-A134-E005,Nvidia Tesla T4 GPU,T4,1,on_demand,USD,0.35,GPU Per Hour,0.35,accelerator_only,"bare accelerator price; Google bills vCPU and RAM separately, so this is NOT comparable to Oracle or Azure"
2026-08-11T12:08:03+00:00,gcp,2026-08-11T07:00:00Z,us-east5,B30A-79AF-4BAC,a3-highgpu-8g,H100,8,1_year,USD,68.669866,Machine Per Hour,8.583733,machine_inclusive,accelerator $7.6575/GPU-hr plus 208 vCPU and 1872 GB RAM
2026-08-11T12:08:03+00:00,gcp,2026-08-11T07:00:00Z,us-west1,B321-0285-A739,a3-ultragpu-8g,H200,8,3_year,USD,36.61664,Machine Per Hour,4.57708,machine_inclusive,accelerator $4.0830/GPU-hr plus 224 vCPU and 2952 GB RAM
2026-08-11T12:08:03+00:00,gcp,2026-08-11T07:00:00Z,us-central1,B321-0285-A739,a3-ultragpu-8g,H200,8,3_year,USD,36.61664,Machine Per Hour,4.57708,machine_inclusive,accelerator $4.0830/GPU-hr plus 224 vCPU and 2952 GB RAM
2026-08-11T12:08:03+00:00,gcp,2026-08-11T07:00:00Z,us-east1,B321-0285-A739,a3-ultragpu-8g,H200,8,3_year,USD,36.61664,Machine Per Hour,4.57708,machine_inclusive,accelerator $4.0830/GPU-hr plus 224 vCPU and 2952 GB RAM
2026-08-11T12:08:03+00:00,gcp,2026-08-11T07:00:00Z,asia-northeast2,B355-7F58-1BDD,Nvidia Tesla P4 GPU,P4,1,3_year,USD,0.292,GPU Per Hour,0.292,accelerator_only,"bare accelerator price; Google bills vCPU and RAM separately, so this is NOT comparable to Oracle or Azure"
2026-08-11T12:08:03+00:00,gcp,2026-08-11T07:00:00Z,southamerica-west1,B366-8E4B-874F,Nvidia Tesla V100 GPU,V100,1,3_year,USD,1.59588,GPU Per Hour,1.59588,accelerator_only,"bare accelerator price; Google bills vCPU and RAM separately, so this is NOT comparable to Oracle or Azure"
2026-08-11T12:08:03+00:00,gcp,2026-08-11T07:00:00Z,europe-southwest1,B36E-7D5A-2D0B,a2-ultragpu-1g,A100,1,1_year,USD,4.925084,GPU Per Hour,4.925084,machine_inclusive,accelerator $4.1077/GPU-hr plus 12 vCPU and 170 GB RAM
2026-08-11T12:08:03+00:00,gcp,2026-08-11T07:00:00Z,europe-southwest1,B36E-7D5A-2D0B,a2-ultragpu-2g,A100,2,1_year,USD,9.850168,Machine Per Hour,4.925084,machine_inclusive,accelerator $4.1077/GPU-hr plus 24 vCPU and 340 GB RAM
2026-08-11T12:08:03+00:00,gcp,2026-08-11T07:00:00Z,europe-southwest1,B36E-7D5A-2D0B,a2-ultragpu-4g,A100,4,1_year,USD,19.700335,Machine Per Hour,4.925084,machine_inclusive,accelerator $4.1077/GPU-hr plus 48 vCPU and 680 GB RAM
2026-08-11T12:08:03+00:00,gcp,2026-08-11T07:00:00Z,europe-southwest1,B36E-7D5A-2D0B,a2-ultragpu-8g,A100,8,1_year,USD,39.40067,Machine Per Hour,4.925084,machine_inclusive,accelerator $4.1077/GPU-hr plus 96 vCPU and 1360 GB RAM
2026-08-11T12:08:03+00:00,gcp,2026-08-11T07:00:00Z,me-west1,B375-B005-5884,g2-standard-4,L4,1,3_year,USD,0.349882,GPU Per Hour,0.349882,machine_inclusive,accelerator $0.2772/GPU-hr plus 4 vCPU and 16 GB RAM
2026-08-11T12:08:03+00:00,gcp,2026-08-11T07:00:00Z,me-west1,B375-B005-5884,g2-standard-8,L4,1,3_year,USD,0.422544,GPU Per Hour,0.422544,machine_inclusive,accelerator $0.2772/GPU-hr plus 8 vCPU and 32 GB RAM
2026-08-11T12:08:03+00:00,gcp,2026-08-11T07:00:00Z,me-west1,B375-B005-5884,g2-standard-12,L4,1,3_year,USD,0.495206,GPU Per Hour,0.495206,machine_inclusive,accelerator $0.2772/GPU-hr plus 12 vCPU and 48 GB RAM
2026-08-11T12:08:03+00:00,gcp,2026-08-11T07:00:00Z,me-west1,B375-B005-5884,g2-standard-16,L4,1,3_year,USD,0.567868,GPU Per Hour,0.567868,machine_inclusive,accelerator $0.2772/GPU-hr plus 16 vCPU and 64 GB RAM
2026-08-11T12:08:03+00:00,gcp,2026-08-11T07:00:00Z,me-west1,B375-B005-5884,g2-standard-24,L4,2,3_year,USD,0.990412,Machine Per Hour,0.495206,machine_inclusive,accelerator $0.2772/GPU-hr plus 24 vCPU and 96 GB RAM
2026-08-11T12:08:03+00:00,gcp,2026-08-11T07:00:00Z,me-west1,B375-B005-5884,g2-standard-32,L4,1,3_year,USD,0.858516,GPU Per Hour,0.858516,machine_inclusive,accelerator $0.2772/GPU-hr plus 32 vCPU and 128 GB RAM
2026-08-11T12:08:03+00:00,gcp,2026-08-11T07:00:00Z,me-west1,B375-B005-5884,g2-standard-48,L4,4,3_year,USD,1.980824,Machine Per Hour,0.495206,machine_inclusive,accelerator $0.2772/GPU-hr plus 48 vCPU and 192 GB RAM
2026-08-11T12:08:03+00:00,gcp,2026-08-11T07:00:00Z,me-west1,B375-B005-5884,g2-standard-96,L4,8,3_year,USD,3.961649,Machine Per Hour,0.495206,machine_inclusive,accelerator $0.2772/GPU-hr plus 96 vCPU and 384 GB RAM
2026-08-11T12:08:03+00:00,gcp,2026-08-11T07:00:00Z,europe-north1,B397-E5AF-025D,a2-ultragpu-1g,A100,1,on_demand,USD,5.535761,GPU Per Hour,5.535761,machine_inclusive,accelerator $4.3252/GPU-hr plus 12 vCPU and 170 GB RAM
2026-08-11T12:08:03+00:00,gcp,2026-08-11T07:00:00Z,europe-north1,B397-E5AF-025D,a2-ultragpu-2g,A100,2,on_demand,USD,11.071522,Machine Per Hour,5.535761,machine_inclusive,accelerator $4.3252/GPU-hr plus 24 vCPU and 340 GB RAM
2026-08-11T12:08:03+00:00,gcp,2026-08-11T07:00:00Z,europe-north1,B397-E5AF-025D,a2-ultragpu-4g,A100,4,on_demand,USD,22.143044,Machine Per Hour,5.535761,machine_inclusive,accelerator $4.3252/GPU-hr plus 48 vCPU and 680 GB RAM
2026-08-11T12:08:03+00:00,gcp,2026-08-11T07:00:00Z,europe-north1,B397-E5AF-025D,a2-ultragpu-8g,A100,8,on_demand,USD,44.286088,Machine Per Hour,5.535761,machine_inclusive,accelerator $4.3252/GPU-hr plus 96 vCPU and 1360 GB RAM
2026-08-11T12:08:03+00:00,gcp,2026-08-11T07:00:00Z,europe-north1,B3C6-ABA0-04DB,1/8 vGPU no lssd,,,spot,USD,0.28463,GPU Per Hour,,,accelerator not in the lookup table -- add it to gcp.py
2026-08-11T12:08:03+00:00,gcp,2026-08-11T07:00:00Z,asia-northeast1,B3E7-9837-6514,a2-highgpu-1g,A100,1,1_year,USD,2.529607,GPU Per Hour,2.529607,machine_inclusive,accelerator $1.9324/GPU-hr plus 12 vCPU and 85 GB RAM
2026-08-11T12:08:03+00:00,gcp,2026-08-11T07:00:00Z,asia-northeast1,B3E7-9837-6514,a2-highgpu-2g,A100,2,1_year,USD,5.059215,Machine Per Hour,2.529607,machine_inclusive,accelerator $1.9324/GPU-hr plus 24 vCPU and 170 GB RAM
2026-08-11T12:08:03+00:00,gcp,2026-08-11T07:00:00Z,asia-northeast1,B3E7-9837-6514,a2-highgpu-4g,A100,4,1_year,USD,10.118429,Machine Per Hour,2.529607,machine_inclusive,accelerator $1.9324/GPU-hr plus 48 vCPU and 340 GB RAM
2026-08-11T12:08:03+00:00,gcp,2026-08-11T07:00:00Z,asia-northeast1,B3E7-9837-6514,a2-highgpu-8g,A100,8,1_year,USD,20.236858,Machine Per Hour,2.529607,machine_inclusive,accelerator $1.9324/GPU-hr plus 96 vCPU and 680 GB RAM
2026-08-11T12:08:03+00:00,gcp,2026-08-11T07:00:00Z,asia-northeast1,B3E7-9837-6514,a2-megagpu-16g,A100,16,1_year,USD,38.017134,Machine Per Hour,2.376071,machine_inclusive,accelerator $1.9324/GPU-hr plus 96 vCPU and 1360 GB RAM
2026-08-11T12:08:03+00:00,gcp,2026-08-11T07:00:00Z,us-west3,B40B-D559-94A8,a2-highgpu-1g,A100,1,1_year,USD,2.743967,GPU Per Hour,2.743967,machine_inclusive,accelerator $2.1844/GPU-hr plus 12 vCPU and 85 GB RAM
2026-08-11T12:08:03+00:00,gcp,2026-08-11T07:00:00Z,us-west3,B40B-D559-94A8,a2-highgpu-2g,A100,2,1_year,USD,5.487934,Machine Per Hour,2.743967,machine_inclusive,accelerator $2.1844/GPU-hr plus 24 vCPU and 170 GB RAM
2026-08-11T12:08:03+00:00,gcp,2026-08-11T07:00:00Z,us-west3,B40B-D559-94A8,a2-highgpu-4g,A100,4,1_year,USD,10.975867,Machine Per Hour,2.743967,machine_inclusive,accelerator $2.1844/GPU-hr plus 48 vCPU and 340 GB RAM
2026-08-11T12:08:03+00:00,gcp,2026-08-11T07:00:00Z,us-west3,B40B-D559-94A8,a2-highgpu-8g,A100,8,1_year,USD,21.951734,Machine Per Hour,2.743967,machine_inclusive,accelerator $2.1844/GPU-hr plus 96 vCPU and 680 GB RAM
2026-08-11T12:08:03+00:00,gcp,2026-08-11T07:00:00Z,us-west3,B40B-D559-94A8,a2-megagpu-16g,A100,16,1_year,USD,41.607033,Machine Per Hour,2.60044,machine_inclusive,accelerator $2.1844/GPU-hr plus 96 vCPU and 1360 GB RAM
2026-08-11T12:08:03+00:00,gcp,2026-08-11T07:00:00Z,asia-southeast2,B44D-7962-C093,a2-highgpu-1g,A100,1,on_demand,USD,4.374993,GPU Per Hour,4.374993,machine_inclusive,accelerator $3.3807/GPU-hr plus 12 vCPU and 85 GB RAM
2026-08-11T12:08:03+00:00,gcp,2026-08-11T07:00:00Z,asia-southeast2,B44D-7962-C093,a2-highgpu-2g,A100,2,on_demand,USD,8.749985,Machine Per Hour,4.374993,machine_inclusive,accelerator $3.3807/GPU-hr plus 24 vCPU and 170 GB RAM
2026-08-11T12:08:03+00:00,gcp,2026-08-11T07:00:00Z,asia-southeast2,B44D-7962-C093,a2-highgpu-4g,A100,4,on_demand,USD,17.49997,Machine Per Hour,4.374993,machine_inclusive,accelerator $3.3807/GPU-hr plus 48 vCPU and 340 GB RAM
2026-08-11T12:08:03+00:00,gcp,2026-08-11T07:00:00Z,asia-southeast2,B44D-7962-C093,a2-highgpu-8g,A100,8,on_demand,USD,34.99994,Machine Per Hour,4.374993,machine_inclusive,accelerator $3.3807/GPU-hr plus 96 vCPU and 680 GB RAM
2026-08-11T12:08:03+00:00,gcp,2026-08-11T07:00:00Z,asia-southeast2,B44D-7962-C093,a2-megagpu-16g,A100,16,on_demand,USD,65.919027,Machine Per Hour,4.119939,machine_inclusive,accelerator $3.3807/GPU-hr plus 96 vCPU and 1360 GB RAM
2026-08-11T12:08:03+00:00,gcp,2026-08-11T07:00:00Z,europe-southwest1,B495-A17C-197F,Nvidia Tesla P4 GPU,P4,1,spot,USD,0.0763,GPU Per Hour,0.0763,accelerator_only,"bare accelerator price; Google bills vCPU and RAM separately, so this is NOT comparable to Oracle or Azure"
2026-08-11T12:08:03+00:00,gcp,2026-08-11T07:00:00Z,asia-south2,B4C6-EF21-9170,1/8 vGPU,,,1_year,USD,0.58024,GPU Per Hour,,,accelerator not in the lookup table -- add it to gcp.py
2026-08-11T12:08:03+00:00,gcp,2026-08-11T07:00:00Z,us-west1,B54F-9747-426E,1/8 vGPU,,,3_year,USD,0.28463,GPU Per Hour,,,accelerator not in the lookup table -- add it to gcp.py
2026-08-11T12:08:03+00:00,gcp,2026-08-11T07:00:00Z,northamerica-northeast2,B562-D021-ECCE,a3-highgpu-8g,H100,8,on_demand,USD,96.712312,Machine Per Hour,12.089039,machine_inclusive,accelerator $10.7870/GPU-hr plus 208 vCPU and 1872 GB RAM
2026-08-11T12:08:03+00:00,gcp,2026-08-11T07:00:00Z,europe-west1,B56B-2669-1DE4,a3-megagpu-8g,H100 Mega,8,spot,USD,46.198976,Machine Per Hour,5.774872,machine_inclusive,accelerator $5.1529/GPU-hr plus 208 vCPU and 1872 GB RAM
2026-08-11T12:08:03+00:00,gcp,2026-08-11T07:00:00Z,me-west1,B5A0-980D-777B,a2-ultragpu-1g,A100,1,spot,USD,2.20754,GPU Per Hour,2.20754,machine_inclusive,accelerator $1.4819/GPU-hr plus 12 vCPU and 170 GB RAM
2026-08-11T12:08:03+00:00,gcp,2026-08-11T07:00:00Z,me-west1,B5A0-980D-777B,a2-ultragpu-2g,A100,2,spot,USD,4.41508,Machine Per Hour,2.20754,machine_inclusive,accelerator $1.4819/GPU-hr plus 24 vCPU and 340 GB RAM
2026-08-11T12:08:03+00:00,gcp,2026-08-11T07:00:00Z,me-west1,B5A0-980D-777B,a2-ultragpu-4g,A100,4,spot,USD,8.83016,Machine Per Hour,2.20754,machine_inclusive,accelerator $1.4819/GPU-hr plus 48 vCPU and 680 GB RAM
2026-08-11T12:08:03+00:00,gcp,2026-08-11T07:00:00Z,me-west1,B5A0-980D-777B,a2-ultragpu-8g,A100,8,spot,USD,17.66032,Machine Per Hour,2.20754,machine_inclusive,accelerator $1.4819/GPU-hr plus 96 vCPU and 1360 GB RAM
2026-08-11T12:08:03+00:00,gcp,2026-08-11T07:00:00Z,europe-west6,B64F-C231-6AE5,Nvidia Tesla P4 GPU,P4,1,spot,USD,0.2408,GPU Per Hour,0.2408,accelerator_only,"bare accelerator price; Google bills vCPU and RAM separately, so this is NOT comparable to Oracle or Azure"
2026-08-11T12:08:03+00:00,gcp,2026-08-11T07:00:00Z,asia-east2,B659-33B2-181D,a2-ultragpu-1g,A100,1,spot,USD,2.02304,GPU Per Hour,2.02304,machine_inclusive,accelerator $1.8845/GPU-hr plus 12 vCPU and 170 GB RAM
2026-08-11T12:08:03+00:00,gcp,2026-08-11T07:00:00Z,asia-east2,B659-33B2-181D,a2-ultragpu-2g,A100,2,spot,USD,4.04608,Machine Per Hour,2.02304,machine_inclusive,accelerator $1.8845/GPU-hr plus 24 vCPU and 340 GB RAM
2026-08-11T12:08:03+00:00,gcp,2026-08-11T07:00:00Z,asia-east2,B659-33B2-181D,a2-ultragpu-4g,A100,4,spot,USD,8.09216,Machine Per Hour,2.02304,machine_inclusive,accelerator $1.8845/GPU-hr plus 48 vCPU and 680 GB RAM
2026-08-11T12:08:03+00:00,gcp,2026-08-11T07:00:00Z,asia-east2,B659-33B2-181D,a2-ultragpu-8g,A100,8,spot,USD,16.18432,Machine Per Hour,2.02304,machine_inclusive,accelerator $1.8845/GPU-hr plus 96 vCPU and 1360 GB RAM
2026-08-11T12:08:03+00:00,gcp,2026-08-11T07:00:00Z,europe-west10,B66E-C42F-662A,A4 Nvidia B200 (1 gpu slice),B200,1,spot,USD,2.4091,GPU Per Hour,2.4091,machine_inclusive,Google publishes no separate A4 vCPU/RAM SKUs -- the per-slice price already covers the whole machine
2026-08-11T12:08:03+00:00,gcp,2026-08-11T07:00:00Z,asia-east1,B683-503E-2193,a2-ultragpu-1g,A100,1,1_year,USD,4.832834,GPU Per Hour,4.832834,machine_inclusive,accelerator $4.0308/GPU-hr plus 12 vCPU and 170 GB RAM
2026-08-11T12:08:03+00:00,gcp,2026-08-11T07:00:00Z,asia-east1,B683-503E-2193,a2-ultragpu-2g,A100,2,1_year,USD,9.665667,Machine Per Hour,4.832834,machine_inclusive,accelerator $4.0308/GPU-hr plus 24 vCPU and 340 GB RAM
2026-08-11T12:08:03+00:00,gcp,2026-08-11T07:00:00Z,asia-east1,B683-503E-2193,a2-ultragpu-4g,A100,4,1_year,USD,19.331334,Machine Per Hour,4.832834,machine_inclusive,accelerator $4.0308/GPU-hr plus 48 vCPU and 680 GB RAM
2026-08-11T12:08:03+00:00,gcp,2026-08-11T07:00:00Z,asia-east1,B683-503E-2193,a2-ultragpu-8g,A100,8,1_year,USD,38.662669,Machine Per Hour,4.832834,machine_inclusive,accelerator $4.0308/GPU-hr plus 96 vCPU and 1360 GB RAM
2026-08-11T12:08:03+00:00,gcp,2026-08-11T07:00:00Z,africa-south1,B687-E571-20A4,Nvidia Tesla T4 GPU,T4,1,3_year,USD,0.20928,GPU Per Hour,0.20928,accelerator_only,"bare accelerator price; Google bills vCPU and RAM separately, so this is NOT comparable to Oracle or Azure"
2026-08-11T12:08:03+00:00,gcp,2026-08-11T07:00:00Z,asia-northeast2,B72C-7499-ACE2,a2-highgpu-1g,A100,1,1_year,USD,2.529607,GPU Per Hour,2.529607,machine_inclusive,accelerator $1.9324/GPU-hr plus 12 vCPU and 85 GB RAM
2026-08-11T12:08:03+00:00,gcp,2026-08-11T07:00:00Z,asia-northeast2,B72C-7499-ACE2,a2-highgpu-2g,A100,2,1_year,USD,5.059215,Machine Per Hour,2.529607,machine_inclusive,accelerator $1.9324/GPU-hr plus 24 vCPU and 170 GB RAM
2026-08-11T12:08:03+00:00,gcp,2026-08-11T07:00:00Z,asia-northeast2,B72C-7499-ACE2,a2-highgpu-4g,A100,4,1_year,USD,10.118429,Machine Per Hour,2.529607,machine_inclusive,accelerator $1.9324/GPU-hr plus 48 vCPU and 340 GB RAM
2026-08-11T12:08:03+00:00,gcp,2026-08-11T07:00:00Z,asia-northeast2,B72C-7499-ACE2,a2-highgpu-8g,A100,8,1_year,USD,20.236858,Machine Per Hour,2.529607,machine_inclusive,accelerator $1.9324/GPU-hr plus 96 vCPU and 680 GB RAM
2026-08-11T12:08:03+00:00,gcp,2026-08-11T07:00:00Z,asia-northeast2,B72C-7499-ACE2,a2-megagpu-16g,A100,16,1_year,USD,38.017134,Machine Per Hour,2.376071,machine_inclusive,accelerator $1.9324/GPU-hr plus 96 vCPU and 1360 GB RAM
2026-08-11T12:08:03+00:00,gcp,2026-08-11T07:00:00Z,southamerica-east1,B76A-BA33-B945,Nvidia Tesla T4 GPU,T4,1,3_year,USD,0.21,GPU Per Hour,0.21,accelerator_only,"bare accelerator price; Google bills vCPU and RAM separately, so this is NOT comparable to Oracle or Azure"
2026-08-11T12:08:03+00:00,gcp,2026-08-11T07:00:00Z,us-east4,B7B0-E005-65E8,1/8 vGPU no lssd,,,spot,USD,0.25875,GPU Per Hour,,,accelerator not in the lookup table -- add it to gcp.py
2026-08-11T12:08:03+00:00,gcp,2026-08-11T07:00:00Z,europe-west1,B7EA-5371-DE39,a2-ultragpu-1g,A100,1,1_year,USD,4.59505,GPU Per Hour,4.59505,machine_inclusive,accelerator $3.8330/GPU-hr plus 12 vCPU and 170 GB RAM
2026-08-11T12:08:03+00:00,gcp,2026-08-11T07:00:00Z,europe-west1,B7EA-5371-DE39,a2-ultragpu-2g,A100,2,1_year,USD,9.1901,Machine Per Hour,4.59505,machine_inclusive,accelerator $3.8330/GPU-hr plus 24 vCPU and 340 GB RAM
2026-08-11T12:08:03+00:00,gcp,2026-08-11T07:00:00Z,europe-west1,B7EA-5371-DE39,a2-ultragpu-4g,A100,4,1_year,USD,18.380201,Machine Per Hour,4.59505,machine_inclusive,accelerator $3.8330/GPU-hr plus 48 vCPU and 680 GB RAM
2026-08-11T12:08:03+00:00,gcp,2026-08-11T07:00:00Z,europe-west1,B7EA-5371-DE39,a2-ultragpu-8g,A100,8,1_year,USD,36.760402,Machine Per Hour,4.59505,machine_inclusive,accelerator $3.8330/GPU-hr plus 96 vCPU and 1360 GB RAM
2026-08-11T12:08:03+00:00,gcp,2026-08-11T07:00:00Z,me-central2,B807-FD53-2694,a2-highgpu-1g,A100,1,spot,USD,1.511675,GPU Per Hour,1.511675,machine_inclusive,accelerator $1.2074/GPU-hr plus 12 vCPU and 85 GB RAM
2026-08-11T12:08:03+00:00,gcp,2026-08-11T07:00:00Z,me-central2,B807-FD53-2694,a2-highgpu-2g,A100,2,spot,USD,3.02335,Machine Per Hour,1.511675,machine_inclusive,accelerator $1.2074/GPU-hr plus 24 vCPU and 170 GB RAM
2026-08-11T12:08:03+00:00,gcp,2026-08-11T07:00:00Z,me-central2,B807-FD53-2694,a2-highgpu-4g,A100,4,spot,USD,6.0467,Machine Per Hour,1.511675,machine_inclusive,accelerator $1.2074/GPU-hr plus 48 vCPU and 340 GB RAM
2026-08-11T12:08:03+00:00,gcp,2026-08-11T07:00:00Z,me-central2,B807-FD53-2694,a2-highgpu-8g,A100,8,spot,USD,12.0934,Machine Per Hour,1.511675,machine_inclusive,accelerator $1.2074/GPU-hr plus 96 vCPU and 680 GB RAM
2026-08-11T12:08:03+00:00,gcp,2026-08-11T07:00:00Z,me-central2,B807-FD53-2694,a2-megagpu-16g,A100,16,spot,USD,22.93784,Machine Per Hour,1.433615,machine_inclusive,accelerator $1.2074/GPU-hr plus 96 vCPU and 1360 GB RAM
2026-08-11T12:08:03+00:00,gcp,2026-08-11T07:00:00Z,australia-southeast1,B80E-B27F-53E6,Nvidia Tesla P4 GPU,P4,1,spot,USD,0.0585,GPU Per Hour,0.0585,accelerator_only,"bare accelerator price; Google bills vCPU and RAM separately, so this is NOT comparable to Oracle or Azure"
2026-08-11T12:08:03+00:00,gcp,2026-08-11T07:00:00Z,africa-south1,B87E-401F-15FE,Nvidia Tesla P100 GPU,P100,1,on_demand,USD,1.90968,GPU Per Hour,1.90968,accelerator_only,"bare accelerator price; Google bills vCPU and RAM separately, so this is NOT comparable to Oracle or Azure"
2026-08-11T12:08:03+00:00,gcp,2026-08-11T07:00:00Z,us-west1,B896-0039-13B6,1/8 vGPU,,,1_year,USD,0.44634,GPU Per Hour,,,accelerator not in the lookup table -- add it to gcp.py
2026-08-11T12:08:03+00:00,gcp,2026-08-11T07:00:00Z,australia-southeast1,B8BD-3439-BA96,Nvidia Tesla P100 GPU,P100,1,spot,USD,0.1883,GPU Per Hour,0.1883,accelerator_only,"bare accelerator price; Google bills vCPU and RAM separately, so this is NOT comparable to Oracle or Azure"
2026-08-11T12:08:03+00:00,gcp,2026-08-11T07:00:00Z,europe-west4,B8C5-171B-7753,Nvidia Tesla P100 GPU,P100,1,3_year,USD,0.72,GPU Per Hour,0.72,accelerator_only,"bare accelerator price; Google bills vCPU and RAM separately, so this is NOT comparable to Oracle or Azure"
2026-08-11T12:08:03+00:00,gcp,2026-08-11T07:00:00Z,me-central1,B8F3-24D4-B197,a2-ultragpu-1g,A100,1,on_demand,USD,6.108658,GPU Per Hour,6.108658,machine_inclusive,accelerator $4.7726/GPU-hr plus 12 vCPU and 170 GB RAM
2026-08-11T12:08:03+00:00,gcp,2026-08-11T07:00:00Z,me-central1,B8F3-24D4-B197,a2-ultragpu-2g,A100,2,on_demand,USD,12.217316,Machine Per Hour,6.108658,machine_inclusive,accelerator $4.7726/GPU-hr plus 24 vCPU and 340 GB RAM
2026-08-11T12:08:03+00:00,gcp,2026-08-11T07:00:00Z,me-central1,B8F3-24D4-B197,a2-ultragpu-4g,A100,4,on_demand,USD,24.434631,Machine Per Hour,6.108658,machine_inclusive,accelerator $4.7726/GPU-hr plus 48 vCPU and 680 GB RAM
2026-08-11T12:08:03+00:00,gcp,2026-08-11T07:00:00Z,me-central1,B8F3-24D4-B197,a2-ultragpu-8g,A100,8,on_demand,USD,48.869262,Machine Per Hour,6.108658,machine_inclusive,accelerator $4.7726/GPU-hr plus 96 vCPU and 1360 GB RAM
2026-08-11T12:08:03+00:00,gcp,2026-08-11T07:00:00Z,europe-west4,B90A-AFA0-27C4,Nvidia Tesla V100 GPU,V100,1,1_year,USD,1.606,GPU Per Hour,1.606,accelerator_only,"bare accelerator price; Google bills vCPU and RAM separately, so this is NOT comparable to Oracle or Azure"
2026-08-11T12:08:03+00:00,gcp,2026-08-11T07:00:00Z,asia-northeast3,B93A-8E35-55F3,Nvidia Tesla T4 GPU,T4,1,1_year,USD,0.23,GPU Per Hour,0.23,accelerator_only,"bare accelerator price; Google bills vCPU and RAM separately, so this is NOT comparable to Oracle or Azure"
2026-08-11T12:08:03+00:00,gcp,2026-08-11T07:00:00Z,me-west1,B953-2E6C-3CD5,a2-ultragpu-1g,A100,1,on_demand,USD,5.530472,GPU Per Hour,5.530472,machine_inclusive,accelerator $4.3209/GPU-hr plus 12 vCPU and 170 GB RAM
2026-08-11T12:08:03+00:00,gcp,2026-08-11T07:00:00Z,me-west1,B953-2E6C-3CD5,a2-ultragpu-2g,A100,2,on_demand,USD,11.060944,Machine Per Hour,5.530472,machine_inclusive,accelerator $4.3209/GPU-hr plus 24 vCPU and 340 GB RAM
2026-08-11T12:08:03+00:00,gcp,2026-08-11T07:00:00Z,me-west1,B953-2E6C-3CD5,a2-ultragpu-4g,A100,4,on_demand,USD,22.121889,Machine Per Hour,5.530472,machine_inclusive,accelerator $4.3209/GPU-hr plus 48 vCPU and 680 GB RAM
2026-08-11T12:08:03+00:00,gcp,2026-08-11T07:00:00Z,me-west1,B953-2E6C-3CD5,a2-ultragpu-8g,A100,8,on_demand,USD,44.243778,Machine Per Hour,5.530472,machine_inclusive,accelerator $4.3209/GPU-hr plus 96 vCPU and 1360 GB RAM
2026-08-11T12:08:03+00:00,gcp,2026-08-11T07:00:00Z,northamerica-northeast2,B99B-F92D-9346,g2-standard-4,L4,1,on_demand,USD,0.778293,GPU Per Hour,0.778293,machine_inclusive,accelerator $0.6167/GPU-hr plus 4 vCPU and 16 GB RAM
2026-08-11T12:08:03+00:00,gcp,2026-08-11T07:00:00Z,northamerica-northeast2,B99B-F92D-9346,g2-standard-8,L4,1,on_demand,USD,0.939926,GPU Per Hour,0.939926,machine_inclusive,accelerator $0.6167/GPU-hr plus 8 vCPU and 32 GB RAM
2026-08-11T12:08:03+00:00,gcp,2026-08-11T07:00:00Z,northamerica-northeast2,B99B-F92D-9346,g2-standard-12,L4,1,on_demand,USD,1.101558,GPU Per Hour,1.101558,machine_inclusive,accelerator $0.6167/GPU-hr plus 12 vCPU and 48 GB RAM
2026-08-11T12:08:03+00:00,gcp,2026-08-11T07:00:00Z,northamerica-northeast2,B99B-F92D-9346,g2-standard-16,L4,1,on_demand,USD,1.263191,GPU Per Hour,1.263191,machine_inclusive,accelerator $0.6167/GPU-hr plus 16 vCPU and 64 GB RAM
2026-08-11T12:08:03+00:00,gcp,2026-08-11T07:00:00Z,northamerica-northeast2,B99B-F92D-9346,g2-standard-24,L4,2,on_demand,USD,2.203117,Machine Per Hour,1.101558,machine_inclusive,accelerator $0.6167/GPU-hr plus 24 vCPU and 96 GB RAM
2026-08-11T12:08:03+00:00,gcp,2026-08-11T07:00:00Z,northamerica-northeast2,B99B-F92D-9346,g2-standard-32,L4,1,on_demand,USD,1.909722,GPU Per Hour,1.909722,machine_inclusive,accelerator $0.6167/GPU-hr plus 32 vCPU and 128 GB RAM
2026-08-11T12:08:03+00:00,gcp,2026-08-11T07:00:00Z,northamerica-northeast2,B99B-F92D-9346,g2-standard-48,L4,4,on_demand,USD,4.406234,Machine Per Hour,1.101558,machine_inclusive,accelerator $0.6167/GPU-hr plus 48 vCPU and 192 GB RAM
2026-08-11T12:08:03+00:00,gcp,2026-08-11T07:00:00Z,northamerica-northeast2,B99B-F92D-9346,g2-standard-96,L4,8,on_demand,USD,8.812467,Machine Per Hour,1.101558,machine_inclusive,accelerator $0.6167/GPU-hr plus 96 vCPU and 384 GB RAM
2026-08-11T12:08:03+00:00,gcp,2026-08-11T07:00:00Z,europe-west4,B9DF-3497-83FC,Nvidia Tesla P4 GPU,P4,1,3_year,USD,0.292,GPU Per Hour,0.292,accelerator_only,"bare accelerator price; Google bills vCPU and RAM separately, so this is NOT comparable to Oracle or Azure"
2026-08-11T12:08:03+00:00,gcp,2026-08-11T07:00:00Z,me-central2,B9E8-276D-2B32,a2-highgpu-1g,A100,1,1_year,USD,3.702731,GPU Per Hour,3.702731,machine_inclusive,accelerator $2.9574/GPU-hr plus 12 vCPU and 85 GB RAM
2026-08-11T12:08:03+00:00,gcp,2026-08-11T07:00:00Z,me-central2,B9E8-276D-2B32,a2-highgpu-2g,A100,2,1_year,USD,7.405462,Machine Per Hour,3.702731,machine_inclusive,accelerator $2.9574/GPU-hr plus 24 vCPU and 170 GB RAM
2026-08-11T12:08:03+00:00,gcp,2026-08-11T07:00:00Z,me-central2,B9E8-276D-2B32,a2-highgpu-4g,A100,4,1_year,USD,14.810924,Machine Per Hour,3.702731,machine_inclusive,accelerator $2.9574/GPU-hr plus 48 vCPU and 340 GB RAM
2026-08-11T12:08:03+00:00,gcp,2026-08-11T07:00:00Z,me-central2,B9E8-276D-2B32,a2-highgpu-8g,A100,8,1_year,USD,29.621848,Machine Per Hour,3.702731,machine_inclusive,accelerator $2.9574/GPU-hr plus 96 vCPU and 680 GB RAM
2026-08-11T12:08:03+00:00,gcp,2026-08-11T07:00:00Z,me-central2,B9E8-276D-2B32,a2-megagpu-16g,A100,16,1_year,USD,56.184752,Machine Per Hour,3.511547,machine_inclusive,accelerator $2.9574/GPU-hr plus 96 vCPU and 1360 GB RAM
2026-08-11T12:08:03+00:00,gcp,2026-08-11T07:00:00Z,asia-south2,BA3A-B0D6-811A,a2-highgpu-1g,A100,1,spot,USD,0.39687,GPU Per Hour,0.39687,machine_inclusive,accelerator $0.3169/GPU-hr plus 12 vCPU and 85 GB RAM
2026-08-11T12:08:03+00:00,gcp,2026-08-11T07:00:00Z,asia-south2,BA3A-B0D6-811A,a2-highgpu-2g,A100,2,spot,USD,0.79374,Machine Per Hour,0.39687,machine_inclusive,accelerator $0.3169/GPU-hr plus 24 vCPU and 170 GB RAM
2026-08-11T12:08:03+00:00,gcp,2026-08-11T07:00:00Z,asia-south2,BA3A-B0D6-811A,a2-highgpu-4g,A100,4,spot,USD,1.58748,Machine Per Hour,0.39687,machine_inclusive,accelerator $0.3169/GPU-hr plus 48 vCPU and 340 GB RAM
2026-08-11T12:08:03+00:00,gcp,2026-08-11T07:00:00Z,asia-south2,BA3A-B0D6-811A,a2-highgpu-8g,A100,8,spot,USD,3.17496,Machine Per Hour,0.39687,machine_inclusive,accelerator $0.3169/GPU-hr plus 96 vCPU and 680 GB RAM
2026-08-11T12:08:03+00:00,gcp,2026-08-11T07:00:00Z,asia-south2,BA3A-B0D6-811A,a2-megagpu-16g,A100,16,spot,USD,6.0216,Machine Per Hour,0.37635,machine_inclusive,accelerator $0.3169/GPU-hr plus 96 vCPU and 1360 GB RAM
2026-08-11T12:08:03+00:00,gcp,2026-08-11T07:00:00Z,us-west4,BA69-E74F-212C,a3-megagpu-8g,H100 Mega,8,on_demand,USD,104.456661,Machine Per Hour,13.057083,machine_inclusive,accelerator $11.6508/GPU-hr plus 208 vCPU and 1872 GB RAM
2026-08-11T12:08:03+00:00,gcp,2026-08-11T07:00:00Z,asia-northeast3,BA6E-17EC-C774,Nvidia Tesla P100 GPU,P100,1,spot,USD,0.3687,GPU Per Hour,0.3687,accelerator_only,"bare accelerator price; Google bills vCPU and RAM separately, so this is NOT comparable to Oracle or Azure"
2026-08-11T12:08:03+00:00,gcp,2026-08-11T07:00:00Z,southamerica-west1,BA99-F1C0-590B,g2-standard-4,L4,1,spot,USD,0.091012,GPU Per Hour,0.091012,machine_inclusive,accelerator $0.0721/GPU-hr plus 4 vCPU and 16 GB RAM
2026-08-11T12:08:03+00:00,gcp,2026-08-11T07:00:00Z,southamerica-west1,BA99-F1C0-590B,g2-standard-8,L4,1,spot,USD,0.109924,GPU Per Hour,0.109924,machine_inclusive,accelerator $0.0721/GPU-hr plus 8 vCPU and 32 GB RAM
2026-08-11T12:08:03+00:00,gcp,2026-08-11T07:00:00Z,southamerica-west1,BA99-F1C0-590B,g2-standard-12,L4,1,spot,USD,0.128836,GPU Per Hour,0.128836,machine_inclusive,accelerator $0.0721/GPU-hr plus 12 vCPU and 48 GB RAM
2026-08-11T12:08:03+00:00,gcp,2026-08-11T07:00:00Z,southamerica-west1,BA99-F1C0-590B,g2-standard-16,L4,1,spot,USD,0.147748,GPU Per Hour,0.147748,machine_inclusive,accelerator $0.0721/GPU-hr plus 16 vCPU and 64 GB RAM
2026-08-11T12:08:03+00:00,gcp,2026-08-11T07:00:00Z,southamerica-west1,BA99-F1C0-590B,g2-standard-24,L4,2,spot,USD,0.257672,Machine Per Hour,0.128836,machine_inclusive,accelerator $0.0721/GPU-hr plus 24 vCPU and 96 GB RAM
2026-08-11T12:08:03+00:00,gcp,2026-08-11T07:00:00Z,southamerica-west1,BA99-F1C0-590B,g2-standard-32,L4,1,spot,USD,0.223396,GPU Per Hour,0.223396,machine_inclusive,accelerator $0.0721/GPU-hr plus 32 vCPU and 128 GB RAM
2026-08-11T12:08:03+00:00,gcp,2026-08-11T07:00:00Z,southamerica-west1,BA99-F1C0-590B,g2-standard-48,L4,4,spot,USD,0.515344,Machine Per Hour,0.128836,machine_inclusive,accelerator $0.0721/GPU-hr plus 48 vCPU and 192 GB RAM
2026-08-11T12:08:03+00:00,gcp,2026-08-11T07:00:00Z,southamerica-west1,BA99-F1C0-590B,g2-standard-96,L4,8,spot,USD,1.030688,Machine Per Hour,0.128836,machine_inclusive,accelerator $0.0721/GPU-hr plus 96 vCPU and 384 GB RAM
2026-08-11T12:08:03+00:00,gcp,2026-08-11T07:00:00Z,europe-southwest1,BADA-5416-147E,Nvidia Tesla V100 GPU,V100,1,spot,USD,0.2634,GPU Per Hour,0.2634,accelerator_only,"bare accelerator price; Google bills vCPU and RAM separately, so this is NOT comparable to Oracle or Azure"
2026-08-11T12:08:03+00:00,gcp,2026-08-11T07:00:00Z,me-west1,BADA-A663-460C,a2-ultragpu-1g,A100,1,1_year,USD,4.59118,GPU Per Hour,4.59118,machine_inclusive,accelerator $3.8292/GPU-hr plus 12 vCPU and 170 GB RAM
2026-08-11T12:08:03+00:00,gcp,2026-08-11T07:00:00Z,me-west1,BADA-A663-460C,a2-ultragpu-2g,A100,2,1_year,USD,9.18236,Machine Per Hour,4.59118,machine_inclusive,accelerator $3.8292/GPU-hr plus 24 vCPU and 340 GB RAM
2026-08-11T12:08:03+00:00,gcp,2026-08-11T07:00:00Z,me-west1,BADA-A663-460C,a2-ultragpu-4g,A100,4,1_year,USD,18.36472,Machine Per Hour,4.59118,machine_inclusive,accelerator $3.8292/GPU-hr plus 48 vCPU and 680 GB RAM
2026-08-11T12:08:03+00:00,gcp,2026-08-11T07:00:00Z,me-west1,BADA-A663-460C,a2-ultragpu-8g,A100,8,1_year,USD,36.72944,Machine Per Hour,4.59118,machine_inclusive,accelerator $3.8292/GPU-hr plus 96 vCPU and 1360 GB RAM
2026-08-11T12:08:03+00:00,gcp,2026-08-11T07:00:00Z,southamerica-west1,BAEF-487D-5163,A4 Nvidia B200 (1 gpu slice),B200,1,spot,USD,2.871,GPU Per Hour,2.871,machine_inclusive,Google publishes no separate A4 vCPU/RAM SKUs -- the per-slice price already covers the whole machine
2026-08-11T12:08:03+00:00,gcp,2026-08-11T07:00:00Z,europe-west12,BB2E-E714-14E8,Nvidia Tesla P4 GPU,P4,1,1_year,USD,0.48762,GPU Per Hour,0.48762,accelerator_only,"bare accelerator price; Google bills vCPU and RAM separately, so this is NOT comparable to Oracle or Azure"
2026-08-11T12:08:03+00:00,gcp,2026-08-11T07:00:00Z,europe-west10,BB56-2FCA-39D2,a2-ultragpu-1g,A100,1,1_year,USD,6.427652,GPU Per Hour,6.427652,machine_inclusive,accelerator $5.3609/GPU-hr plus 12 vCPU and 170 GB RAM
2026-08-11T12:08:03+00:00,gcp,2026-08-11T07:00:00Z,europe-west10,BB56-2FCA-39D2,a2-ultragpu-2g,A100,2,1_year,USD,12.855305,Machine Per Hour,6.427652,machine_inclusive,accelerator $5.3609/GPU-hr plus 24 vCPU and 340 GB RAM
2026-08-11T12:08:03+00:00,gcp,2026-08-11T07:00:00Z,europe-west10,BB56-2FCA-39D2,a2-ultragpu-4g,A100,4,1_year,USD,25.71061,Machine Per Hour,6.427652,machine_inclusive,accelerator $5.3609/GPU-hr plus 48 vCPU and 680 GB RAM
2026-08-11T12:08:03+00:00,gcp,2026-08-11T07:00:00Z,europe-west10,BB56-2FCA-39D2,a2-ultragpu-8g,A100,8,1_year,USD,51.421219,Machine Per Hour,6.427652,machine_inclusive,accelerator $5.3609/GPU-hr plus 96 vCPU and 1360 GB RAM
2026-08-11T12:08:03+00:00,gcp,2026-08-11T07:00:00Z,asia-east1,BB64-89D8-B5DE,RTX 6000 96GB,RTX PRO 6000,1,spot,USD,0.6267,GPU Per Hour,0.6267,accelerator_only,"bare accelerator price; Google bills vCPU and RAM separately, so this is NOT comparable to Oracle or Azure"
2026-08-11T12:08:03+00:00,gcp,2026-08-11T07:00:00Z,us-east5,BB7C-E516-66A1,Nvidia Tesla V100 GPU,V100,1,3_year,USD,1.116,GPU Per Hour,1.116,accelerator_only,"bare accelerator price; Google bills vCPU and RAM separately, so this is NOT comparable to Oracle or Azure"
2026-08-11T12:08:03+00:00,gcp,2026-08-11T07:00:00Z,europe-central2,BB8B-091F-1A8C,Nvidia Tesla P4 GPU,P4,1,1_year,USD,0.409,GPU Per Hour,0.409,accelerator_only,"bare accelerator price; Google bills vCPU and RAM separately, so this is NOT comparable to Oracle or Azure"
2026-08-11T12:08:03+00:00,gcp,2026-08-11T07:00:00Z,asia-east1,BBBA-6880-CF9C,Nvidia Tesla T4 GPU,T4,1,3_year,USD,0.16,GPU Per Hour,0.16,accelerator_only,"bare accelerator price; Google bills vCPU and RAM separately, so this is NOT comparable to Oracle or Azure"
2026-08-11T12:08:03+00:00,gcp,2026-08-11T07:00:00Z,asia-east1,BBD1-E345-125B,a2-ultragpu-1g,A100,1,3_year,USD,4.031231,GPU Per Hour,4.031231,machine_inclusive,accelerator $3.5855/GPU-hr plus 12 vCPU and 170 GB RAM
2026-08-11T12:08:03+00:00,gcp,2026-08-11T07:00:00Z,asia-east1,BBD1-E345-125B,a2-ultragpu-2g,A100,2,3_year,USD,8.062462,Machine Per Hour,4.031231,machine_inclusive,accelerator $3.5855/GPU-hr plus 24 vCPU and 340 GB RAM
2026-08-11T12:08:03+00:00,gcp,2026-08-11T07:00:00Z,asia-east1,BBD1-E345-125B,a2-ultragpu-4g,A100,4,3_year,USD,16.124925,Machine Per Hour,4.031231,machine_inclusive,accelerator $3.5855/GPU-hr plus 48 vCPU and 680 GB RAM
2026-08-11T12:08:03+00:00,gcp,2026-08-11T07:00:00Z,asia-east1,BBD1-E345-125B,a2-ultragpu-8g,A100,8,3_year,USD,32.24985,Machine Per Hour,4.031231,machine_inclusive,accelerator $3.5855/GPU-hr plus 96 vCPU and 1360 GB RAM
2026-08-11T12:08:03+00:00,gcp,2026-08-11T07:00:00Z,us-central1,BBFC-761F-7CE5,Nvidia Tesla P4 GPU,P4,1,3_year,USD,0.27,GPU Per Hour,0.27,accelerator_only,"bare accelerator price; Google bills vCPU and RAM separately, so this is NOT comparable to Oracle or Azure"
2026-08-11T12:08:03+00:00,gcp,2026-08-11T07:00:00Z,us-east1,BBFC-761F-7CE5,Nvidia Tesla P4 GPU,P4,1,3_year,USD,0.27,GPU Per Hour,0.27,accelerator_only,"bare accelerator price; Google bills vCPU and RAM separately, so this is NOT comparable to Oracle or Azure"
2026-08-11T12:08:03+00:00,gcp,2026-08-11T07:00:00Z,us-west1,BBFC-761F-7CE5,Nvidia Tesla P4 GPU,P4,1,3_year,USD,0.27,GPU Per Hour,0.27,accelerator_only,"bare accelerator price; Google bills vCPU and RAM separately, so this is NOT comparable to Oracle or Azure"
2026-08-11T12:08:03+00:00,gcp,2026-08-11T07:00:00Z,me-central2,BC32-CEC6-6889,Nvidia Tesla P100 GPU,P100,1,on_demand,USD,2.336,GPU Per Hour,2.336,accelerator_only,"bare accelerator price; Google bills vCPU and RAM separately, so this is NOT comparable to Oracle or Azure"
2026-08-11T12:08:03+00:00,gcp,2026-08-11T07:00:00Z,europe-west1,BC3B-5BAC-8EC2,Nvidia Tesla P100 GPU,P100,1,on_demand,USD,1.6,GPU Per Hour,1.6,accelerator_only,"bare accelerator price; Google bills vCPU and RAM separately, so this is NOT comparable to Oracle or Azure"
2026-08-11T12:08:03+00:00,gcp,2026-08-11T07:00:00Z,europe-west10,BC3C-1E7B-D8A9,a2-ultragpu-1g,A100,1,on_demand,USD,7.742661,GPU Per Hour,7.742661,machine_inclusive,accelerator $6.0492/GPU-hr plus 12 vCPU and 170 GB RAM
2026-08-11T12:08:03+00:00,gcp,2026-08-11T07:00:00Z,europe-west10,BC3C-1E7B-D8A9,a2-ultragpu-2g,A100,2,on_demand,USD,15.485322,Machine Per Hour,7.742661,machine_inclusive,accelerator $6.0492/GPU-hr plus 24 vCPU and 340 GB RAM
2026-08-11T12:08:03+00:00,gcp,2026-08-11T07:00:00Z,europe-west10,BC3C-1E7B-D8A9,a2-ultragpu-4g,A100,4,on_demand,USD,30.970644,Machine Per Hour,7.742661,machine_inclusive,accelerator $6.0492/GPU-hr plus 48 vCPU and 680 GB RAM
2026-08-11T12:08:03+00:00,gcp,2026-08-11T07:00:00Z,europe-west10,BC3C-1E7B-D8A9,a2-ultragpu-8g,A100,8,on_demand,USD,61.941287,Machine Per Hour,7.742661,machine_inclusive,accelerator $6.0492/GPU-hr plus 96 vCPU and 1360 GB RAM
2026-08-11T12:08:03+00:00,gcp,2026-08-11T07:00:00Z,us-west2,BC55-39F9-D6CF,Nvidia Tesla T4 GPU,T4,1,spot,USD,0.1406,GPU Per Hour,0.1406,accelerator_only,"bare accelerator price; Google bills vCPU and RAM separately, so this is NOT comparable to Oracle or Azure"
2026-08-11T12:08:03+00:00,gcp,2026-08-11T07:00:00Z,us-west8,BCDD-295A-55BC,g2-standard-4,L4,1,1_year,USD,0.445304,GPU Per Hour,0.445304,machine_inclusive,accelerator $0.3528/GPU-hr plus 4 vCPU and 16 GB RAM
2026-08-11T12:08:03+00:00,gcp,2026-08-11T07:00:00Z,us-west8,BCDD-295A-55BC,g2-standard-8,L4,1,1_year,USD,0.537783,GPU Per Hour,0.537783,machine_inclusive,accelerator $0.3528/GPU-hr plus 8 vCPU and 32 GB RAM
2026-08-11T12:08:03+00:00,gcp,2026-08-11T07:00:00Z,us-west8,BCDD-295A-55BC,g2-standard-12,L4,1,1_year,USD,0.630262,GPU Per Hour,0.630262,machine_inclusive,accelerator $0.3528/GPU-hr plus 12 vCPU and 48 GB RAM
2026-08-11T12:08:03+00:00,gcp,2026-08-11T07:00:00Z,us-west8,BCDD-295A-55BC,g2-standard-16,L4,1,1_year,USD,0.722741,GPU Per Hour,0.722741,machine_inclusive,accelerator $0.3528/GPU-hr plus 16 vCPU and 64 GB RAM
2026-08-11T12:08:03+00:00,gcp,2026-08-11T07:00:00Z,us-west8,BCDD-295A-55BC,g2-standard-24,L4,2,1_year,USD,1.260525,Machine Per Hour,0.630262,machine_inclusive,accelerator $0.3528/GPU-hr plus 24 vCPU and 96 GB RAM
2026-08-11T12:08:03+00:00,gcp,2026-08-11T07:00:00Z,us-west8,BCDD-295A-55BC,g2-standard-32,L4,1,1_year,USD,1.092657,GPU Per Hour,1.092657,machine_inclusive,accelerator $0.3528/GPU-hr plus 32 vCPU and 128 GB RAM
2026-08-11T12:08:03+00:00,gcp,2026-08-11T07:00:00Z,us-west8,BCDD-295A-55BC,g2-standard-48,L4,4,1_year,USD,2.521049,Machine Per Hour,0.630262,machine_inclusive,accelerator $0.3528/GPU-hr plus 48 vCPU and 192 GB RAM
2026-08-11T12:08:03+00:00,gcp,2026-08-11T07:00:00Z,us-west8,BCDD-295A-55BC,g2-standard-96,L4,8,1_year,USD,5.042098,Machine Per Hour,0.630262,machine_inclusive,accelerator $0.3528/GPU-hr plus 96 vCPU and 384 GB RAM
2026-08-11T12:08:03+00:00,gcp,2026-08-11T07:00:00Z,asia-southeast1,BD45-136C-23AF,1/8 vGPU no lssd,,,spot,USD,0.3105,GPU Per Hour,,,accelerator not in the lookup table -- add it to gcp.py
2026-08-11T12:08:03+00:00,gcp,2026-08-11T07:00:00Z,asia-south2,BD79-9453-C719,RTX 6000 96GB,RTX PRO 6000,1,1_year,USD,0.9828,GPU Per Hour,0.9828,accelerator_only,"bare accelerator price; Google bills vCPU and RAM separately, so this is NOT comparable to Oracle or Azure"
2026-08-11T12:08:03+00:00,gcp,2026-08-11T07:00:00Z,asia-south2,BD83-044E-2BF8,Nvidia Tesla V100 GPU,V100,1,spot,USD,0.74,GPU Per Hour,0.74,accelerator_only,"bare accelerator price; Google bills vCPU and RAM separately, so this is NOT comparable to Oracle or Azure"
2026-08-11T12:08:03+00:00,gcp,2026-08-11T07:00:00Z,asia-northeast2,BD9A-2094-52F8,a3-highgpu-8g,H100,8,on_demand,USD,112.794452,Machine Per Hour,14.099307,machine_inclusive,accelerator $12.5807/GPU-hr plus 208 vCPU and 1872 GB RAM
2026-08-11T12:08:03+00:00,gcp,2026-08-11T07:00:00Z,europe-west12,BDA5-AA23-7AFA,A4 Nvidia B200 (1 gpu slice),B200,1,spot,USD,2.4091,GPU Per Hour,2.4091,machine_inclusive,Google publishes no separate A4 vCPU/RAM SKUs -- the per-slice price already covers the whole machine
2026-08-11T12:08:03+00:00,gcp,2026-08-11T07:00:00Z,asia-southeast2,BE12-53F4-BFBA,1/8 vGPU no lssd,,,spot,USD,0.33638,GPU Per Hour,,,accelerator not in the lookup table -- add it to gcp.py
2026-08-11T12:08:03+00:00,gcp,2026-08-11T07:00:00Z,us-east4,BE46-E204-B75B,a3-ultragpu-8g,H200,8,1_year,USD,57.64344,Machine Per Hour,7.20543,machine_inclusive,accelerator $6.4314/GPU-hr plus 224 vCPU and 2952 GB RAM
2026-08-11T12:08:03+00:00,gcp,2026-08-11T07:00:00Z,europe-west2,BEAB-97A1-EB75,A4 Nvidia B200 (1 gpu slice),B200,1,spot,USD,2.4091,GPU Per Hour,2.4091,machine_inclusive,Google publishes no separate A4 vCPU/RAM SKUs -- the per-slice price already covers the whole machine
2026-08-11T12:08:03+00:00,gcp,2026-08-11T07:00:00Z,europe-southwest1,BEC6-A503-C72F,Nvidia Tesla P100 GPU,P100,1,spot,USD,0.435,GPU Per Hour,0.435,accelerator_only,"bare accelerator price; Google bills vCPU and RAM separately, so this is NOT comparable to Oracle or Azure"
2026-08-11T12:08:03+00:00,gcp,2026-08-11T07:00:00Z,us-central1,BEFB-F03D-B770,g2-standard-4,L4,1,1_year,USD,0.445304,GPU Per Hour,0.445304,machine_inclusive,accelerator $0.3528/GPU-hr plus 4 vCPU and 16 GB RAM
2026-08-11T12:08:03+00:00,gcp,2026-08-11T07:00:00Z,us-central1,BEFB-F03D-B770,g2-standard-8,L4,1,1_year,USD,0.537783,GPU Per Hour,0.537783,machine_inclusive,accelerator $0.3528/GPU-hr plus 8 vCPU and 32 GB RAM
2026-08-11T12:08:03+00:00,gcp,2026-08-11T07:00:00Z,us-central1,BEFB-F03D-B770,g2-standard-12,L4,1,1_year,USD,0.630262,GPU Per Hour,0.630262,machine_inclusive,accelerator $0.3528/GPU-hr plus 12 vCPU and 48 GB RAM
2026-08-11T12:08:03+00:00,gcp,2026-08-11T07:00:00Z,us-central1,BEFB-F03D-B770,g2-standard-16,L4,1,1_year,USD,0.722741,GPU Per Hour,0.722741,machine_inclusive,accelerator $0.3528/GPU-hr plus 16 vCPU and 64 GB RAM
2026-08-11T12:08:03+00:00,gcp,2026-08-11T07:00:00Z,us-central1,BEFB-F03D-B770,g2-standard-24,L4,2,1_year,USD,1.260525,Machine Per Hour,0.630262,machine_inclusive,accelerator $0.3528/GPU-hr plus 24 vCPU and 96 GB RAM
2026-08-11T12:08:03+00:00,gcp,2026-08-11T07:00:00Z,us-central1,BEFB-F03D-B770,g2-standard-32,L4,1,1_year,USD,1.092657,GPU Per Hour,1.092657,machine_inclusive,accelerator $0.3528/GPU-hr plus 32 vCPU and 128 GB RAM
2026-08-11T12:08:03+00:00,gcp,2026-08-11T07:00:00Z,us-central1,BEFB-F03D-B770,g2-standard-48,L4,4,1_year,USD,2.521049,Machine Per Hour,0.630262,machine_inclusive,accelerator $0.3528/GPU-hr plus 48 vCPU and 192 GB RAM
2026-08-11T12:08:03+00:00,gcp,2026-08-11T07:00:00Z,us-central1,BEFB-F03D-B770,g2-standard-96,L4,8,1_year,USD,5.042098,Machine Per Hour,0.630262,machine_inclusive,accelerator $0.3528/GPU-hr plus 96 vCPU and 384 GB RAM
2026-08-11T12:08:03+00:00,gcp,2026-08-11T07:00:00Z,us-east1,BEFB-F03D-B770,g2-standard-4,L4,1,1_year,USD,0.445304,GPU Per Hour,0.445304,machine_inclusive,accelerator $0.3528/GPU-hr plus 4 vCPU and 16 GB RAM
2026-08-11T12:08:03+00:00,gcp,2026-08-11T07:00:00Z,us-east1,BEFB-F03D-B770,g2-standard-8,L4,1,1_year,USD,0.537783,GPU Per Hour,0.537783,machine_inclusive,accelerator $0.3528/GPU-hr plus 8 vCPU and 32 GB RAM
2026-08-11T12:08:03+00:00,gcp,2026-08-11T07:00:00Z,us-east1,BEFB-F03D-B770,g2-standard-12,L4,1,1_year,USD,0.630262,GPU Per Hour,0.630262,machine_inclusive,accelerator $0.3528/GPU-hr plus 12 vCPU and 48 GB RAM
2026-08-11T12:08:03+00:00,gcp,2026-08-11T07:00:00Z,us-east1,BEFB-F03D-B770,g2-standard-16,L4,1,1_year,USD,0.722741,GPU Per Hour,0.722741,machine_inclusive,accelerator $0.3528/GPU-hr plus 16 vCPU and 64 GB RAM
2026-08-11T12:08:03+00:00,gcp,2026-08-11T07:00:00Z,us-east1,BEFB-F03D-B770,g2-standard-24,L4,2,1_year,USD,1.260525,Machine Per Hour,0.630262,machine_inclusive,accelerator $0.3528/GPU-hr plus 24 vCPU and 96 GB RAM
2026-08-11T12:08:03+00:00,gcp,2026-08-11T07:00:00Z,us-east1,BEFB-F03D-B770,g2-standard-32,L4,1,1_year,USD,1.092657,GPU Per Hour,1.092657,machine_inclusive,accelerator $0.3528/GPU-hr plus 32 vCPU and 128 GB RAM
2026-08-11T12:08:03+00:00,gcp,2026-08-11T07:00:00Z,us-east1,BEFB-F03D-B770,g2-standard-48,L4,4,1_year,USD,2.521049,Machine Per Hour,0.630262,machine_inclusive,accelerator $0.3528/GPU-hr plus 48 vCPU and 192 GB RAM
2026-08-11T12:08:03+00:00,gcp,2026-08-11T07:00:00Z,us-east1,BEFB-F03D-B770,g2-standard-96,L4,8,1_year,USD,5.042098,Machine Per Hour,0.630262,machine_inclusive,accelerator $0.3528/GPU-hr plus 96 vCPU and 384 GB RAM
2026-08-11T12:08:03+00:00,gcp,2026-08-11T07:00:00Z,us-west1,BEFB-F03D-B770,g2-standard-4,L4,1,1_year,USD,0.445304,GPU Per Hour,0.445304,machine_inclusive,accelerator $0.3528/GPU-hr plus 4 vCPU and 16 GB RAM
2026-08-11T12:08:03+00:00,gcp,2026-08-11T07:00:00Z,us-west1,BEFB-F03D-B770,g2-standard-8,L4,1,1_year,USD,0.537783,GPU Per Hour,0.537783,machine_inclusive,accelerator $0.3528/GPU-hr plus 8 vCPU and 32 GB RAM
2026-08-11T12:08:03+00:00,gcp,2026-08-11T07:00:00Z,us-west1,BEFB-F03D-B770,g2-standard-12,L4,1,1_year,USD,0.630262,GPU Per Hour,0.630262,machine_inclusive,accelerator $0.3528/GPU-hr plus 12 vCPU and 48 GB RAM
2026-08-11T12:08:03+00:00,gcp,2026-08-11T07:00:00Z,us-west1,BEFB-F03D-B770,g2-standard-16,L4,1,1_year,USD,0.722741,GPU Per Hour,0.722741,machine_inclusive,accelerator $0.3528/GPU-hr plus 16 vCPU and 64 GB RAM
2026-08-11T12:08:03+00:00,gcp,2026-08-11T07:00:00Z,us-west1,BEFB-F03D-B770,g2-standard-24,L4,2,1_year,USD,1.260525,Machine Per Hour,0.630262,machine_inclusive,accelerator $0.3528/GPU-hr plus 24 vCPU and 96 GB RAM
2026-08-11T12:08:03+00:00,gcp,2026-08-11T07:00:00Z,us-west1,BEFB-F03D-B770,g2-standard-32,L4,1,1_year,USD,1.092657,GPU Per Hour,1.092657,machine_inclusive,accelerator $0.3528/GPU-hr plus 32 vCPU and 128 GB RAM
2026-08-11T12:08:03+00:00,gcp,2026-08-11T07:00:00Z,us-west1,BEFB-F03D-B770,g2-standard-48,L4,4,1_year,USD,2.521049,Machine Per Hour,0.630262,machine_inclusive,accelerator $0.3528/GPU-hr plus 48 vCPU and 192 GB RAM
2026-08-11T12:08:03+00:00,gcp,2026-08-11T07:00:00Z,us-west1,BEFB-F03D-B770,g2-standard-96,L4,8,1_year,USD,5.042098,Machine Per Hour,0.630262,machine_inclusive,accelerator $0.3528/GPU-hr plus 96 vCPU and 384 GB RAM
2026-08-11T12:08:03+00:00,gcp,2026-08-11T07:00:00Z,us-east4,BF7B-A0B2-0105,Nvidia Tesla T4 GPU,T4,1,3_year,USD,0.17,GPU Per Hour,0.17,accelerator_only,"bare accelerator price; Google bills vCPU and RAM separately, so this is NOT comparable to Oracle or Azure"
2026-08-11T12:08:03+00:00,gcp,2026-08-11T07:00:00Z,me-central2,BFD0-9CE4-0E82,Nvidia Tesla P4 GPU,P4,1,1_year,USD,0.6048,GPU Per Hour,0.6048,accelerator_only,"bare accelerator price; Google bills vCPU and RAM separately, so this is NOT comparable to Oracle or Azure"
2026-08-11T12:08:03+00:00,gcp,2026-08-11T07:00:00Z,europe-west2,BFD1-7EB6-E40D,a3-highgpu-8g,H100,8,3_year,USD,43.968078,Machine Per Hour,5.49601,machine_inclusive,accelerator $4.9019/GPU-hr plus 208 vCPU and 1872 GB RAM
2026-08-11T12:08:03+00:00,gcp,2026-08-11T07:00:00Z,us-south1,BFED-77FE-C042,a3-highgpu-8g,H100,8,1_year,USD,71.943924,Machine Per Hour,8.99299,machine_inclusive,accelerator $8.0226/GPU-hr plus 208 vCPU and 1872 GB RAM
2026-08-11T12:08:03+00:00,gcp,2026-08-11T07:00:00Z,asia-southeast2,C030-62B4-198E,1/8 vGPU no lssd,,,on_demand,USD,0.84094,GPU Per Hour,,,accelerator not in the lookup table -- add it to gcp.py
2026-08-11T12:08:03+00:00,gcp,2026-08-11T07:00:00Z,us-west4,C09E-B156-59EB,Nvidia Tesla P100 GPU,P100,1,3_year,USD,0.657,GPU Per Hour,0.657,accelerator_only,"bare accelerator price; Google bills vCPU and RAM separately, so this is NOT comparable to Oracle or Azure"
2026-08-11T12:08:03+00:00,gcp,2026-08-11T07:00:00Z,southamerica-west1,C0AD-C0BE-33F6,Nvidia Tesla P100 GPU,P100,1,on_demand,USD,2.0878,GPU Per Hour,2.0878,accelerator_only,"bare accelerator price; Google bills vCPU and RAM separately, so this is NOT comparable to Oracle or Azure"
2026-08-11T12:08:03+00:00,gcp,2026-08-11T07:00:00Z,europe-west8,C0B5-7C55-D939,a2-ultragpu-1g,A100,1,on_demand,USD,5.832135,GPU Per Hour,5.832135,machine_inclusive,accelerator $4.5566/GPU-hr plus 12 vCPU and 170 GB RAM
2026-08-11T12:08:03+00:00,gcp,2026-08-11T07:00:00Z,europe-west8,C0B5-7C55-D939,a2-ultragpu-2g,A100,2,on_demand,USD,11.664269,Machine Per Hour,5.832135,machine_inclusive,accelerator $4.5566/GPU-hr plus 24 vCPU and 340 GB RAM
2026-08-11T12:08:03+00:00,gcp,2026-08-11T07:00:00Z,europe-west8,C0B5-7C55-D939,a2-ultragpu-4g,A100,4,on_demand,USD,23.328538,Machine Per Hour,5.832135,machine_inclusive,accelerator $4.5566/GPU-hr plus 48 vCPU and 680 GB RAM
2026-08-11T12:08:03+00:00,gcp,2026-08-11T07:00:00Z,europe-west8,C0B5-7C55-D939,a2-ultragpu-8g,A100,8,on_demand,USD,46.657076,Machine Per Hour,5.832135,machine_inclusive,accelerator $4.5566/GPU-hr plus 96 vCPU and 1360 GB RAM
2026-08-11T12:08:03+00:00,gcp,2026-08-11T07:00:00Z,southamerica-east1,C0E1-3A34-CCE1,a3-highgpu-8g,H100,8,spot,USD,12.659088,Machine Per Hour,1.582386,machine_inclusive,accelerator $1.4131/GPU-hr plus 208 vCPU and 1872 GB RAM
2026-08-11T12:08:03+00:00,gcp,2026-08-11T07:00:00Z,asia-southeast2,C119-2237-BAEC,Nvidia Tesla P100 GPU,P100,1,1_year,USD,1.09872,GPU Per Hour,1.09872,accelerator_only,"bare accelerator price; Google bills vCPU and RAM separately, so this is NOT comparable to Oracle or Azure"
2026-08-11T12:08:03+00:00,gcp,2026-08-11T07:00:00Z,southamerica-west1,C12B-EBEC-4F4D,Nvidia Tesla T4 GPU,T4,1,3_year,USD,0.2288,GPU Per Hour,0.2288,accelerator_only,"bare accelerator price; Google bills vCPU and RAM separately, so this is NOT comparable to Oracle or Azure"
2026-08-11T12:08:03+00:00,gcp,2026-08-11T07:00:00Z,europe-west3,C164-2134-D002,a3-highgpu-8g,H100,8,1_year,USD,71.943924,Machine Per Hour,8.99299,machine_inclusive,accelerator $8.0226/GPU-hr plus 208 vCPU and 1872 GB RAM
2026-08-11T12:08:03+00:00,gcp,2026-08-11T07:00:00Z,africa-south1,C183-BA83-8638,Nvidia Tesla T4 GPU,T4,1,spot,USD,0.0453,GPU Per Hour,0.0453,accelerator_only,"bare accelerator price; Google bills vCPU and RAM separately, so this is NOT comparable to Oracle or Azure"
2026-08-11T12:08:03+00:00,gcp,2026-08-11T07:00:00Z,europe-southwest1,C1BF-B1BB-5C38,a3-highgpu-8g,H100,8,spot,USD,9.410016,Machine Per Hour,1.176252,machine_inclusive,accelerator $1.0501/GPU-hr plus 208 vCPU and 1872 GB RAM
2026-08-11T12:08:03+00:00,gcp,2026-08-11T07:00:00Z,europe-north1,C1C2-E58D-A4FA,a3-highgpu-8g,H100,8,1_year,USD,67.133436,Machine Per Hour,8.391679,machine_inclusive,accelerator $7.4862/GPU-hr plus 208 vCPU and 1872 GB RAM
2026-08-11T12:08:03+00:00,gcp,2026-08-11T07:00:00Z,asia-northeast3,C200-1A8B-4836,g2-standard-4,L4,1,spot,USD,0.327772,GPU Per Hour,0.327772,machine_inclusive,accelerator $0.2597/GPU-hr plus 4 vCPU and 16 GB RAM
2026-08-11T12:08:03+00:00,gcp,2026-08-11T07:00:00Z,asia-northeast3,C200-1A8B-4836,g2-standard-8,L4,1,spot,USD,0.395844,GPU Per Hour,0.395844,machine_inclusive,accelerator $0.2597/GPU-hr plus 8 vCPU and 32 GB RAM
2026-08-11T12:08:03+00:00,gcp,2026-08-11T07:00:00Z,asia-northeast3,C200-1A8B-4836,g2-standard-12,L4,1,spot,USD,0.463916,GPU Per Hour,0.463916,machine_inclusive,accelerator $0.2597/GPU-hr plus 12 vCPU and 48 GB RAM
2026-08-11T12:08:03+00:00,gcp,2026-08-11T07:00:00Z,asia-northeast3,C200-1A8B-4836,g2-standard-16,L4,1,spot,USD,0.531988,GPU Per Hour,0.531988,machine_inclusive,accelerator $0.2597/GPU-hr plus 16 vCPU and 64 GB RAM
2026-08-11T12:08:03+00:00,gcp,2026-08-11T07:00:00Z,asia-northeast3,C200-1A8B-4836,g2-standard-24,L4,2,spot,USD,0.927832,Machine Per Hour,0.463916,machine_inclusive,accelerator $0.2597/GPU-hr plus 24 vCPU and 96 GB RAM
2026-08-11T12:08:03+00:00,gcp,2026-08-11T07:00:00Z,asia-northeast3,C200-1A8B-4836,g2-standard-32,L4,1,spot,USD,0.804276,GPU Per Hour,0.804276,machine_inclusive,accelerator $0.2597/GPU-hr plus 32 vCPU and 128 GB RAM
2026-08-11T12:08:03+00:00,gcp,2026-08-11T07:00:00Z,asia-northeast3,C200-1A8B-4836,g2-standard-48,L4,4,spot,USD,1.855664,Machine Per Hour,0.463916,machine_inclusive,accelerator $0.2597/GPU-hr plus 48 vCPU and 192 GB RAM
2026-08-11T12:08:03+00:00,gcp,2026-08-11T07:00:00Z,asia-northeast3,C200-1A8B-4836,g2-standard-96,L4,8,spot,USD,3.711328,Machine Per Hour,0.463916,machine_inclusive,accelerator $0.2597/GPU-hr plus 96 vCPU and 384 GB RAM
2026-08-11T12:08:03+00:00,gcp,2026-08-11T07:00:00Z,australia-southeast1,C240-4344-F3DF,a2-highgpu-1g,A100,1,3_year,USD,1.650875,GPU Per Hour,1.650875,machine_inclusive,accelerator $1.2836/GPU-hr plus 12 vCPU and 85 GB RAM
2026-08-11T12:08:03+00:00,gcp,2026-08-11T07:00:00Z,australia-southeast1,C240-4344-F3DF,a2-highgpu-2g,A100,2,3_year,USD,3.301749,Machine Per Hour,1.650875,machine_inclusive,accelerator $1.2836/GPU-hr plus 24 vCPU and 170 GB RAM
2026-08-11T12:08:03+00:00,gcp,2026-08-11T07:00:00Z,australia-southeast1,C240-4344-F3DF,a2-highgpu-4g,A100,4,3_year,USD,6.603499,Machine Per Hour,1.650875,machine_inclusive,accelerator $1.2836/GPU-hr plus 48 vCPU and 340 GB RAM
2026-08-11T12:08:03+00:00,gcp,2026-08-11T07:00:00Z,australia-southeast1,C240-4344-F3DF,a2-highgpu-8g,A100,8,3_year,USD,13.206997,Machine Per Hour,1.650875,machine_inclusive,accelerator $1.2836/GPU-hr plus 96 vCPU and 680 GB RAM
2026-08-11T12:08:03+00:00,gcp,2026-08-11T07:00:00Z,australia-southeast1,C240-4344-F3DF,a2-megagpu-16g,A100,16,3_year,USD,24.906826,Machine Per Hour,1.556677,machine_inclusive,accelerator $1.2836/GPU-hr plus 96 vCPU and 1360 GB RAM
2026-08-11T12:08:03+00:00,gcp,2026-08-11T07:00:00Z,us-south1,C322-39AE-D56E,g2-standard-4,L4,1,1_year,USD,0.525459,GPU Per Hour,0.525459,machine_inclusive,accelerator $0.4163/GPU-hr plus 4 vCPU and 16 GB RAM
2026-08-11T12:08:03+00:00,gcp,2026-08-11T07:00:00Z,us-south1,C322-39AE-D56E,g2-standard-8,L4,1,1_year,USD,0.634584,GPU Per Hour,0.634584,machine_inclusive,accelerator $0.4163/GPU-hr plus 8 vCPU and 32 GB RAM
2026-08-11T12:08:03+00:00,gcp,2026-08-11T07:00:00Z,us-south1,C322-39AE-D56E,g2-standard-12,L4,1,1_year,USD,0.74371,GPU Per Hour,0.74371,machine_inclusive,accelerator $0.4163/GPU-hr plus 12 vCPU and 48 GB RAM
2026-08-11T12:08:03+00:00,gcp,2026-08-11T07:00:00Z,us-south1,C322-39AE-D56E,g2-standard-16,L4,1,1_year,USD,0.852835,GPU Per Hour,0.852835,machine_inclusive,accelerator $0.4163/GPU-hr plus 16 vCPU and 64 GB RAM
2026-08-11T12:08:03+00:00,gcp,2026-08-11T07:00:00Z,us-south1,C322-39AE-D56E,g2-standard-24,L4,2,1_year,USD,1.487419,Machine Per Hour,0.74371,machine_inclusive,accelerator $0.4163/GPU-hr plus 24 vCPU and 96 GB RAM
2026-08-11T12:08:03+00:00,gcp,2026-08-11T07:00:00Z,us-south1,C322-39AE-D56E,g2-standard-32,L4,1,1_year,USD,1.289335,GPU Per Hour,1.289335,machine_inclusive,accelerator $0.4163/GPU-hr plus 32 vCPU and 128 GB RAM
2026-08-11T12:08:03+00:00,gcp,2026-08-11T07:00:00Z,us-south1,C322-39AE-D56E,g2-standard-48,L4,4,1_year,USD,2.974838,Machine Per Hour,0.74371,machine_inclusive,accelerator $0.4163/GPU-hr plus 48 vCPU and 192 GB RAM
2026-08-11T12:08:03+00:00,gcp,2026-08-11T07:00:00Z,us-south1,C322-39AE-D56E,g2-standard-96,L4,8,1_year,USD,5.949676,Machine Per Hour,0.74371,machine_inclusive,accelerator $0.4163/GPU-hr plus 96 vCPU and 384 GB RAM
2026-08-11T12:08:03+00:00,gcp,2026-08-11T07:00:00Z,asia-east2,C347-3DA8-D63D,Nvidia Tesla T4 GPU,T4,1,spot,USD,0.2361,GPU Per Hour,0.2361,accelerator_only,"bare accelerator price; Google bills vCPU and RAM separately, so this is NOT comparable to Oracle or Azure"
2026-08-11T12:08:03+00:00,gcp,2026-08-11T07:00:00Z,europe-west8,C381-1441-9F1A,a2-highgpu-1g,A100,1,on_demand,USD,4.261126,GPU Per Hour,4.261126,machine_inclusive,accelerator $3.4033/GPU-hr plus 12 vCPU and 85 GB RAM
2026-08-11T12:08:03+00:00,gcp,2026-08-11T07:00:00Z,europe-west8,C381-1441-9F1A,a2-highgpu-2g,A100,2,on_demand,USD,8.522253,Machine Per Hour,4.261126,machine_inclusive,accelerator $3.4033/GPU-hr plus 24 vCPU and 170 GB RAM
2026-08-11T12:08:03+00:00,gcp,2026-08-11T07:00:00Z,europe-west8,C381-1441-9F1A,a2-highgpu-4g,A100,4,on_demand,USD,17.044505,Machine Per Hour,4.261126,machine_inclusive,accelerator $3.4033/GPU-hr plus 48 vCPU and 340 GB RAM
2026-08-11T12:08:03+00:00,gcp,2026-08-11T07:00:00Z,europe-west8,C381-1441-9F1A,a2-highgpu-8g,A100,8,on_demand,USD,34.089011,Machine Per Hour,4.261126,machine_inclusive,accelerator $3.4033/GPU-hr plus 96 vCPU and 680 GB RAM
2026-08-11T12:08:03+00:00,gcp,2026-08-11T07:00:00Z,europe-west8,C381-1441-9F1A,a2-megagpu-16g,A100,16,on_demand,USD,64.65782,Machine Per Hour,4.041114,machine_inclusive,accelerator $3.4033/GPU-hr plus 96 vCPU and 1360 GB RAM
2026-08-11T12:08:03+00:00,gcp,2026-08-11T07:00:00Z,asia-northeast3,C411-C00C-5370,Nvidia Tesla T4 GPU,T4,1,on_demand,USD,0.37,GPU Per Hour,0.37,accelerator_only,"bare accelerator price; Google bills vCPU and RAM separately, so this is NOT comparable to Oracle or Azure"
2026-08-11T12:08:03+00:00,gcp,2026-08-11T07:00:00Z,europe-central2,C420-3942-30F3,a2-ultragpu-1g,A100,1,on_demand,USD,6.477558,GPU Per Hour,6.477558,machine_inclusive,accelerator $5.0609/GPU-hr plus 12 vCPU and 170 GB RAM
2026-08-11T12:08:03+00:00,gcp,2026-08-11T07:00:00Z,europe-central2,C420-3942-30F3,a2-ultragpu-2g,A100,2,on_demand,USD,12.955116,Machine Per Hour,6.477558,machine_inclusive,accelerator $5.0609/GPU-hr plus 24 vCPU and 340 GB RAM
2026-08-11T12:08:03+00:00,gcp,2026-08-11T07:00:00Z,europe-central2,C420-3942-30F3,a2-ultragpu-4g,A100,4,on_demand,USD,25.910232,Machine Per Hour,6.477558,machine_inclusive,accelerator $5.0609/GPU-hr plus 48 vCPU and 680 GB RAM
2026-08-11T12:08:03+00:00,gcp,2026-08-11T07:00:00Z,europe-central2,C420-3942-30F3,a2-ultragpu-8g,A100,8,on_demand,USD,51.820464,Machine Per Hour,6.477558,machine_inclusive,accelerator $5.0609/GPU-hr plus 96 vCPU and 1360 GB RAM
2026-08-11T12:08:03+00:00,gcp,2026-08-11T07:00:00Z,asia-south2,C426-9BF2-16F4,Nvidia Tesla P100 GPU,P100,1,1_year,USD,1.102,GPU Per Hour,1.102,accelerator_only,"bare accelerator price; Google bills vCPU and RAM separately, so this is NOT comparable to Oracle or Azure"
2026-08-11T12:08:03+00:00,gcp,2026-08-11T07:00:00Z,asia-northeast3,C43D-FCC3-98FE,1/8 vGPU no lssd,,,spot,USD,0.33638,GPU Per Hour,,,accelerator not in the lookup table -- add it to gcp.py
2026-08-11T12:08:03+00:00,gcp,2026-08-11T07:00:00Z,us-south1,C45D-CC35-B88E,a3-highgpu-8g,H100,8,spot,USD,25.988624,Machine Per Hour,3.248578,machine_inclusive,accelerator $2.8988/GPU-hr plus 208 vCPU and 1872 GB RAM
2026-08-11T12:08:03+00:00,gcp,2026-08-11T07:00:00Z,us-east4,C471-9C8F-181B,a3-ultragpu-8g,H200,8,3_year,USD,36.61664,Machine Per Hour,4.57708,machine_inclusive,accelerator $4.0830/GPU-hr plus 224 vCPU and 2952 GB RAM
2026-08-11T12:08:03+00:00,gcp,2026-08-11T07:00:00Z,asia-east2,C499-189B-E2AD,a2-highgpu-1g,A100,1,on_demand,USD,4.722994,GPU Per Hour,4.722994,machine_inclusive,accelerator $3.6883/GPU-hr plus 12 vCPU and 85 GB RAM
2026-08-11T12:08:03+00:00,gcp,2026-08-11T07:00:00Z,asia-east2,C499-189B-E2AD,a2-highgpu-2g,A100,2,on_demand,USD,9.445987,Machine Per Hour,4.722994,machine_inclusive,accelerator $3.6883/GPU-hr plus 24 vCPU and 170 GB RAM
2026-08-11T12:08:03+00:00,gcp,2026-08-11T07:00:00Z,asia-east2,C499-189B-E2AD,a2-highgpu-4g,A100,4,on_demand,USD,18.891974,Machine Per Hour,4.722994,machine_inclusive,accelerator $3.6883/GPU-hr plus 48 vCPU and 340 GB RAM
2026-08-11T12:08:03+00:00,gcp,2026-08-11T07:00:00Z,asia-east2,C499-189B-E2AD,a2-highgpu-8g,A100,8,on_demand,USD,37.783948,Machine Per Hour,4.722994,machine_inclusive,accelerator $3.6883/GPU-hr plus 96 vCPU and 680 GB RAM
2026-08-11T12:08:03+00:00,gcp,2026-08-11T07:00:00Z,asia-east2,C499-189B-E2AD,a2-megagpu-16g,A100,16,on_demand,USD,71.32172,Machine Per Hour,4.457608,machine_inclusive,accelerator $3.6883/GPU-hr plus 96 vCPU and 1360 GB RAM
2026-08-11T12:08:03+00:00,gcp,2026-08-11T07:00:00Z,australia-southeast2,C49C-DA87-7289,Nvidia Tesla V100 GPU,V100,1,spot,USD,0.3169,GPU Per Hour,0.3169,accelerator_only,"bare accelerator price; Google bills vCPU and RAM separately, so this is NOT comparable to Oracle or Azure"
2026-08-11T12:08:03+00:00,gcp,2026-08-11T07:00:00Z,asia-east1,C4DA-7FA3-86FF,a2-highgpu-1g,A100,1,spot,USD,0.400875,GPU Per Hour,0.400875,machine_inclusive,accelerator $0.3102/GPU-hr plus 12 vCPU and 85 GB RAM
2026-08-11T12:08:03+00:00,gcp,2026-08-11T07:00:00Z,asia-east1,C4DA-7FA3-86FF,a2-highgpu-2g,A100,2,spot,USD,0.80175,Machine Per Hour,0.400875,machine_inclusive,accelerator $0.3102/GPU-hr plus 24 vCPU and 170 GB RAM
2026-08-11T12:08:03+00:00,gcp,2026-08-11T07:00:00Z,asia-east1,C4DA-7FA3-86FF,a2-highgpu-4g,A100,4,spot,USD,1.6035,Machine Per Hour,0.400875,machine_inclusive,accelerator $0.3102/GPU-hr plus 48 vCPU and 340 GB RAM
2026-08-11T12:08:03+00:00,gcp,2026-08-11T07:00:00Z,asia-east1,C4DA-7FA3-86FF,a2-highgpu-8g,A100,8,spot,USD,3.207,Machine Per Hour,0.400875,machine_inclusive,accelerator $0.3102/GPU-hr plus 96 vCPU and 680 GB RAM
2026-08-11T12:08:03+00:00,gcp,2026-08-11T07:00:00Z,asia-east1,C4DA-7FA3-86FF,a2-megagpu-16g,A100,16,spot,USD,6.04152,Machine Per Hour,0.377595,machine_inclusive,accelerator $0.3102/GPU-hr plus 96 vCPU and 1360 GB RAM
2026-08-11T12:08:03+00:00,gcp,2026-08-11T07:00:00Z,europe-west4,C523-911B-F2F3,a3-ultragpu-8g,H200,8,spot,USD,55.097904,Machine Per Hour,6.887238,machine_inclusive,accelerator $6.1457/GPU-hr plus 224 vCPU and 2952 GB RAM
2026-08-11T12:08:03+00:00,gcp,2026-08-11T07:00:00Z,europe-west1,C533-F7A5-588E,a3-megagpu-8g,H100 Mega,8,3_year,USD,44.434022,Machine Per Hour,5.554253,machine_inclusive,accelerator $4.9538/GPU-hr plus 208 vCPU and 1872 GB RAM
2026-08-11T12:08:03+00:00,gcp,2026-08-11T07:00:00Z,europe-west10,C57B-4F73-533A,Nvidia Tesla P100 GPU,P100,1,spot,USD,0.5677,GPU Per Hour,0.5677,accelerator_only,"bare accelerator price; Google bills vCPU and RAM separately, so this is NOT comparable to Oracle or Azure"
2026-08-11T12:08:03+00:00,gcp,2026-08-11T07:00:00Z,us-south1,C5A6-0A80-C77C,RTX 6000 96GB,RTX PRO 6000,1,1_year,USD,0.756,GPU Per Hour,0.756,accelerator_only,"bare accelerator price; Google bills vCPU and RAM separately, so this is NOT comparable to Oracle or Azure"
2026-08-11T12:08:03+00:00,gcp,2026-08-11T07:00:00Z,asia-southeast2,C646-BBA4-355E,g2-standard-4,L4,1,1_year,USD,0.598801,GPU Per Hour,0.598801,machine_inclusive,accelerator $0.4744/GPU-hr plus 4 vCPU and 16 GB RAM
2026-08-11T12:08:03+00:00,gcp,2026-08-11T07:00:00Z,asia-southeast2,C646-BBA4-355E,g2-standard-8,L4,1,1_year,USD,0.723157,GPU Per Hour,0.723157,machine_inclusive,accelerator $0.4744/GPU-hr plus 8 vCPU and 32 GB RAM
2026-08-11T12:08:03+00:00,gcp,2026-08-11T07:00:00Z,asia-southeast2,C646-BBA4-355E,g2-standard-12,L4,1,1_year,USD,0.847514,GPU Per Hour,0.847514,machine_inclusive,accelerator $0.4744/GPU-hr plus 12 vCPU and 48 GB RAM
2026-08-11T12:08:03+00:00,gcp,2026-08-11T07:00:00Z,asia-southeast2,C646-BBA4-355E,g2-standard-16,L4,1,1_year,USD,0.97187,GPU Per Hour,0.97187,machine_inclusive,accelerator $0.4744/GPU-hr plus 16 vCPU and 64 GB RAM
2026-08-11T12:08:03+00:00,gcp,2026-08-11T07:00:00Z,asia-southeast2,C646-BBA4-355E,g2-standard-24,L4,2,1_year,USD,1.695027,Machine Per Hour,0.847514,machine_inclusive,accelerator $0.4744/GPU-hr plus 24 vCPU and 96 GB RAM
2026-08-11T12:08:03+00:00,gcp,2026-08-11T07:00:00Z,asia-southeast2,C646-BBA4-355E,g2-standard-32,L4,1,1_year,USD,1.469296,GPU Per Hour,1.469296,machine_inclusive,accelerator $0.4744/GPU-hr plus 32 vCPU and 128 GB RAM
2026-08-11T12:08:03+00:00,gcp,2026-08-11T07:00:00Z,asia-southeast2,C646-BBA4-355E,g2-standard-48,L4,4,1_year,USD,3.390055,Machine Per Hour,0.847514,machine_inclusive,accelerator $0.4744/GPU-hr plus 48 vCPU and 192 GB RAM
2026-08-11T12:08:03+00:00,gcp,2026-08-11T07:00:00Z,asia-southeast2,C646-BBA4-355E,g2-standard-96,L4,8,1_year,USD,6.780109,Machine Per Hour,0.847514,machine_inclusive,accelerator $0.4744/GPU-hr plus 96 vCPU and 384 GB RAM
2026-08-11T12:08:03+00:00,gcp,2026-08-11T07:00:00Z,asia-northeast3,C667-0BFC-568E,Nvidia Tesla P4 GPU,P4,1,spot,USD,0.0647,GPU Per Hour,0.0647,accelerator_only,"bare accelerator price; Google bills vCPU and RAM separately, so this is NOT comparable to Oracle or Azure"
2026-08-11T12:08:03+00:00,gcp,2026-08-11T07:00:00Z,europe-west8,C670-BC8E-2A27,g2-standard-4,L4,1,spot,USD,0.0858,GPU Per Hour,0.0858,machine_inclusive,accelerator $0.0680/GPU-hr plus 4 vCPU and 16 GB RAM
2026-08-11T12:08:03+00:00,gcp,2026-08-11T07:00:00Z,europe-west8,C670-BC8E-2A27,g2-standard-8,L4,1,spot,USD,0.1036,GPU Per Hour,0.1036,machine_inclusive,accelerator $0.0680/GPU-hr plus 8 vCPU and 32 GB RAM
2026-08-11T12:08:03+00:00,gcp,2026-08-11T07:00:00Z,europe-west8,C670-BC8E-2A27,g2-standard-12,L4,1,spot,USD,0.1214,GPU Per Hour,0.1214,machine_inclusive,accelerator $0.0680/GPU-hr plus 12 vCPU and 48 GB RAM
2026-08-11T12:08:03+00:00,gcp,2026-08-11T07:00:00Z,europe-west8,C670-BC8E-2A27,g2-standard-16,L4,1,spot,USD,0.1392,GPU Per Hour,0.1392,machine_inclusive,accelerator $0.0680/GPU-hr plus 16 vCPU and 64 GB RAM
2026-08-11T12:08:03+00:00,gcp,2026-08-11T07:00:00Z,europe-west8,C670-BC8E-2A27,g2-standard-24,L4,2,spot,USD,0.2428,Machine Per Hour,0.1214,machine_inclusive,accelerator $0.0680/GPU-hr plus 24 vCPU and 96 GB RAM
2026-08-11T12:08:03+00:00,gcp,2026-08-11T07:00:00Z,europe-west8,C670-BC8E-2A27,g2-standard-32,L4,1,spot,USD,0.2104,GPU Per Hour,0.2104,machine_inclusive,accelerator $0.0680/GPU-hr plus 32 vCPU and 128 GB RAM
2026-08-11T12:08:03+00:00,gcp,2026-08-11T07:00:00Z,europe-west8,C670-BC8E-2A27,g2-standard-48,L4,4,spot,USD,0.4856,Machine Per Hour,0.1214,machine_inclusive,accelerator $0.0680/GPU-hr plus 48 vCPU and 192 GB RAM
2026-08-11T12:08:03+00:00,gcp,2026-08-11T07:00:00Z,europe-west8,C670-BC8E-2A27,g2-standard-96,L4,8,spot,USD,0.9712,Machine Per Hour,0.1214,machine_inclusive,accelerator $0.0680/GPU-hr plus 96 vCPU and 384 GB RAM
2026-08-11T12:08:03+00:00,gcp,2026-08-11T07:00:00Z,me-central1,C67D-C93C-3957,a3-highgpu-8g,H100,8,1_year,USD,74.077851,Machine Per Hour,9.259731,machine_inclusive,accelerator $8.2606/GPU-hr plus 208 vCPU and 1872 GB RAM
2026-08-11T12:08:03+00:00,gcp,2026-08-11T07:00:00Z,europe-west4,C6D8-7D97-E282,Nvidia Tesla P100 GPU,P100,1,on_demand,USD,1.6,GPU Per Hour,1.6,accelerator_only,"bare accelerator price; Google bills vCPU and RAM separately, so this is NOT comparable to Oracle or Azure"
2026-08-11T12:08:03+00:00,gcp,2026-08-11T07:00:00Z,us-central1,C6E1-AD56-EDD6,1/8 vGPU no lssd,,,spot,USD,0.25875,GPU Per Hour,,,accelerator not in the lookup table -- add it to gcp.py
2026-08-11T12:08:03+00:00,gcp,2026-08-11T07:00:00Z,europe-west12,C701-686D-574A,Nvidia Tesla P4 GPU,P4,1,3_year,USD,0.3483,GPU Per Hour,0.3483,accelerator_only,"bare accelerator price; Google bills vCPU and RAM separately, so this is NOT comparable to Oracle or Azure"
2026-08-11T12:08:03+00:00,gcp,2026-08-11T07:00:00Z,asia-northeast3,C708-4748-A44B,Nvidia Tesla P4 GPU,P4,1,1_year,USD,0.409,GPU Per Hour,0.409,accelerator_only,"bare accelerator price; Google bills vCPU and RAM separately, so this is NOT comparable to Oracle or Azure"
2026-08-11T12:08:03+00:00,gcp,2026-08-11T07:00:00Z,asia-south2,C719-2A1F-BC17,Nvidia Tesla P100 GPU,P100,1,spot,USD,0.1575,GPU Per Hour,0.1575,accelerator_only,"bare accelerator price; Google bills vCPU and RAM separately, so this is NOT comparable to Oracle or Azure"
2026-08-11T12:08:03+00:00,gcp,2026-08-11T07:00:00Z,europe-west12,C76A-1F57-5075,Nvidia Tesla T4 GPU,T4,1,3_year,USD,0.2064,GPU Per Hour,0.2064,accelerator_only,"bare accelerator price; Google bills vCPU and RAM separately, so this is NOT comparable to Oracle or Azure"
2026-08-11T12:08:03+00:00,gcp,2026-08-11T07:00:00Z,africa-south1,C76F-B76B-8A19,Nvidia Tesla V100 GPU,V100,1,1_year,USD,2.043096,GPU Per Hour,2.043096,accelerator_only,"bare accelerator price; Google bills vCPU and RAM separately, so this is NOT comparable to Oracle or Azure"
2026-08-11T12:08:03+00:00,gcp,2026-08-11T07:00:00Z,asia-south1,C789-0F6E-EF78,RTX 6000 96GB,RTX PRO 6000,1,1_year,USD,0.9828,GPU Per Hour,0.9828,accelerator_only,"bare accelerator price; Google bills vCPU and RAM separately, so this is NOT comparable to Oracle or Azure"
2026-08-11T12:08:03+00:00,gcp,2026-08-11T07:00:00Z,us-east5,C7DB-39DC-82AA,a3-megagpu-8g,H100 Mega,8,on_demand,USD,92.743213,Machine Per Hour,11.592902,machine_inclusive,accelerator $10.3443/GPU-hr plus 208 vCPU and 1872 GB RAM
2026-08-11T12:08:03+00:00,gcp,2026-08-11T07:00:00Z,europe-west12,C892-3675-E9CD,a2-ultragpu-1g,A100,1,1_year,USD,5.384202,GPU Per Hour,5.384202,machine_inclusive,accelerator $4.4906/GPU-hr plus 12 vCPU and 170 GB RAM
2026-08-11T12:08:03+00:00,gcp,2026-08-11T07:00:00Z,europe-west12,C892-3675-E9CD,a2-ultragpu-2g,A100,2,1_year,USD,10.768404,Machine Per Hour,5.384202,machine_inclusive,accelerator $4.4906/GPU-hr plus 24 vCPU and 340 GB RAM
2026-08-11T12:08:03+00:00,gcp,2026-08-11T07:00:00Z,europe-west12,C892-3675-E9CD,a2-ultragpu-4g,A100,4,1_year,USD,21.536808,Machine Per Hour,5.384202,machine_inclusive,accelerator $4.4906/GPU-hr plus 48 vCPU and 680 GB RAM
2026-08-11T12:08:03+00:00,gcp,2026-08-11T07:00:00Z,europe-west12,C892-3675-E9CD,a2-ultragpu-8g,A100,8,1_year,USD,43.073615,Machine Per Hour,5.384202,machine_inclusive,accelerator $4.4906/GPU-hr plus 96 vCPU and 1360 GB RAM
2026-08-11T12:08:03+00:00,gcp,2026-08-11T07:00:00Z,europe-west10,C8D5-D436-1065,a2-highgpu-1g,A100,1,3_year,USD,1.97999,GPU Per Hour,1.97999,machine_inclusive,accelerator $1.5814/GPU-hr plus 12 vCPU and 85 GB RAM
2026-08-11T12:08:03+00:00,gcp,2026-08-11T07:00:00Z,europe-west10,C8D5-D436-1065,a2-highgpu-2g,A100,2,3_year,USD,3.959981,Machine Per Hour,1.97999,machine_inclusive,accelerator $1.5814/GPU-hr plus 24 vCPU and 170 GB RAM
2026-08-11T12:08:03+00:00,gcp,2026-08-11T07:00:00Z,europe-west10,C8D5-D436-1065,a2-highgpu-4g,A100,4,3_year,USD,7.919962,Machine Per Hour,1.97999,machine_inclusive,accelerator $1.5814/GPU-hr plus 48 vCPU and 340 GB RAM
2026-08-11T12:08:03+00:00,gcp,2026-08-11T07:00:00Z,europe-west10,C8D5-D436-1065,a2-highgpu-8g,A100,8,3_year,USD,15.839924,Machine Per Hour,1.97999,machine_inclusive,accelerator $1.5814/GPU-hr plus 96 vCPU and 680 GB RAM
2026-08-11T12:08:03+00:00,gcp,2026-08-11T07:00:00Z,europe-west10,C8D5-D436-1065,a2-megagpu-16g,A100,16,3_year,USD,30.044162,Machine Per Hour,1.87776,machine_inclusive,accelerator $1.5814/GPU-hr plus 96 vCPU and 1360 GB RAM
2026-08-11T12:08:03+00:00,gcp,2026-08-11T07:00:00Z,europe-west1,C914-C6C0-D1B9,RTX 6000 96GB,RTX PRO 6000,1,3_year,USD,0.530299,GPU Per Hour,0.530299,accelerator_only,"bare accelerator price; Google bills vCPU and RAM separately, so this is NOT comparable to Oracle or Azure"
2026-08-11T12:08:03+00:00,gcp,2026-08-11T07:00:00Z,australia-southeast1,C932-A161-E489,Nvidia Tesla T4 GPU,T4,1,spot,USD,0.2083,GPU Per Hour,0.2083,accelerator_only,"bare accelerator price; Google bills vCPU and RAM separately, so this is NOT comparable to Oracle or Azure"
2026-08-11T12:08:03+00:00,gcp,2026-08-11T07:00:00Z,asia-south2,C99E-A817-F3BE,Nvidia Tesla T4 GPU,T4,1,on_demand,USD,0.42,GPU Per Hour,0.42,accelerator_only,"bare accelerator price; Google bills vCPU and RAM separately, so this is NOT comparable to Oracle or Azure"
2026-08-11T12:08:03+00:00,gcp,2026-08-11T07:00:00Z,me-central1,CA1B-EBA5-6B02,Nvidia Tesla P4 GPU,P4,1,spot,USD,0.0786,GPU Per Hour,0.0786,accelerator_only,"bare accelerator price; Google bills vCPU and RAM separately, so this is NOT comparable to Oracle or Azure"
2026-08-11T12:08:03+00:00,gcp,2026-08-11T07:00:00Z,me-central2,CA3E-AAFF-D35E,RTX 6000 96GB,RTX PRO 6000,1,3_year,USD,0.57851,GPU Per Hour,0.57851,accelerator_only,"bare accelerator price; Google bills vCPU and RAM separately, so this is NOT comparable to Oracle or Azure"
2026-08-11T12:08:03+00:00,gcp,2026-08-11T07:00:00Z,southamerica-west1,CAE0-BBF9-E7D4,a2-ultragpu-1g,A100,1,on_demand,USD,7.189613,GPU Per Hour,7.189613,machine_inclusive,accelerator $5.6172/GPU-hr plus 12 vCPU and 170 GB RAM
2026-08-11T12:08:03+00:00,gcp,2026-08-11T07:00:00Z,southamerica-west1,CAE0-BBF9-E7D4,a2-ultragpu-2g,A100,2,on_demand,USD,14.379227,Machine Per Hour,7.189613,machine_inclusive,accelerator $5.6172/GPU-hr plus 24 vCPU and 340 GB RAM
2026-08-11T12:08:03+00:00,gcp,2026-08-11T07:00:00Z,southamerica-west1,CAE0-BBF9-E7D4,a2-ultragpu-4g,A100,4,on_demand,USD,28.758454,Machine Per Hour,7.189613,machine_inclusive,accelerator $5.6172/GPU-hr plus 48 vCPU and 680 GB RAM
2026-08-11T12:08:03+00:00,gcp,2026-08-11T07:00:00Z,southamerica-west1,CAE0-BBF9-E7D4,a2-ultragpu-8g,A100,8,on_demand,USD,57.516908,Machine Per Hour,7.189613,machine_inclusive,accelerator $5.6172/GPU-hr plus 96 vCPU and 1360 GB RAM
2026-08-11T12:08:03+00:00,gcp,2026-08-11T07:00:00Z,europe-west1,CB17-E09C-E024,a3-megagpu-8g,H100 Mega,8,on_demand,USD,102.119498,Machine Per Hour,12.764937,machine_inclusive,accelerator $11.3901/GPU-hr plus 208 vCPU and 1872 GB RAM
2026-08-11T12:08:03+00:00,gcp,2026-08-11T07:00:00Z,australia-southeast2,CB75-9B93-48C8,1/8 vGPU no lssd,,,on_demand,USD,0.84094,GPU Per Hour,,,accelerator not in the lookup table -- add it to gcp.py
2026-08-11T12:08:03+00:00,gcp,2026-08-11T07:00:00Z,asia-northeast2,CB8C-AE31-D760,Nvidia Tesla P100 GPU,P100,1,spot,USD,0.144,GPU Per Hour,0.144,accelerator_only,"bare accelerator price; Google bills vCPU and RAM separately, so this is NOT comparable to Oracle or Azure"
2026-08-11T12:08:03+00:00,gcp,2026-08-11T07:00:00Z,europe-west2,CBC6-3776-9E15,Nvidia Tesla T4 GPU,T4,1,spot,USD,0.1219,GPU Per Hour,0.1219,accelerator_only,"bare accelerator price; Google bills vCPU and RAM separately, so this is NOT comparable to Oracle or Azure"
2026-08-11T12:08:03+00:00,gcp,2026-08-11T07:00:00Z,us-west4,CC7E-23EC-CF9F,Nvidia Tesla P4 GPU,P4,1,3_year,USD,0.27,GPU Per Hour,0.27,accelerator_only,"bare accelerator price; Google bills vCPU and RAM separately, so this is NOT comparable to Oracle or Azure"
2026-08-11T12:08:03+00:00,gcp,2026-08-11T07:00:00Z,australia-southeast2,CCED-EFAE-69B8,Nvidia Tesla P4 GPU,P4,1,on_demand,USD,0.852,GPU Per Hour,0.852,accelerator_only,"bare accelerator price; Google bills vCPU and RAM separately, so this is NOT comparable to Oracle or Azure"
2026-08-11T12:08:03+00:00,gcp,2026-08-11T07:00:00Z,us-west4,CD56-80EA-042B,a2-highgpu-1g,A100,1,1_year,USD,2.457012,GPU Per Hour,2.457012,machine_inclusive,accelerator $1.9324/GPU-hr plus 12 vCPU and 85 GB RAM
2026-08-11T12:08:03+00:00,gcp,2026-08-11T07:00:00Z,us-west4,CD56-80EA-042B,a2-highgpu-2g,A100,2,1_year,USD,4.914024,Machine Per Hour,2.457012,machine_inclusive,accelerator $1.9324/GPU-hr plus 24 vCPU and 170 GB RAM
2026-08-11T12:08:03+00:00,gcp,2026-08-11T07:00:00Z,us-west4,CD56-80EA-042B,a2-highgpu-4g,A100,4,1_year,USD,9.828047,Machine Per Hour,2.457012,machine_inclusive,accelerator $1.9324/GPU-hr plus 48 vCPU and 340 GB RAM
2026-08-11T12:08:03+00:00,gcp,2026-08-11T07:00:00Z,us-west4,CD56-80EA-042B,a2-highgpu-8g,A100,8,1_year,USD,19.656095,Machine Per Hour,2.457012,machine_inclusive,accelerator $1.9324/GPU-hr plus 96 vCPU and 680 GB RAM
2026-08-11T12:08:03+00:00,gcp,2026-08-11T07:00:00Z,us-west4,CD56-80EA-042B,a2-megagpu-16g,A100,16,1_year,USD,37.158795,Machine Per Hour,2.322425,machine_inclusive,accelerator $1.9324/GPU-hr plus 96 vCPU and 1360 GB RAM
2026-08-11T12:08:03+00:00,gcp,2026-08-11T07:00:00Z,asia-northeast1,CD56-E5A3-109D,a2-highgpu-1g,A100,1,on_demand,USD,4.049591,GPU Per Hour,4.049591,machine_inclusive,accelerator $3.1016/GPU-hr plus 12 vCPU and 85 GB RAM
2026-08-11T12:08:03+00:00,gcp,2026-08-11T07:00:00Z,asia-northeast1,CD56-E5A3-109D,a2-highgpu-2g,A100,2,on_demand,USD,8.099182,Machine Per Hour,4.049591,machine_inclusive,accelerator $3.1016/GPU-hr plus 24 vCPU and 170 GB RAM
2026-08-11T12:08:03+00:00,gcp,2026-08-11T07:00:00Z,asia-northeast1,CD56-E5A3-109D,a2-highgpu-4g,A100,4,on_demand,USD,16.198364,Machine Per Hour,4.049591,machine_inclusive,accelerator $3.1016/GPU-hr plus 48 vCPU and 340 GB RAM
2026-08-11T12:08:03+00:00,gcp,2026-08-11T07:00:00Z,asia-northeast1,CD56-E5A3-109D,a2-highgpu-8g,A100,8,on_demand,USD,32.396727,Machine Per Hour,4.049591,machine_inclusive,accelerator $3.1016/GPU-hr plus 96 vCPU and 680 GB RAM
2026-08-11T12:08:03+00:00,gcp,2026-08-11T07:00:00Z,asia-northeast1,CD56-E5A3-109D,a2-megagpu-16g,A100,16,on_demand,USD,60.894127,Machine Per Hour,3.805883,machine_inclusive,accelerator $3.1016/GPU-hr plus 96 vCPU and 1360 GB RAM
2026-08-11T12:08:03+00:00,gcp,2026-08-11T07:00:00Z,me-central2,CD77-13E2-F0D6,g2-standard-4,L4,1,on_demand,USD,1.130932,GPU Per Hour,1.130932,machine_inclusive,accelerator $0.8961/GPU-hr plus 4 vCPU and 16 GB RAM
2026-08-11T12:08:03+00:00,gcp,2026-08-11T07:00:00Z,me-central2,CD77-13E2-F0D6,g2-standard-8,L4,1,on_demand,USD,1.365799,GPU Per Hour,1.365799,machine_inclusive,accelerator $0.8961/GPU-hr plus 8 vCPU and 32 GB RAM
2026-08-11T12:08:03+00:00,gcp,2026-08-11T07:00:00Z,me-central2,CD77-13E2-F0D6,g2-standard-12,L4,1,on_demand,USD,1.600666,GPU Per Hour,1.600666,machine_inclusive,accelerator $0.8961/GPU-hr plus 12 vCPU and 48 GB RAM
2026-08-11T12:08:03+00:00,gcp,2026-08-11T07:00:00Z,me-central2,CD77-13E2-F0D6,g2-standard-16,L4,1,on_demand,USD,1.835533,GPU Per Hour,1.835533,machine_inclusive,accelerator $0.8961/GPU-hr plus 16 vCPU and 64 GB RAM
2026-08-11T12:08:03+00:00,gcp,2026-08-11T07:00:00Z,me-central2,CD77-13E2-F0D6,g2-standard-24,L4,2,on_demand,USD,3.201332,Machine Per Hour,1.600666,machine_inclusive,accelerator $0.8961/GPU-hr plus 24 vCPU and 96 GB RAM
2026-08-11T12:08:03+00:00,gcp,2026-08-11T07:00:00Z,me-central2,CD77-13E2-F0D6,g2-standard-32,L4,1,on_demand,USD,2.775002,GPU Per Hour,2.775002,machine_inclusive,accelerator $0.8961/GPU-hr plus 32 vCPU and 128 GB RAM
2026-08-11T12:08:03+00:00,gcp,2026-08-11T07:00:00Z,me-central2,CD77-13E2-F0D6,g2-standard-48,L4,4,on_demand,USD,6.402665,Machine Per Hour,1.600666,machine_inclusive,accelerator $0.8961/GPU-hr plus 48 vCPU and 192 GB RAM
2026-08-11T12:08:03+00:00,gcp,2026-08-11T07:00:00Z,me-central2,CD77-13E2-F0D6,g2-standard-96,L4,8,on_demand,USD,12.805329,Machine Per Hour,1.600666,machine_inclusive,accelerator $0.8961/GPU-hr plus 96 vCPU and 384 GB RAM
2026-08-11T12:08:03+00:00,gcp,2026-08-11T07:00:00Z,europe-southwest1,CD7C-D825-28BE,Nvidia Tesla P100 GPU,P100,1,3_year,USD,0.77526,GPU Per Hour,0.77526,accelerator_only,"bare accelerator price; Google bills vCPU and RAM separately, so this is NOT comparable to Oracle or Azure"
2026-08-11T12:08:03+00:00,gcp,2026-08-11T07:00:00Z,us-west8,CDD1-5864-C14C,RTX 6000 96GB,RTX PRO 6000,1,on_demand,USD,1.09565,GPU Per Hour,1.09565,accelerator_only,"bare accelerator price; Google bills vCPU and RAM separately, so this is NOT comparable to Oracle or Azure"
2026-08-11T12:08:03+00:00,gcp,2026-08-11T07:00:00Z,asia-southeast1,CDFC-58D7-B374,Nvidia Tesla P4 GPU,P4,1,spot,USD,0.0857,GPU Per Hour,0.0857,accelerator_only,"bare accelerator price; Google bills vCPU and RAM separately, so this is NOT comparable to Oracle or Azure"
2026-08-11T12:08:03+00:00,gcp,2026-08-11T07:00:00Z,us-west4,CE23-15AE-4CD7,1/8 vGPU no lssd,,,spot,USD,0.28463,GPU Per Hour,,,accelerator not in the lookup table -- add it to gcp.py
2026-08-11T12:08:03+00:00,gcp,2026-08-11T07:00:00Z,us-west4,CE2F-57D1-0D37,g2-standard-4,L4,1,1_year,USD,0.501546,GPU Per Hour,0.501546,machine_inclusive,accelerator $0.3974/GPU-hr plus 4 vCPU and 16 GB RAM
2026-08-11T12:08:03+00:00,gcp,2026-08-11T07:00:00Z,us-west4,CE2F-57D1-0D37,g2-standard-8,L4,1,1_year,USD,0.605705,GPU Per Hour,0.605705,machine_inclusive,accelerator $0.3974/GPU-hr plus 8 vCPU and 32 GB RAM
2026-08-11T12:08:03+00:00,gcp,2026-08-11T07:00:00Z,us-west4,CE2F-57D1-0D37,g2-standard-12,L4,1,1_year,USD,0.709864,GPU Per Hour,0.709864,machine_inclusive,accelerator $0.3974/GPU-hr plus 12 vCPU and 48 GB RAM
2026-08-11T12:08:03+00:00,gcp,2026-08-11T07:00:00Z,us-west4,CE2F-57D1-0D37,g2-standard-16,L4,1,1_year,USD,0.814023,GPU Per Hour,0.814023,machine_inclusive,accelerator $0.3974/GPU-hr plus 16 vCPU and 64 GB RAM
2026-08-11T12:08:03+00:00,gcp,2026-08-11T07:00:00Z,us-west4,CE2F-57D1-0D37,g2-standard-24,L4,2,1_year,USD,1.419729,Machine Per Hour,0.709864,machine_inclusive,accelerator $0.3974/GPU-hr plus 24 vCPU and 96 GB RAM
2026-08-11T12:08:03+00:00,gcp,2026-08-11T07:00:00Z,us-west4,CE2F-57D1-0D37,g2-standard-32,L4,1,1_year,USD,1.23066,GPU Per Hour,1.23066,machine_inclusive,accelerator $0.3974/GPU-hr plus 32 vCPU and 128 GB RAM
2026-08-11T12:08:03+00:00,gcp,2026-08-11T07:00:00Z,us-west4,CE2F-57D1-0D37,g2-standard-48,L4,4,1_year,USD,2.839458,Machine Per Hour,0.709864,machine_inclusive,accelerator $0.3974/GPU-hr plus 48 vCPU and 192 GB RAM
2026-08-11T12:08:03+00:00,gcp,2026-08-11T07:00:00Z,us-west4,CE2F-57D1-0D37,g2-standard-96,L4,8,1_year,USD,5.678915,Machine Per Hour,0.709864,machine_inclusive,accelerator $0.3974/GPU-hr plus 96 vCPU and 384 GB RAM
2026-08-11T12:08:03+00:00,gcp,2026-08-11T07:00:00Z,asia-northeast3,CE5A-0CDE-9A00,a3-highgpu-8g,H100,8,on_demand,USD,112.794452,Machine Per Hour,14.099307,machine_inclusive,accelerator $12.5807/GPU-hr plus 208 vCPU and 1872 GB RAM
2026-08-11T12:08:03+00:00,gcp,2026-08-11T07:00:00Z,europe-west10,CEA5-A377-AEBC,RTX 6000 96GB,RTX PRO 6000,1,3_year,USD,0.57851,GPU Per Hour,0.57851,accelerator_only,"bare accelerator price; Google bills vCPU and RAM separately, so this is NOT comparable to Oracle or Azure"
2026-08-11T12:08:03+00:00,gcp,2026-08-11T07:00:00Z,asia-northeast1,CF0C-BD3D-ECE6,Nvidia Tesla T4 GPU,T4,1,spot,USD,0.1578,GPU Per Hour,0.1578,accelerator_only,"bare accelerator price; Google bills vCPU and RAM separately, so this is NOT comparable to Oracle or Azure"
2026-08-11T12:08:03+00:00,gcp,2026-08-11T07:00:00Z,us-east4,CF2B-5A58-0C9B,a3-megagpu-8g,H100 Mega,8,3_year,USD,40.354214,Machine Per Hour,5.044277,machine_inclusive,accelerator $4.4990/GPU-hr plus 208 vCPU and 1872 GB RAM
2026-08-11T12:08:03+00:00,gcp,2026-08-11T07:00:00Z,asia-northeast2,CF3C-AF53-30F3,Nvidia Tesla P100 GPU,P100,1,1_year,USD,1.008,GPU Per Hour,1.008,accelerator_only,"bare accelerator price; Google bills vCPU and RAM separately, so this is NOT comparable to Oracle or Azure"
2026-08-11T12:08:03+00:00,gcp,2026-08-11T07:00:00Z,us-east5,CF51-E4D5-65BB,a2-ultragpu-1g,A100,1,spot,USD,1.79461,GPU Per Hour,1.79461,machine_inclusive,accelerator $1.3126/GPU-hr plus 12 vCPU and 170 GB RAM
2026-08-11T12:08:03+00:00,gcp,2026-08-11T07:00:00Z,us-east5,CF51-E4D5-65BB,a2-ultragpu-2g,A100,2,spot,USD,3.58922,Machine Per Hour,1.79461,machine_inclusive,accelerator $1.3126/GPU-hr plus 24 vCPU and 340 GB RAM
2026-08-11T12:08:03+00:00,gcp,2026-08-11T07:00:00Z,us-east5,CF51-E4D5-65BB,a2-ultragpu-4g,A100,4,spot,USD,7.17844,Machine Per Hour,1.79461,machine_inclusive,accelerator $1.3126/GPU-hr plus 48 vCPU and 680 GB RAM
2026-08-11T12:08:03+00:00,gcp,2026-08-11T07:00:00Z,us-east5,CF51-E4D5-65BB,a2-ultragpu-8g,A100,8,spot,USD,14.35688,Machine Per Hour,1.79461,machine_inclusive,accelerator $1.3126/GPU-hr plus 96 vCPU and 1360 GB RAM
2026-08-11T12:08:03+00:00,gcp,2026-08-11T07:00:00Z,europe-west8,CF5A-B3B1-5963,g2-standard-4,L4,1,on_demand,USD,0.819925,GPU Per Hour,0.819925,machine_inclusive,accelerator $0.6496/GPU-hr plus 4 vCPU and 16 GB RAM
2026-08-11T12:08:03+00:00,gcp,2026-08-11T07:00:00Z,europe-west8,CF5A-B3B1-5963,g2-standard-8,L4,1,on_demand,USD,0.990204,GPU Per Hour,0.990204,machine_inclusive,accelerator $0.6496/GPU-hr plus 8 vCPU and 32 GB RAM
2026-08-11T12:08:03+00:00,gcp,2026-08-11T07:00:00Z,europe-west8,CF5A-B3B1-5963,g2-standard-12,L4,1,on_demand,USD,1.160483,GPU Per Hour,1.160483,machine_inclusive,accelerator $0.6496/GPU-hr plus 12 vCPU and 48 GB RAM
2026-08-11T12:08:03+00:00,gcp,2026-08-11T07:00:00Z,europe-west8,CF5A-B3B1-5963,g2-standard-16,L4,1,on_demand,USD,1.330762,GPU Per Hour,1.330762,machine_inclusive,accelerator $0.6496/GPU-hr plus 16 vCPU and 64 GB RAM
2026-08-11T12:08:03+00:00,gcp,2026-08-11T07:00:00Z,europe-west8,CF5A-B3B1-5963,g2-standard-24,L4,2,on_demand,USD,2.320966,Machine Per Hour,1.160483,machine_inclusive,accelerator $0.6496/GPU-hr plus 24 vCPU and 96 GB RAM
2026-08-11T12:08:03+00:00,gcp,2026-08-11T07:00:00Z,europe-west8,CF5A-B3B1-5963,g2-standard-32,L4,1,on_demand,USD,2.011877,GPU Per Hour,2.011877,machine_inclusive,accelerator $0.6496/GPU-hr plus 32 vCPU and 128 GB RAM
2026-08-11T12:08:03+00:00,gcp,2026-08-11T07:00:00Z,europe-west8,CF5A-B3B1-5963,g2-standard-48,L4,4,on_demand,USD,4.641932,Machine Per Hour,1.160483,machine_inclusive,accelerator $0.6496/GPU-hr plus 48 vCPU and 192 GB RAM
2026-08-11T12:08:03+00:00,gcp,2026-08-11T07:00:00Z,europe-west8,CF5A-B3B1-5963,g2-standard-96,L4,8,on_demand,USD,9.283864,Machine Per Hour,1.160483,machine_inclusive,accelerator $0.6496/GPU-hr plus 96 vCPU and 384 GB RAM
2026-08-11T12:08:03+00:00,gcp,2026-08-11T07:00:00Z,europe-west8,CF82-4907-113A,1/8 vGPU no lssd,,,spot,USD,0.3105,GPU Per Hour,,,accelerator not in the lookup table -- add it to gcp.py
2026-08-11T12:08:03+00:00,gcp,2026-08-11T07:00:00Z,northamerica-south1,CF96-BE95-A8FF,a2-ultragpu-1g,A100,1,3_year,USD,3.375283,GPU Per Hour,,,no A2 vCPU/RAM rate published for this price type -- cannot assemble
2026-08-11T12:08:03+00:00,gcp,2026-08-11T07:00:00Z,northamerica-south1,CF96-BE95-A8FF,a2-ultragpu-2g,A100,2,3_year,USD,3.375283,GPU Per Hour,,,no A2 vCPU/RAM rate published for this price type -- cannot assemble
2026-08-11T12:08:03+00:00,gcp,2026-08-11T07:00:00Z,northamerica-south1,CF96-BE95-A8FF,a2-ultragpu-4g,A100,4,3_year,USD,3.375283,GPU Per Hour,,,no A2 vCPU/RAM rate published for this price type -- cannot assemble
2026-08-11T12:08:03+00:00,gcp,2026-08-11T07:00:00Z,northamerica-south1,CF96-BE95-A8FF,a2-ultragpu-8g,A100,8,3_year,USD,3.375283,GPU Per Hour,,,no A2 vCPU/RAM rate published for this price type -- cannot assemble
2026-08-11T12:08:03+00:00,gcp,2026-08-11T07:00:00Z,australia-southeast2,CFA3-5A49-88A2,a2-highgpu-1g,A100,1,1_year,USD,3.285639,GPU Per Hour,3.285639,machine_inclusive,accelerator $2.6247/GPU-hr plus 12 vCPU and 85 GB RAM
2026-08-11T12:08:03+00:00,gcp,2026-08-11T07:00:00Z,australia-southeast2,CFA3-5A49-88A2,a2-highgpu-2g,A100,2,1_year,USD,6.571279,Machine Per Hour,3.285639,machine_inclusive,accelerator $2.6247/GPU-hr plus 24 vCPU and 170 GB RAM
2026-08-11T12:08:03+00:00,gcp,2026-08-11T07:00:00Z,australia-southeast2,CFA3-5A49-88A2,a2-highgpu-4g,A100,4,1_year,USD,13.142557,Machine Per Hour,3.285639,machine_inclusive,accelerator $2.6247/GPU-hr plus 48 vCPU and 340 GB RAM
2026-08-11T12:08:03+00:00,gcp,2026-08-11T07:00:00Z,australia-southeast2,CFA3-5A49-88A2,a2-highgpu-8g,A100,8,1_year,USD,26.285115,Machine Per Hour,3.285639,machine_inclusive,accelerator $2.6247/GPU-hr plus 96 vCPU and 680 GB RAM
2026-08-11T12:08:03+00:00,gcp,2026-08-11T07:00:00Z,australia-southeast2,CFA3-5A49-88A2,a2-megagpu-16g,A100,16,1_year,USD,49.857327,Machine Per Hour,3.116083,machine_inclusive,accelerator $2.6247/GPU-hr plus 96 vCPU and 1360 GB RAM
2026-08-11T12:08:03+00:00,gcp,2026-08-11T07:00:00Z,europe-west12,CFB8-B58C-2C61,g2-standard-4,L4,1,1_year,USD,0.574443,GPU Per Hour,0.574443,machine_inclusive,accelerator $0.4551/GPU-hr plus 4 vCPU and 16 GB RAM
2026-08-11T12:08:03+00:00,gcp,2026-08-11T07:00:00Z,europe-west12,CFB8-B58C-2C61,g2-standard-8,L4,1,1_year,USD,0.69374,GPU Per Hour,0.69374,machine_inclusive,accelerator $0.4551/GPU-hr plus 8 vCPU and 32 GB RAM
2026-08-11T12:08:03+00:00,gcp,2026-08-11T07:00:00Z,europe-west12,CFB8-B58C-2C61,g2-standard-12,L4,1,1_year,USD,0.813038,GPU Per Hour,0.813038,machine_inclusive,accelerator $0.4551/GPU-hr plus 12 vCPU and 48 GB RAM
2026-08-11T12:08:03+00:00,gcp,2026-08-11T07:00:00Z,europe-west12,CFB8-B58C-2C61,g2-standard-16,L4,1,1_year,USD,0.932336,GPU Per Hour,0.932336,machine_inclusive,accelerator $0.4551/GPU-hr plus 16 vCPU and 64 GB RAM
2026-08-11T12:08:03+00:00,gcp,2026-08-11T07:00:00Z,europe-west12,CFB8-B58C-2C61,g2-standard-24,L4,2,1_year,USD,1.626077,Machine Per Hour,0.813038,machine_inclusive,accelerator $0.4551/GPU-hr plus 24 vCPU and 96 GB RAM
2026-08-11T12:08:03+00:00,gcp,2026-08-11T07:00:00Z,europe-west12,CFB8-B58C-2C61,g2-standard-32,L4,1,1_year,USD,1.409528,GPU Per Hour,1.409528,machine_inclusive,accelerator $0.4551/GPU-hr plus 32 vCPU and 128 GB RAM
2026-08-11T12:08:03+00:00,gcp,2026-08-11T07:00:00Z,europe-west12,CFB8-B58C-2C61,g2-standard-48,L4,4,1_year,USD,3.252153,Machine Per Hour,0.813038,machine_inclusive,accelerator $0.4551/GPU-hr plus 48 vCPU and 192 GB RAM
2026-08-11T12:08:03+00:00,gcp,2026-08-11T07:00:00Z,europe-west12,CFB8-B58C-2C61,g2-standard-96,L4,8,1_year,USD,6.504307,Machine Per Hour,0.813038,machine_inclusive,accelerator $0.4551/GPU-hr plus 96 vCPU and 384 GB RAM
2026-08-11T12:08:03+00:00,gcp,2026-08-11T07:00:00Z,africa-south1,CFD1-967A-3C2F,Nvidia Tesla P4 GPU,P4,1,3_year,USD,0.35316,GPU Per Hour,0.35316,accelerator_only,"bare accelerator price; Google bills vCPU and RAM separately, so this is NOT comparable to Oracle or Azure"
2026-08-11T12:08:03+00:00,gcp,2026-08-11T07:00:00Z,asia-southeast2,D013-EE66-3DA2,a3-highgpu-8g,H100,8,spot,USD,10.719472,Machine Per Hour,1.339934,machine_inclusive,accelerator $1.1954/GPU-hr plus 208 vCPU and 1872 GB RAM
2026-08-11T12:08:03+00:00,gcp,2026-08-11T07:00:00Z,africa-south1,D098-F9B5-7DA2,g2-standard-4,L4,1,on_demand,USD,0.924537,GPU Per Hour,0.924537,machine_inclusive,accelerator $0.7325/GPU-hr plus 4 vCPU and 16 GB RAM
2026-08-11T12:08:03+00:00,gcp,2026-08-11T07:00:00Z,africa-south1,D098-F9B5-7DA2,g2-standard-8,L4,1,on_demand,USD,1.116541,GPU Per Hour,1.116541,machine_inclusive,accelerator $0.7325/GPU-hr plus 8 vCPU and 32 GB RAM
2026-08-11T12:08:03+00:00,gcp,2026-08-11T07:00:00Z,africa-south1,D098-F9B5-7DA2,g2-standard-12,L4,1,on_demand,USD,1.308545,GPU Per Hour,1.308545,machine_inclusive,accelerator $0.7325/GPU-hr plus 12 vCPU and 48 GB RAM
2026-08-11T12:08:03+00:00,gcp,2026-08-11T07:00:00Z,africa-south1,D098-F9B5-7DA2,g2-standard-16,L4,1,on_demand,USD,1.500548,GPU Per Hour,1.500548,machine_inclusive,accelerator $0.7325/GPU-hr plus 16 vCPU and 64 GB RAM
2026-08-11T12:08:03+00:00,gcp,2026-08-11T07:00:00Z,africa-south1,D098-F9B5-7DA2,g2-standard-24,L4,2,on_demand,USD,2.617089,Machine Per Hour,1.308545,machine_inclusive,accelerator $0.7325/GPU-hr plus 24 vCPU and 96 GB RAM
2026-08-11T12:08:03+00:00,gcp,2026-08-11T07:00:00Z,africa-south1,D098-F9B5-7DA2,g2-standard-32,L4,1,on_demand,USD,2.268564,GPU Per Hour,2.268564,machine_inclusive,accelerator $0.7325/GPU-hr plus 32 vCPU and 128 GB RAM
2026-08-11T12:08:03+00:00,gcp,2026-08-11T07:00:00Z,africa-south1,D098-F9B5-7DA2,g2-standard-48,L4,4,on_demand,USD,5.234178,Machine Per Hour,1.308545,machine_inclusive,accelerator $0.7325/GPU-hr plus 48 vCPU and 192 GB RAM
2026-08-11T12:08:03+00:00,gcp,2026-08-11T07:00:00Z,africa-south1,D098-F9B5-7DA2,g2-standard-96,L4,8,on_demand,USD,10.468356,Machine Per Hour,1.308545,machine_inclusive,accelerator $0.7325/GPU-hr plus 96 vCPU and 384 GB RAM
2026-08-11T12:08:03+00:00,gcp,2026-08-11T07:00:00Z,asia-southeast2,D121-61D1-B27A,a2-ultragpu-1g,A100,1,spot,USD,0.67077,GPU Per Hour,0.67077,machine_inclusive,accelerator $0.5019/GPU-hr plus 12 vCPU and 170 GB RAM
2026-08-11T12:08:03+00:00,gcp,2026-08-11T07:00:00Z,asia-southeast2,D121-61D1-B27A,a2-ultragpu-2g,A100,2,spot,USD,1.34154,Machine Per Hour,0.67077,machine_inclusive,accelerator $0.5019/GPU-hr plus 24 vCPU and 340 GB RAM
2026-08-11T12:08:03+00:00,gcp,2026-08-11T07:00:00Z,asia-southeast2,D121-61D1-B27A,a2-ultragpu-4g,A100,4,spot,USD,2.68308,Machine Per Hour,0.67077,machine_inclusive,accelerator $0.5019/GPU-hr plus 48 vCPU and 680 GB RAM
2026-08-11T12:08:03+00:00,gcp,2026-08-11T07:00:00Z,asia-southeast2,D121-61D1-B27A,a2-ultragpu-8g,A100,8,spot,USD,5.36616,Machine Per Hour,0.67077,machine_inclusive,accelerator $0.5019/GPU-hr plus 96 vCPU and 1360 GB RAM
2026-08-11T12:08:03+00:00,gcp,2026-08-11T07:00:00Z,us-east5,D179-3D72-B141,1/8 vGPU no lssd,,,spot,USD,0.28463,GPU Per Hour,,,accelerator not in the lookup table -- add it to gcp.py
2026-08-11T12:08:03+00:00,gcp,2026-08-11T07:00:00Z,asia-south2,D190-8243-2AD6,a2-ultragpu-1g,A100,1,3_year,USD,4.181578,GPU Per Hour,4.181578,machine_inclusive,accelerator $3.7193/GPU-hr plus 12 vCPU and 170 GB RAM
2026-08-11T12:08:03+00:00,gcp,2026-08-11T07:00:00Z,asia-south2,D190-8243-2AD6,a2-ultragpu-2g,A100,2,3_year,USD,8.363156,Machine Per Hour,4.181578,machine_inclusive,accelerator $3.7193/GPU-hr plus 24 vCPU and 340 GB RAM
2026-08-11T12:08:03+00:00,gcp,2026-08-11T07:00:00Z,asia-south2,D190-8243-2AD6,a2-ultragpu-4g,A100,4,3_year,USD,16.726311,Machine Per Hour,4.181578,machine_inclusive,accelerator $3.7193/GPU-hr plus 48 vCPU and 680 GB RAM
2026-08-11T12:08:03+00:00,gcp,2026-08-11T07:00:00Z,asia-south2,D190-8243-2AD6,a2-ultragpu-8g,A100,8,3_year,USD,33.452623,Machine Per Hour,4.181578,machine_inclusive,accelerator $3.7193/GPU-hr plus 96 vCPU and 1360 GB RAM
2026-08-11T12:08:03+00:00,gcp,2026-08-11T07:00:00Z,us-west8,D1E1-D55F-BB94,a2-highgpu-1g,A100,1,spot,USD,0.668955,GPU Per Hour,0.668955,machine_inclusive,accelerator $0.5343/GPU-hr plus 12 vCPU and 85 GB RAM
2026-08-11T12:08:03+00:00,gcp,2026-08-11T07:00:00Z,us-west8,D1E1-D55F-BB94,a2-highgpu-2g,A100,2,spot,USD,1.33791,Machine Per Hour,0.668955,machine_inclusive,accelerator $0.5343/GPU-hr plus 24 vCPU and 170 GB RAM
2026-08-11T12:08:03+00:00,gcp,2026-08-11T07:00:00Z,us-west8,D1E1-D55F-BB94,a2-highgpu-4g,A100,4,spot,USD,2.67582,Machine Per Hour,0.668955,machine_inclusive,accelerator $0.5343/GPU-hr plus 48 vCPU and 340 GB RAM
2026-08-11T12:08:03+00:00,gcp,2026-08-11T07:00:00Z,us-west8,D1E1-D55F-BB94,a2-highgpu-8g,A100,8,spot,USD,5.35164,Machine Per Hour,0.668955,machine_inclusive,accelerator $0.5343/GPU-hr plus 96 vCPU and 680 GB RAM
2026-08-11T12:08:03+00:00,gcp,2026-08-11T07:00:00Z,us-west8,D1E1-D55F-BB94,a2-megagpu-16g,A100,16,spot,USD,10.15032,Machine Per Hour,0.634395,machine_inclusive,accelerator $0.5343/GPU-hr plus 96 vCPU and 1360 GB RAM
2026-08-11T12:08:03+00:00,gcp,2026-08-11T07:00:00Z,europe-west9,D29E-2786-644C,a2-ultragpu-1g,A100,1,3_year,USD,4.038545,GPU Per Hour,4.038545,machine_inclusive,accelerator $3.5920/GPU-hr plus 12 vCPU and 170 GB RAM
2026-08-11T12:08:03+00:00,gcp,2026-08-11T07:00:00Z,europe-west9,D29E-2786-644C,a2-ultragpu-2g,A100,2,3_year,USD,8.07709,Machine Per Hour,4.038545,machine_inclusive,accelerator $3.5920/GPU-hr plus 24 vCPU and 340 GB RAM
2026-08-11T12:08:03+00:00,gcp,2026-08-11T07:00:00Z,europe-west9,D29E-2786-644C,a2-ultragpu-4g,A100,4,3_year,USD,16.154179,Machine Per Hour,4.038545,machine_inclusive,accelerator $3.5920/GPU-hr plus 48 vCPU and 680 GB RAM
2026-08-11T12:08:03+00:00,gcp,2026-08-11T07:00:00Z,europe-west9,D29E-2786-644C,a2-ultragpu-8g,A100,8,3_year,USD,32.308358,Machine Per Hour,4.038545,machine_inclusive,accelerator $3.5920/GPU-hr plus 96 vCPU and 1360 GB RAM
2026-08-11T12:08:03+00:00,gcp,2026-08-11T07:00:00Z,europe-west9,D2D3-8A40-59DB,Nvidia Tesla T4 GPU,T4,1,1_year,USD,0.2552,GPU Per Hour,0.2552,accelerator_only,"bare accelerator price; Google bills vCPU and RAM separately, so this is NOT comparable to Oracle or Azure"
2026-08-11T12:08:03+00:00,gcp,2026-08-11T07:00:00Z,us-west8,D2DC-79BA-3FCA,g2-standard-4,L4,1,3_year,USD,0.318075,GPU Per Hour,0.318075,machine_inclusive,accelerator $0.2520/GPU-hr plus 4 vCPU and 16 GB RAM
2026-08-11T12:08:03+00:00,gcp,2026-08-11T07:00:00Z,us-west8,D2DC-79BA-3FCA,g2-standard-8,L4,1,3_year,USD,0.384131,GPU Per Hour,0.384131,machine_inclusive,accelerator $0.2520/GPU-hr plus 8 vCPU and 32 GB RAM
2026-08-11T12:08:03+00:00,gcp,2026-08-11T07:00:00Z,us-west8,D2DC-79BA-3FCA,g2-standard-12,L4,1,3_year,USD,0.450187,GPU Per Hour,0.450187,machine_inclusive,accelerator $0.2520/GPU-hr plus 12 vCPU and 48 GB RAM
2026-08-11T12:08:03+00:00,gcp,2026-08-11T07:00:00Z,us-west8,D2DC-79BA-3FCA,g2-standard-16,L4,1,3_year,USD,0.516244,GPU Per Hour,0.516244,machine_inclusive,accelerator $0.2520/GPU-hr plus 16 vCPU and 64 GB RAM
2026-08-11T12:08:03+00:00,gcp,2026-08-11T07:00:00Z,us-west8,D2DC-79BA-3FCA,g2-standard-24,L4,2,3_year,USD,0.900375,Machine Per Hour,0.450187,machine_inclusive,accelerator $0.2520/GPU-hr plus 24 vCPU and 96 GB RAM
2026-08-11T12:08:03+00:00,gcp,2026-08-11T07:00:00Z,us-west8,D2DC-79BA-3FCA,g2-standard-32,L4,1,3_year,USD,0.78047,GPU Per Hour,0.78047,machine_inclusive,accelerator $0.2520/GPU-hr plus 32 vCPU and 128 GB RAM
2026-08-11T12:08:03+00:00,gcp,2026-08-11T07:00:00Z,us-west8,D2DC-79BA-3FCA,g2-standard-48,L4,4,3_year,USD,1.80075,Machine Per Hour,0.450187,machine_inclusive,accelerator $0.2520/GPU-hr plus 48 vCPU and 192 GB RAM
2026-08-11T12:08:03+00:00,gcp,2026-08-11T07:00:00Z,us-west8,D2DC-79BA-3FCA,g2-standard-96,L4,8,3_year,USD,3.601499,Machine Per Hour,0.450187,machine_inclusive,accelerator $0.2520/GPU-hr plus 96 vCPU and 384 GB RAM
2026-08-11T12:08:03+00:00,gcp,2026-08-11T07:00:00Z,europe-west10,D2E5-8FC2-85E9,Nvidia Tesla T4 GPU,T4,1,spot,USD,0.0533,GPU Per Hour,0.0533,accelerator_only,"bare accelerator price; Google bills vCPU and RAM separately, so this is NOT comparable to Oracle or Azure"
2026-08-11T12:08:03+00:00,gcp,2026-08-11T07:00:00Z,asia-northeast1,D2ED-B300-87EA,a3-highgpu-8g,H100,8,1_year,USD,87.314875,Machine Per Hour,10.914359,machine_inclusive,accelerator $9.8583/GPU-hr plus 208 vCPU and 1872 GB RAM
2026-08-11T12:08:03+00:00,gcp,2026-08-11T07:00:00Z,asia-south2,D30D-336D-51CB,Nvidia Tesla P100 GPU,P100,1,3_year,USD,0.787,GPU Per Hour,0.787,accelerator_only,"bare accelerator price; Google bills vCPU and RAM separately, so this is NOT comparable to Oracle or Azure"
2026-08-11T12:08:03+00:00,gcp,2026-08-11T07:00:00Z,europe-west6,D32A-6E94-6049,Nvidia Tesla T4 GPU,T4,1,on_demand,USD,0.45,GPU Per Hour,0.45,accelerator_only,"bare accelerator price; Google bills vCPU and RAM separately, so this is NOT comparable to Oracle or Azure"
2026-08-11T12:08:03+00:00,gcp,2026-08-11T07:00:00Z,europe-west2,D32D-3087-2B47,a2-highgpu-1g,A100,1,spot,USD,0.39576,GPU Per Hour,0.39576,machine_inclusive,accelerator $0.3099/GPU-hr plus 12 vCPU and 85 GB RAM
2026-08-11T12:08:03+00:00,gcp,2026-08-11T07:00:00Z,europe-west2,D32D-3087-2B47,a2-highgpu-2g,A100,2,spot,USD,0.79152,Machine Per Hour,0.39576,machine_inclusive,accelerator $0.3099/GPU-hr plus 24 vCPU and 170 GB RAM
2026-08-11T12:08:03+00:00,gcp,2026-08-11T07:00:00Z,europe-west2,D32D-3087-2B47,a2-highgpu-4g,A100,4,spot,USD,1.58304,Machine Per Hour,0.39576,machine_inclusive,accelerator $0.3099/GPU-hr plus 48 vCPU and 340 GB RAM
2026-08-11T12:08:03+00:00,gcp,2026-08-11T07:00:00Z,europe-west2,D32D-3087-2B47,a2-highgpu-8g,A100,8,spot,USD,3.16608,Machine Per Hour,0.39576,machine_inclusive,accelerator $0.3099/GPU-hr plus 96 vCPU and 680 GB RAM
2026-08-11T12:08:03+00:00,gcp,2026-08-11T07:00:00Z,europe-west2,D32D-3087-2B47,a2-megagpu-16g,A100,16,spot,USD,5.97984,Machine Per Hour,0.37374,machine_inclusive,accelerator $0.3099/GPU-hr plus 96 vCPU and 1360 GB RAM
2026-08-11T12:08:03+00:00,gcp,2026-08-11T07:00:00Z,us-west3,D344-BF45-2007,Nvidia Tesla T4 GPU,T4,1,3_year,USD,0.18,GPU Per Hour,0.18,accelerator_only,"bare accelerator price; Google bills vCPU and RAM separately, so this is NOT comparable to Oracle or Azure"
2026-08-11T12:08:03+00:00,gcp,2026-08-11T07:00:00Z,asia-southeast1,D37C-7DA9-71FA,a2-highgpu-1g,A100,1,on_demand,USD,4.013758,GPU Per Hour,4.013758,machine_inclusive,accelerator $3.1016/GPU-hr plus 12 vCPU and 85 GB RAM
2026-08-11T12:08:03+00:00,gcp,2026-08-11T07:00:00Z,asia-southeast1,D37C-7DA9-71FA,a2-highgpu-2g,A100,2,on_demand,USD,8.027516,Machine Per Hour,4.013758,machine_inclusive,accelerator $3.1016/GPU-hr plus 24 vCPU and 170 GB RAM
2026-08-11T12:08:03+00:00,gcp,2026-08-11T07:00:00Z,asia-southeast1,D37C-7DA9-71FA,a2-highgpu-4g,A100,4,on_demand,USD,16.055032,Machine Per Hour,4.013758,machine_inclusive,accelerator $3.1016/GPU-hr plus 48 vCPU and 340 GB RAM
2026-08-11T12:08:03+00:00,gcp,2026-08-11T07:00:00Z,asia-southeast1,D37C-7DA9-71FA,a2-highgpu-8g,A100,8,on_demand,USD,32.110063,Machine Per Hour,4.013758,machine_inclusive,accelerator $3.1016/GPU-hr plus 96 vCPU and 680 GB RAM
2026-08-11T12:08:03+00:00,gcp,2026-08-11T07:00:00Z,asia-southeast1,D37C-7DA9-71FA,a2-megagpu-16g,A100,16,on_demand,USD,60.476223,Machine Per Hour,3.779764,machine_inclusive,accelerator $3.1016/GPU-hr plus 96 vCPU and 1360 GB RAM
2026-08-11T12:08:03+00:00,gcp,2026-08-11T07:00:00Z,europe-west1,D3BA-A7DC-32F1,a3-ultragpu-8g,H200,8,1_year,USD,63.46248,Machine Per Hour,7.93281,machine_inclusive,accelerator $7.0816/GPU-hr plus 224 vCPU and 2952 GB RAM
2026-08-11T12:08:03+00:00,gcp,2026-08-11T07:00:00Z,us-east4,D3BE-827B-3C6A,1/8 vGPU,,,1_year,USD,0.44634,GPU Per Hour,,,accelerator not in the lookup table -- add it to gcp.py
2026-08-11T12:08:03+00:00,gcp,2026-08-11T07:00:00Z,europe-west4,D401-DCC8-DDBB,Nvidia Tesla V100 GPU,V100,1,3_year,USD,1.147,GPU Per Hour,1.147,accelerator_only,"bare accelerator price; Google bills vCPU and RAM separately, so this is NOT comparable to Oracle or Azure"
2026-08-11T12:08:03+00:00,gcp,2026-08-11T07:00:00Z,europe-west4,D466-5C0F-2AFB,a3-megagpu-8g,H100 Mega,8,3_year,USD,52.460477,Machine Per Hour,6.55756,machine_inclusive,accelerator $5.8487/GPU-hr plus 208 vCPU and 1872 GB RAM
2026-08-11T12:08:03+00:00,gcp,2026-08-11T07:00:00Z,europe-west2,D477-2A23-0FC5,RTX 6000 96GB,RTX PRO 6000,1,on_demand,USD,1.31478,GPU Per Hour,1.31478,accelerator_only,"bare accelerator price; Google bills vCPU and RAM separately, so this is NOT comparable to Oracle or Azure"
2026-08-11T12:08:03+00:00,gcp,2026-08-11T07:00:00Z,europe-west8,D478-1CB0-984E,a2-ultragpu-1g,A100,1,spot,USD,0.66084,GPU Per Hour,0.66084,machine_inclusive,accelerator $0.5461/GPU-hr plus 12 vCPU and 170 GB RAM
2026-08-11T12:08:03+00:00,gcp,2026-08-11T07:00:00Z,europe-west8,D478-1CB0-984E,a2-ultragpu-2g,A100,2,spot,USD,1.32168,Machine Per Hour,0.66084,machine_inclusive,accelerator $0.5461/GPU-hr plus 24 vCPU and 340 GB RAM
2026-08-11T12:08:03+00:00,gcp,2026-08-11T07:00:00Z,europe-west8,D478-1CB0-984E,a2-ultragpu-4g,A100,4,spot,USD,2.64336,Machine Per Hour,0.66084,machine_inclusive,accelerator $0.5461/GPU-hr plus 48 vCPU and 680 GB RAM
2026-08-11T12:08:03+00:00,gcp,2026-08-11T07:00:00Z,europe-west8,D478-1CB0-984E,a2-ultragpu-8g,A100,8,spot,USD,5.28672,Machine Per Hour,0.66084,machine_inclusive,accelerator $0.5461/GPU-hr plus 96 vCPU and 1360 GB RAM
2026-08-11T12:08:03+00:00,gcp,2026-08-11T07:00:00Z,southamerica-east1,D47D-9DC4-19D7,Nvidia Tesla T4 GPU,T4,1,1_year,USD,0.3,GPU Per Hour,0.3,accelerator_only,"bare accelerator price; Google bills vCPU and RAM separately, so this is NOT comparable to Oracle or Azure"
2026-08-11T12:08:03+00:00,gcp,2026-08-11T07:00:00Z,europe-west3,D482-CC3E-3FEA,1/8 vGPU,,,3_year,USD,0.34156,GPU Per Hour,,,accelerator not in the lookup table -- add it to gcp.py
2026-08-11T12:08:03+00:00,gcp,2026-08-11T07:00:00Z,asia-northeast1,D493-DC4B-0A0A,a3-highgpu-8g,H100,8,3_year,USD,55.233043,Machine Per Hour,6.90413,machine_inclusive,accelerator $6.2349/GPU-hr plus 208 vCPU and 1872 GB RAM
2026-08-11T12:08:03+00:00,gcp,2026-08-11T07:00:00Z,me-central1,D4BF-CCC5-1A35,a3-highgpu-8g,H100,8,on_demand,USD,106.716453,Machine Per Hour,13.339557,machine_inclusive,accelerator $11.9028/GPU-hr plus 208 vCPU and 1872 GB RAM
2026-08-11T12:08:03+00:00,gcp,2026-08-11T07:00:00Z,europe-west2,D4D6-BB3F-C873,RTX 6000 96GB,RTX PRO 6000,1,3_year,USD,0.578508,GPU Per Hour,0.578508,accelerator_only,"bare accelerator price; Google bills vCPU and RAM separately, so this is NOT comparable to Oracle or Azure"
2026-08-11T12:08:03+00:00,gcp,2026-08-11T07:00:00Z,us-central1,D4E2-451A-15B9,a3-highgpu-8g,H100,8,on_demand,USD,87.832466,Machine Per Hour,10.979058,machine_inclusive,accelerator $9.7966/GPU-hr plus 208 vCPU and 1872 GB RAM
2026-08-11T12:08:03+00:00,gcp,2026-08-11T07:00:00Z,us-east1,D4E2-451A-15B9,a3-highgpu-8g,H100,8,on_demand,USD,87.832466,Machine Per Hour,10.979058,machine_inclusive,accelerator $9.7966/GPU-hr plus 208 vCPU and 1872 GB RAM
2026-08-11T12:08:03+00:00,gcp,2026-08-11T07:00:00Z,us-west1,D4E2-451A-15B9,a3-highgpu-8g,H100,8,on_demand,USD,87.832466,Machine Per Hour,10.979058,machine_inclusive,accelerator $9.7966/GPU-hr plus 208 vCPU and 1872 GB RAM
2026-08-11T12:08:03+00:00,gcp,2026-08-11T07:00:00Z,europe-north1,D589-B56F-1E8C,1/8 vGPU no lssd,,,on_demand,USD,0.71157,GPU Per Hour,,,accelerator not in the lookup table -- add it to gcp.py
2026-08-11T12:08:03+00:00,gcp,2026-08-11T07:00:00Z,us-west3,D5B8-0FBB-4BA0,Nvidia Tesla V100 GPU,V100,1,1_year,USD,1.874,GPU Per Hour,1.874,accelerator_only,"bare accelerator price; Google bills vCPU and RAM separately, so this is NOT comparable to Oracle or Azure"
2026-08-11T12:08:03+00:00,gcp,2026-08-11T07:00:00Z,us-central1,D5C5-C5F4-086C,1/8 vGPU no lssd,,,on_demand,USD,0.64688,GPU Per Hour,,,accelerator not in the lookup table -- add it to gcp.py
2026-08-11T12:08:03+00:00,gcp,2026-08-11T07:00:00Z,europe-west8,D62A-06F1-3EF3,a2-ultragpu-1g,A100,1,3_year,USD,4.038545,GPU Per Hour,4.038545,machine_inclusive,accelerator $3.5920/GPU-hr plus 12 vCPU and 170 GB RAM
2026-08-11T12:08:03+00:00,gcp,2026-08-11T07:00:00Z,europe-west8,D62A-06F1-3EF3,a2-ultragpu-2g,A100,2,3_year,USD,8.07709,Machine Per Hour,4.038545,machine_inclusive,accelerator $3.5920/GPU-hr plus 24 vCPU and 340 GB RAM
2026-08-11T12:08:03+00:00,gcp,2026-08-11T07:00:00Z,europe-west8,D62A-06F1-3EF3,a2-ultragpu-4g,A100,4,3_year,USD,16.154179,Machine Per Hour,4.038545,machine_inclusive,accelerator $3.5920/GPU-hr plus 48 vCPU and 680 GB RAM
2026-08-11T12:08:03+00:00,gcp,2026-08-11T07:00:00Z,europe-west8,D62A-06F1-3EF3,a2-ultragpu-8g,A100,8,3_year,USD,32.308358,Machine Per Hour,4.038545,machine_inclusive,accelerator $3.5920/GPU-hr plus 96 vCPU and 1360 GB RAM
2026-08-11T12:08:03+00:00,gcp,2026-08-11T07:00:00Z,southamerica-west1,D660-8405-CF5D,a2-highgpu-1g,A100,1,spot,USD,0.80643,GPU Per Hour,0.80643,machine_inclusive,accelerator $0.6441/GPU-hr plus 12 vCPU and 85 GB RAM
2026-08-11T12:08:03+00:00,gcp,2026-08-11T07:00:00Z,southamerica-west1,D660-8405-CF5D,a2-highgpu-2g,A100,2,spot,USD,1.61286,Machine Per Hour,0.80643,machine_inclusive,accelerator $0.6441/GPU-hr plus 24 vCPU and 170 GB RAM
2026-08-11T12:08:03+00:00,gcp,2026-08-11T07:00:00Z,southamerica-west1,D660-8405-CF5D,a2-highgpu-4g,A100,4,spot,USD,3.22572,Machine Per Hour,0.80643,machine_inclusive,accelerator $0.6441/GPU-hr plus 48 vCPU and 340 GB RAM
2026-08-11T12:08:03+00:00,gcp,2026-08-11T07:00:00Z,southamerica-west1,D660-8405-CF5D,a2-highgpu-8g,A100,8,spot,USD,6.45144,Machine Per Hour,0.80643,machine_inclusive,accelerator $0.6441/GPU-hr plus 96 vCPU and 680 GB RAM
2026-08-11T12:08:03+00:00,gcp,2026-08-11T07:00:00Z,southamerica-west1,D660-8405-CF5D,a2-megagpu-16g,A100,16,spot,USD,12.23664,Machine Per Hour,0.76479,machine_inclusive,accelerator $0.6441/GPU-hr plus 96 vCPU and 1360 GB RAM
2026-08-11T12:08:03+00:00,gcp,2026-08-11T07:00:00Z,europe-west4,D66C-80B7-6A38,a3-highgpu-8g,H100,8,3_year,USD,49.096713,Machine Per Hour,6.137089,machine_inclusive,accelerator $5.5899/GPU-hr plus 208 vCPU and 1872 GB RAM
2026-08-11T12:08:03+00:00,gcp,2026-08-11T07:00:00Z,asia-east1,D68C-41CF-BB7E,RTX 6000 96GB,RTX PRO 6000,1,3_year,USD,0.626717,GPU Per Hour,0.626717,accelerator_only,"bare accelerator price; Google bills vCPU and RAM separately, so this is NOT comparable to Oracle or Azure"
2026-08-11T12:08:03+00:00,gcp,2026-08-11T07:00:00Z,asia-northeast3,D6B0-5421-8F6C,a2-highgpu-1g,A100,1,on_demand,USD,4.049591,GPU Per Hour,4.049591,machine_inclusive,accelerator $3.1016/GPU-hr plus 12 vCPU and 85 GB RAM
2026-08-11T12:08:03+00:00,gcp,2026-08-11T07:00:00Z,asia-northeast3,D6B0-5421-8F6C,a2-highgpu-2g,A100,2,on_demand,USD,8.099182,Machine Per Hour,4.049591,machine_inclusive,accelerator $3.1016/GPU-hr plus 24 vCPU and 170 GB RAM
2026-08-11T12:08:03+00:00,gcp,2026-08-11T07:00:00Z,asia-northeast3,D6B0-5421-8F6C,a2-highgpu-4g,A100,4,on_demand,USD,16.198364,Machine Per Hour,4.049591,machine_inclusive,accelerator $3.1016/GPU-hr plus 48 vCPU and 340 GB RAM
2026-08-11T12:08:03+00:00,gcp,2026-08-11T07:00:00Z,asia-northeast3,D6B0-5421-8F6C,a2-highgpu-8g,A100,8,on_demand,USD,32.396727,Machine Per Hour,4.049591,machine_inclusive,accelerator $3.1016/GPU-hr plus 96 vCPU and 680 GB RAM
2026-08-11T12:08:03+00:00,gcp,2026-08-11T07:00:00Z,asia-northeast3,D6B0-5421-8F6C,a2-megagpu-16g,A100,16,on_demand,USD,60.894127,Machine Per Hour,3.805883,machine_inclusive,accelerator $3.1016/GPU-hr plus 96 vCPU and 1360 GB RAM
2026-08-11T12:08:03+00:00,gcp,2026-08-11T07:00:00Z,europe-west8,D6FF-4E53-A39F,RTX 6000 96GB,RTX PRO 6000,1,spot,USD,0.5259,GPU Per Hour,0.5259,accelerator_only,"bare accelerator price; Google bills vCPU and RAM separately, so this is NOT comparable to Oracle or Azure"
2026-08-11T12:08:03+00:00,gcp,2026-08-11T07:00:00Z,us-south1,D704-DD8E-56BF,1/8 vGPU no lssd,,,on_demand,USD,0.64688,GPU Per Hour,,,accelerator not in the lookup table -- add it to gcp.py
2026-08-11T12:08:03+00:00,gcp,2026-08-11T07:00:00Z,europe-west10,D71B-7821-C601,Nvidia Tesla V100 GPU,V100,1,on_demand,USD,3.8192,GPU Per Hour,3.8192,accelerator_only,"bare accelerator price; Google bills vCPU and RAM separately, so this is NOT comparable to Oracle or Azure"
2026-08-11T12:08:03+00:00,gcp,2026-08-11T07:00:00Z,me-central2,D73E-8321-1D6A,RTX 6000 96GB,RTX PRO 6000,1,spot,USD,0.5259,GPU Per Hour,0.5259,accelerator_only,"bare accelerator price; Google bills vCPU and RAM separately, so this is NOT comparable to Oracle or Azure"
2026-08-11T12:08:03+00:00,gcp,2026-08-11T07:00:00Z,australia-southeast1,D758-A272-7887,Nvidia Tesla P4 GPU,P4,1,on_demand,USD,0.65,GPU Per Hour,0.65,accelerator_only,"bare accelerator price; Google bills vCPU and RAM separately, so this is NOT comparable to Oracle or Azure"
2026-08-11T12:08:03+00:00,gcp,2026-08-11T07:00:00Z,me-central2,D79B-F7FC-70F3,a2-ultragpu-1g,A100,1,3_year,USD,5.570407,GPU Per Hour,5.570407,machine_inclusive,accelerator $4.9545/GPU-hr plus 12 vCPU and 170 GB RAM
2026-08-11T12:08:03+00:00,gcp,2026-08-11T07:00:00Z,me-central2,D79B-F7FC-70F3,a2-ultragpu-2g,A100,2,3_year,USD,11.140814,Machine Per Hour,5.570407,machine_inclusive,accelerator $4.9545/GPU-hr plus 24 vCPU and 340 GB RAM
2026-08-11T12:08:03+00:00,gcp,2026-08-11T07:00:00Z,me-central2,D79B-F7FC-70F3,a2-ultragpu-4g,A100,4,3_year,USD,22.281629,Machine Per Hour,5.570407,machine_inclusive,accelerator $4.9545/GPU-hr plus 48 vCPU and 680 GB RAM
2026-08-11T12:08:03+00:00,gcp,2026-08-11T07:00:00Z,me-central2,D79B-F7FC-70F3,a2-ultragpu-8g,A100,8,3_year,USD,44.563257,Machine Per Hour,5.570407,machine_inclusive,accelerator $4.9545/GPU-hr plus 96 vCPU and 1360 GB RAM
2026-08-11T12:08:03+00:00,gcp,2026-08-11T07:00:00Z,europe-west12,D7D8-51FB-9907,a3-highgpu-8g,H100,8,spot,USD,10.204096,Machine Per Hour,1.275512,machine_inclusive,accelerator $1.1374/GPU-hr plus 208 vCPU and 1872 GB RAM
2026-08-11T12:08:03+00:00,gcp,2026-08-11T07:00:00Z,europe-west2,D7FB-2535-D5CB,a2-ultragpu-1g,A100,1,spot,USD,0.73418,GPU Per Hour,0.73418,machine_inclusive,accelerator $0.6065/GPU-hr plus 12 vCPU and 170 GB RAM
2026-08-11T12:08:03+00:00,gcp,2026-08-11T07:00:00Z,europe-west2,D7FB-2535-D5CB,a2-ultragpu-2g,A100,2,spot,USD,1.46836,Machine Per Hour,0.73418,machine_inclusive,accelerator $0.6065/GPU-hr plus 24 vCPU and 340 GB RAM
2026-08-11T12:08:03+00:00,gcp,2026-08-11T07:00:00Z,europe-west2,D7FB-2535-D5CB,a2-ultragpu-4g,A100,4,spot,USD,2.93672,Machine Per Hour,0.73418,machine_inclusive,accelerator $0.6065/GPU-hr plus 48 vCPU and 680 GB RAM
2026-08-11T12:08:03+00:00,gcp,2026-08-11T07:00:00Z,europe-west2,D7FB-2535-D5CB,a2-ultragpu-8g,A100,8,spot,USD,5.87344,Machine Per Hour,0.73418,machine_inclusive,accelerator $0.6065/GPU-hr plus 96 vCPU and 1360 GB RAM
2026-08-11T12:08:03+00:00,gcp,2026-08-11T07:00:00Z,us-west3,D7FB-6870-F66A,Nvidia Tesla T4 GPU,T4,1,1_year,USD,0.26,GPU Per Hour,0.26,accelerator_only,"bare accelerator price; Google bills vCPU and RAM separately, so this is NOT comparable to Oracle or Azure"
2026-08-11T12:08:03+00:00,gcp,2026-08-11T07:00:00Z,europe-west10,D808-F88D-4EB9,Nvidia Tesla P100 GPU,P100,1,on_demand,USD,2.2484,GPU Per Hour,2.2484,accelerator_only,"bare accelerator price; Google bills vCPU and RAM separately, so this is NOT comparable to Oracle or Azure"
2026-08-11T12:08:03+00:00,gcp,2026-08-11T07:00:00Z,australia-southeast2,D810-AB00-CE3F,Nvidia Tesla V100 GPU,V100,1,3_year,USD,1.58472,GPU Per Hour,1.58472,accelerator_only,"bare accelerator price; Google bills vCPU and RAM separately, so this is NOT comparable to Oracle or Azure"
2026-08-11T12:08:03+00:00,gcp,2026-08-11T07:00:00Z,me-central2,D838-6204-E6F7,Nvidia Tesla V100 GPU,V100,1,on_demand,USD,3.968,GPU Per Hour,3.968,accelerator_only,"bare accelerator price; Google bills vCPU and RAM separately, so this is NOT comparable to Oracle or Azure"
2026-08-11T12:08:03+00:00,gcp,2026-08-11T07:00:00Z,asia-south1,D83F-DA11-8167,a2-highgpu-1g,A100,1,3_year,USD,1.466114,GPU Per Hour,1.466114,machine_inclusive,accelerator $1.1552/GPU-hr plus 12 vCPU and 85 GB RAM
2026-08-11T12:08:03+00:00,gcp,2026-08-11T07:00:00Z,asia-south1,D83F-DA11-8167,a2-highgpu-2g,A100,2,3_year,USD,2.932228,Machine Per Hour,1.466114,machine_inclusive,accelerator $1.1552/GPU-hr plus 24 vCPU and 170 GB RAM
2026-08-11T12:08:03+00:00,gcp,2026-08-11T07:00:00Z,asia-south1,D83F-DA11-8167,a2-highgpu-4g,A100,4,3_year,USD,5.864456,Machine Per Hour,1.466114,machine_inclusive,accelerator $1.1552/GPU-hr plus 48 vCPU and 340 GB RAM
2026-08-11T12:08:03+00:00,gcp,2026-08-11T07:00:00Z,asia-south1,D83F-DA11-8167,a2-highgpu-8g,A100,8,3_year,USD,11.728912,Machine Per Hour,1.466114,machine_inclusive,accelerator $1.1552/GPU-hr plus 96 vCPU and 680 GB RAM
2026-08-11T12:08:03+00:00,gcp,2026-08-11T07:00:00Z,asia-south1,D83F-DA11-8167,a2-megagpu-16g,A100,16,3_year,USD,22.182025,Machine Per Hour,1.386377,machine_inclusive,accelerator $1.1552/GPU-hr plus 96 vCPU and 1360 GB RAM
2026-08-11T12:08:03+00:00,gcp,2026-08-11T07:00:00Z,us-south1,D87F-5430-9592,Nvidia Tesla V100 GPU,V100,1,1_year,USD,1.84316,GPU Per Hour,1.84316,accelerator_only,"bare accelerator price; Google bills vCPU and RAM separately, so this is NOT comparable to Oracle or Azure"
2026-08-11T12:08:03+00:00,gcp,2026-08-11T07:00:00Z,europe-west3,D8F8-12AA-CE07,g2-standard-4,L4,1,on_demand,USD,0.833028,GPU Per Hour,0.833028,machine_inclusive,accelerator $0.6600/GPU-hr plus 4 vCPU and 16 GB RAM
2026-08-11T12:08:03+00:00,gcp,2026-08-11T07:00:00Z,europe-west3,D8F8-12AA-CE07,g2-standard-8,L4,1,on_demand,USD,1.006027,GPU Per Hour,1.006027,machine_inclusive,accelerator $0.6600/GPU-hr plus 8 vCPU and 32 GB RAM
2026-08-11T12:08:03+00:00,gcp,2026-08-11T07:00:00Z,europe-west3,D8F8-12AA-CE07,g2-standard-12,L4,1,on_demand,USD,1.179027,GPU Per Hour,1.179027,machine_inclusive,accelerator $0.6600/GPU-hr plus 12 vCPU and 48 GB RAM
2026-08-11T12:08:03+00:00,gcp,2026-08-11T07:00:00Z,europe-west3,D8F8-12AA-CE07,g2-standard-16,L4,1,on_demand,USD,1.352027,GPU Per Hour,1.352027,machine_inclusive,accelerator $0.6600/GPU-hr plus 16 vCPU and 64 GB RAM
2026-08-11T12:08:03+00:00,gcp,2026-08-11T07:00:00Z,europe-west3,D8F8-12AA-CE07,g2-standard-24,L4,2,on_demand,USD,2.358054,Machine Per Hour,1.179027,machine_inclusive,accelerator $0.6600/GPU-hr plus 24 vCPU and 96 GB RAM
2026-08-11T12:08:03+00:00,gcp,2026-08-11T07:00:00Z,europe-west3,D8F8-12AA-CE07,g2-standard-32,L4,1,on_demand,USD,2.044026,GPU Per Hour,2.044026,machine_inclusive,accelerator $0.6600/GPU-hr plus 32 vCPU and 128 GB RAM
2026-08-11T12:08:03+00:00,gcp,2026-08-11T07:00:00Z,europe-west3,D8F8-12AA-CE07,g2-standard-48,L4,4,on_demand,USD,4.716108,Machine Per Hour,1.179027,machine_inclusive,accelerator $0.6600/GPU-hr plus 48 vCPU and 192 GB RAM
2026-08-11T12:08:03+00:00,gcp,2026-08-11T07:00:00Z,europe-west3,D8F8-12AA-CE07,g2-standard-96,L4,8,on_demand,USD,9.432216,Machine Per Hour,1.179027,machine_inclusive,accelerator $0.6600/GPU-hr plus 96 vCPU and 384 GB RAM
2026-08-11T12:08:03+00:00,gcp,2026-08-11T07:00:00Z,africa-south1,D905-D1A9-5B73,Nvidia Tesla P100 GPU,P100,1,spot,USD,0.1719,GPU Per Hour,0.1719,accelerator_only,"bare accelerator price; Google bills vCPU and RAM separately, so this is NOT comparable to Oracle or Azure"
2026-08-11T12:08:03+00:00,gcp,2026-08-11T07:00:00Z,europe-west2,D931-12B6-B5E4,a2-highgpu-1g,A100,1,on_demand,USD,4.389554,GPU Per Hour,4.389554,machine_inclusive,accelerator $3.4369/GPU-hr plus 12 vCPU and 85 GB RAM
2026-08-11T12:08:03+00:00,gcp,2026-08-11T07:00:00Z,europe-west2,D931-12B6-B5E4,a2-highgpu-2g,A100,2,on_demand,USD,8.779107,Machine Per Hour,4.389554,machine_inclusive,accelerator $3.4369/GPU-hr plus 24 vCPU and 170 GB RAM
2026-08-11T12:08:03+00:00,gcp,2026-08-11T07:00:00Z,europe-west2,D931-12B6-B5E4,a2-highgpu-4g,A100,4,on_demand,USD,17.558215,Machine Per Hour,4.389554,machine_inclusive,accelerator $3.4369/GPU-hr plus 48 vCPU and 340 GB RAM
2026-08-11T12:08:03+00:00,gcp,2026-08-11T07:00:00Z,europe-west2,D931-12B6-B5E4,a2-highgpu-8g,A100,8,on_demand,USD,35.116429,Machine Per Hour,4.389554,machine_inclusive,accelerator $3.4369/GPU-hr plus 96 vCPU and 680 GB RAM
2026-08-11T12:08:03+00:00,gcp,2026-08-11T07:00:00Z,europe-west2,D931-12B6-B5E4,a2-megagpu-16g,A100,16,on_demand,USD,66.322779,Machine Per Hour,4.145174,machine_inclusive,accelerator $3.4369/GPU-hr plus 96 vCPU and 1360 GB RAM
2026-08-11T12:08:03+00:00,gcp,2026-08-11T07:00:00Z,me-west1,D935-CAD1-98CB,Nvidia Tesla P100 GPU,P100,1,3_year,USD,0.7227,GPU Per Hour,0.7227,accelerator_only,"bare accelerator price; Google bills vCPU and RAM separately, so this is NOT comparable to Oracle or Azure"
2026-08-11T12:08:03+00:00,gcp,2026-08-11T07:00:00Z,europe-central2,D944-D90A-748C,a2-highgpu-1g,A100,1,on_demand,USD,4.389554,GPU Per Hour,4.389554,machine_inclusive,accelerator $3.4369/GPU-hr plus 12 vCPU and 85 GB RAM
2026-08-11T12:08:03+00:00,gcp,2026-08-11T07:00:00Z,europe-central2,D944-D90A-748C,a2-highgpu-2g,A100,2,on_demand,USD,8.779107,Machine Per Hour,4.389554,machine_inclusive,accelerator $3.4369/GPU-hr plus 24 vCPU and 170 GB RAM
2026-08-11T12:08:03+00:00,gcp,2026-08-11T07:00:00Z,europe-central2,D944-D90A-748C,a2-highgpu-4g,A100,4,on_demand,USD,17.558215,Machine Per Hour,4.389554,machine_inclusive,accelerator $3.4369/GPU-hr plus 48 vCPU and 340 GB RAM
2026-08-11T12:08:03+00:00,gcp,2026-08-11T07:00:00Z,europe-central2,D944-D90A-748C,a2-highgpu-8g,A100,8,on_demand,USD,35.116429,Machine Per Hour,4.389554,machine_inclusive,accelerator $3.4369/GPU-hr plus 96 vCPU and 680 GB RAM
2026-08-11T12:08:03+00:00,gcp,2026-08-11T07:00:00Z,europe-central2,D944-D90A-748C,a2-megagpu-16g,A100,16,on_demand,USD,66.322779,Machine Per Hour,4.145174,machine_inclusive,accelerator $3.4369/GPU-hr plus 96 vCPU and 1360 GB RAM
2026-08-11T12:08:03+00:00,gcp,2026-08-11T07:00:00Z,us-west2,D95C-D978-7F80,g2-standard-4,L4,1,3_year,USD,0.382357,GPU Per Hour,0.382357,machine_inclusive,accelerator $0.3030/GPU-hr plus 4 vCPU and 16 GB RAM
2026-08-11T12:08:03+00:00,gcp,2026-08-11T07:00:00Z,us-west2,D95C-D978-7F80,g2-standard-8,L4,1,3_year,USD,0.461764,GPU Per Hour,0.461764,machine_inclusive,accelerator $0.3030/GPU-hr plus 8 vCPU and 32 GB RAM
2026-08-11T12:08:03+00:00,gcp,2026-08-11T07:00:00Z,us-west2,D95C-D978-7F80,g2-standard-12,L4,1,3_year,USD,0.54117,GPU Per Hour,0.54117,machine_inclusive,accelerator $0.3030/GPU-hr plus 12 vCPU and 48 GB RAM
2026-08-11T12:08:03+00:00,gcp,2026-08-11T07:00:00Z,us-west2,D95C-D978-7F80,g2-standard-16,L4,1,3_year,USD,0.620577,GPU Per Hour,0.620577,machine_inclusive,accelerator $0.3030/GPU-hr plus 16 vCPU and 64 GB RAM
2026-08-11T12:08:03+00:00,gcp,2026-08-11T07:00:00Z,us-west2,D95C-D978-7F80,g2-standard-24,L4,2,3_year,USD,1.082341,Machine Per Hour,0.54117,machine_inclusive,accelerator $0.3030/GPU-hr plus 24 vCPU and 96 GB RAM
2026-08-11T12:08:03+00:00,gcp,2026-08-11T07:00:00Z,us-west2,D95C-D978-7F80,g2-standard-32,L4,1,3_year,USD,0.938202,GPU Per Hour,0.938202,machine_inclusive,accelerator $0.3030/GPU-hr plus 32 vCPU and 128 GB RAM
2026-08-11T12:08:03+00:00,gcp,2026-08-11T07:00:00Z,us-west2,D95C-D978-7F80,g2-standard-48,L4,4,3_year,USD,2.164681,Machine Per Hour,0.54117,machine_inclusive,accelerator $0.3030/GPU-hr plus 48 vCPU and 192 GB RAM
2026-08-11T12:08:03+00:00,gcp,2026-08-11T07:00:00Z,us-west2,D95C-D978-7F80,g2-standard-96,L4,8,3_year,USD,4.329362,Machine Per Hour,0.54117,machine_inclusive,accelerator $0.3030/GPU-hr plus 96 vCPU and 384 GB RAM
2026-08-11T12:08:03+00:00,gcp,2026-08-11T07:00:00Z,us-west4,D980-0939-9052,a3-highgpu-8g,H100,8,spot,USD,42.600032,Machine Per Hour,5.325004,machine_inclusive,accelerator $4.7516/GPU-hr plus 208 vCPU and 1872 GB RAM
2026-08-11T12:08:03+00:00,gcp,2026-08-11T07:00:00Z,europe-north1,D983-B328-0905,a2-ultragpu-1g,A100,1,spot,USD,0.62784,GPU Per Hour,0.62784,machine_inclusive,accelerator $0.5183/GPU-hr plus 12 vCPU and 170 GB RAM
2026-08-11T12:08:03+00:00,gcp,2026-08-11T07:00:00Z,europe-north1,D983-B328-0905,a2-ultragpu-2g,A100,2,spot,USD,1.25568,Machine Per Hour,0.62784,machine_inclusive,accelerator $0.5183/GPU-hr plus 24 vCPU and 340 GB RAM
2026-08-11T12:08:03+00:00,gcp,2026-08-11T07:00:00Z,europe-north1,D983-B328-0905,a2-ultragpu-4g,A100,4,spot,USD,2.51136,Machine Per Hour,0.62784,machine_inclusive,accelerator $0.5183/GPU-hr plus 48 vCPU and 680 GB RAM
2026-08-11T12:08:03+00:00,gcp,2026-08-11T07:00:00Z,europe-north1,D983-B328-0905,a2-ultragpu-8g,A100,8,spot,USD,5.02272,Machine Per Hour,0.62784,machine_inclusive,accelerator $0.5183/GPU-hr plus 96 vCPU and 1360 GB RAM
2026-08-11T12:08:03+00:00,gcp,2026-08-11T07:00:00Z,asia-northeast3,D9D8-EC76-2870,a3-highgpu-8g,H100,8,spot,USD,41.593712,Machine Per Hour,5.199214,machine_inclusive,accelerator $4.6392/GPU-hr plus 208 vCPU and 1872 GB RAM
2026-08-11T12:08:03+00:00,gcp,2026-08-11T07:00:00Z,me-central1,DA1E-168F-5720,Nvidia Tesla P4 GPU,P4,1,3_year,USD,0.32805,GPU Per Hour,0.32805,accelerator_only,"bare accelerator price; Google bills vCPU and RAM separately, so this is NOT comparable to Oracle or Azure"
2026-08-11T12:08:03+00:00,gcp,2026-08-11T07:00:00Z,us-west3,DA5E-DBAD-EC43,a2-ultragpu-1g,A100,1,spot,USD,1.35827,GPU Per Hour,1.35827,machine_inclusive,accelerator $0.5659/GPU-hr plus 12 vCPU and 170 GB RAM
2026-08-11T12:08:03+00:00,gcp,2026-08-11T07:00:00Z,us-west3,DA5E-DBAD-EC43,a2-ultragpu-2g,A100,2,spot,USD,2.71654,Machine Per Hour,1.35827,machine_inclusive,accelerator $0.5659/GPU-hr plus 24 vCPU and 340 GB RAM
2026-08-11T12:08:03+00:00,gcp,2026-08-11T07:00:00Z,us-west3,DA5E-DBAD-EC43,a2-ultragpu-4g,A100,4,spot,USD,5.43308,Machine Per Hour,1.35827,machine_inclusive,accelerator $0.5659/GPU-hr plus 48 vCPU and 680 GB RAM
2026-08-11T12:08:03+00:00,gcp,2026-08-11T07:00:00Z,us-west3,DA5E-DBAD-EC43,a2-ultragpu-8g,A100,8,spot,USD,10.86616,Machine Per Hour,1.35827,machine_inclusive,accelerator $0.5659/GPU-hr plus 96 vCPU and 1360 GB RAM
2026-08-11T12:08:03+00:00,gcp,2026-08-11T07:00:00Z,australia-southeast2,DA99-A9C3-B13B,Nvidia Tesla P100 GPU,P100,1,1_year,USD,1.30498,GPU Per Hour,1.30498,accelerator_only,"bare accelerator price; Google bills vCPU and RAM separately, so this is NOT comparable to Oracle or Azure"
2026-08-11T12:08:03+00:00,gcp,2026-08-11T07:00:00Z,asia-northeast3,DAF9-4142-CF10,g2-standard-4,L4,1,on_demand,USD,0.907714,GPU Per Hour,0.907714,machine_inclusive,accelerator $0.7192/GPU-hr plus 4 vCPU and 16 GB RAM
2026-08-11T12:08:03+00:00,gcp,2026-08-11T07:00:00Z,asia-northeast3,DAF9-4142-CF10,g2-standard-8,L4,1,on_demand,USD,1.096224,GPU Per Hour,1.096224,machine_inclusive,accelerator $0.7192/GPU-hr plus 8 vCPU and 32 GB RAM
2026-08-11T12:08:03+00:00,gcp,2026-08-11T07:00:00Z,asia-northeast3,DAF9-4142-CF10,g2-standard-12,L4,1,on_demand,USD,1.284735,GPU Per Hour,1.284735,machine_inclusive,accelerator $0.7192/GPU-hr plus 12 vCPU and 48 GB RAM
2026-08-11T12:08:03+00:00,gcp,2026-08-11T07:00:00Z,asia-northeast3,DAF9-4142-CF10,g2-standard-16,L4,1,on_demand,USD,1.473245,GPU Per Hour,1.473245,machine_inclusive,accelerator $0.7192/GPU-hr plus 16 vCPU and 64 GB RAM
2026-08-11T12:08:03+00:00,gcp,2026-08-11T07:00:00Z,asia-northeast3,DAF9-4142-CF10,g2-standard-24,L4,2,on_demand,USD,2.569469,Machine Per Hour,1.284735,machine_inclusive,accelerator $0.7192/GPU-hr plus 24 vCPU and 96 GB RAM
2026-08-11T12:08:03+00:00,gcp,2026-08-11T07:00:00Z,asia-northeast3,DAF9-4142-CF10,g2-standard-32,L4,1,on_demand,USD,2.227286,GPU Per Hour,2.227286,machine_inclusive,accelerator $0.7192/GPU-hr plus 32 vCPU and 128 GB RAM
2026-08-11T12:08:03+00:00,gcp,2026-08-11T07:00:00Z,asia-northeast3,DAF9-4142-CF10,g2-standard-48,L4,4,on_demand,USD,5.138938,Machine Per Hour,1.284735,machine_inclusive,accelerator $0.7192/GPU-hr plus 48 vCPU and 192 GB RAM
2026-08-11T12:08:03+00:00,gcp,2026-08-11T07:00:00Z,asia-northeast3,DAF9-4142-CF10,g2-standard-96,L4,8,on_demand,USD,10.277877,Machine Per Hour,1.284735,machine_inclusive,accelerator $0.7192/GPU-hr plus 96 vCPU and 384 GB RAM
2026-08-11T12:08:03+00:00,gcp,2026-08-11T07:00:00Z,europe-west6,DB0B-CDA3-7D6C,Nvidia Tesla V100 GPU,V100,1,1_year,USD,2.031,GPU Per Hour,2.031,accelerator_only,"bare accelerator price; Google bills vCPU and RAM separately, so this is NOT comparable to Oracle or Azure"
2026-08-11T12:08:03+00:00,gcp,2026-08-11T07:00:00Z,europe-west10,DB38-97D8-AE9D,Nvidia Tesla T4 GPU,T4,1,1_year,USD,0.3388,GPU Per Hour,0.3388,accelerator_only,"bare accelerator price; Google bills vCPU and RAM separately, so this is NOT comparable to Oracle or Azure"
2026-08-11T12:08:03+00:00,gcp,2026-08-11T07:00:00Z,asia-southeast2,DB44-9EC9-FB68,Nvidia Tesla T4 GPU,T4,1,3_year,USD,0.1853,GPU Per Hour,0.1853,accelerator_only,"bare accelerator price; Google bills vCPU and RAM separately, so this is NOT comparable to Oracle or Azure"
2026-08-11T12:08:03+00:00,gcp,2026-08-11T07:00:00Z,asia-east1,DB4C-F9D7-22BB,a2-highgpu-1g,A100,1,on_demand,USD,3.790142,GPU Per Hour,3.790142,machine_inclusive,accelerator $2.9339/GPU-hr plus 12 vCPU and 85 GB RAM
2026-08-11T12:08:03+00:00,gcp,2026-08-11T07:00:00Z,asia-east1,DB4C-F9D7-22BB,a2-highgpu-2g,A100,2,on_demand,USD,7.580284,Machine Per Hour,3.790142,machine_inclusive,accelerator $2.9339/GPU-hr plus 24 vCPU and 170 GB RAM
2026-08-11T12:08:03+00:00,gcp,2026-08-11T07:00:00Z,asia-east1,DB4C-F9D7-22BB,a2-highgpu-4g,A100,4,on_demand,USD,15.160568,Machine Per Hour,3.790142,machine_inclusive,accelerator $2.9339/GPU-hr plus 48 vCPU and 340 GB RAM
2026-08-11T12:08:03+00:00,gcp,2026-08-11T07:00:00Z,asia-east1,DB4C-F9D7-22BB,a2-highgpu-8g,A100,8,on_demand,USD,30.321136,Machine Per Hour,3.790142,machine_inclusive,accelerator $2.9339/GPU-hr plus 96 vCPU and 680 GB RAM
2026-08-11T12:08:03+00:00,gcp,2026-08-11T07:00:00Z,asia-east1,DB4C-F9D7-22BB,a2-megagpu-16g,A100,16,on_demand,USD,57.12848,Machine Per Hour,3.57053,machine_inclusive,accelerator $2.9339/GPU-hr plus 96 vCPU and 1360 GB RAM
2026-08-11T12:08:03+00:00,gcp,2026-08-11T07:00:00Z,australia-southeast2,DB4E-7FDC-8974,Nvidia Tesla P4 GPU,P4,1,spot,USD,0.092,GPU Per Hour,0.092,accelerator_only,"bare accelerator price; Google bills vCPU and RAM separately, so this is NOT comparable to Oracle or Azure"
2026-08-11T12:08:03+00:00,gcp,2026-08-11T07:00:00Z,europe-west8,DB54-3742-5130,Nvidia Tesla P4 GPU,P4,1,3_year,USD,0.3132,GPU Per Hour,0.3132,accelerator_only,"bare accelerator price; Google bills vCPU and RAM separately, so this is NOT comparable to Oracle or Azure"
2026-08-11T12:08:03+00:00,gcp,2026-08-11T07:00:00Z,asia-east1,DBF8-D0A6-2F53,a2-highgpu-1g,A100,1,1_year,USD,2.387758,GPU Per Hour,2.387758,machine_inclusive,accelerator $1.8484/GPU-hr plus 12 vCPU and 85 GB RAM
2026-08-11T12:08:03+00:00,gcp,2026-08-11T07:00:00Z,asia-east1,DBF8-D0A6-2F53,a2-highgpu-2g,A100,2,1_year,USD,4.775515,Machine Per Hour,2.387758,machine_inclusive,accelerator $1.8484/GPU-hr plus 24 vCPU and 170 GB RAM
2026-08-11T12:08:03+00:00,gcp,2026-08-11T07:00:00Z,asia-east1,DBF8-D0A6-2F53,a2-highgpu-4g,A100,4,1_year,USD,9.551031,Machine Per Hour,2.387758,machine_inclusive,accelerator $1.8484/GPU-hr plus 48 vCPU and 340 GB RAM
2026-08-11T12:08:03+00:00,gcp,2026-08-11T07:00:00Z,asia-east1,DBF8-D0A6-2F53,a2-highgpu-8g,A100,8,1_year,USD,19.102061,Machine Per Hour,2.387758,machine_inclusive,accelerator $1.8484/GPU-hr plus 96 vCPU and 680 GB RAM
2026-08-11T12:08:03+00:00,gcp,2026-08-11T07:00:00Z,asia-east1,DBF8-D0A6-2F53,a2-megagpu-16g,A100,16,1_year,USD,35.990429,Machine Per Hour,2.249402,machine_inclusive,accelerator $1.8484/GPU-hr plus 96 vCPU and 1360 GB RAM
2026-08-11T12:08:03+00:00,gcp,2026-08-11T07:00:00Z,me-west1,DBFA-9DFF-3768,Nvidia Tesla P4 GPU,P4,1,3_year,USD,0.297,GPU Per Hour,0.297,accelerator_only,"bare accelerator price; Google bills vCPU and RAM separately, so this is NOT comparable to Oracle or Azure"
2026-08-11T12:08:03+00:00,gcp,2026-08-11T07:00:00Z,europe-central2,DBFD-26F6-0BC3,Nvidia Tesla P4 GPU,P4,1,on_demand,USD,0.65,GPU Per Hour,0.65,accelerator_only,"bare accelerator price; Google bills vCPU and RAM separately, so this is NOT comparable to Oracle or Azure"
2026-08-11T12:08:03+00:00,gcp,2026-08-11T07:00:00Z,us-central1,DC0B-9926-40C5,Nvidia Tesla V100 GPU,V100,1,on_demand,USD,2.48,GPU Per Hour,2.48,accelerator_only,"bare accelerator price; Google bills vCPU and RAM separately, so this is NOT comparable to Oracle or Azure"
2026-08-11T12:08:03+00:00,gcp,2026-08-11T07:00:00Z,us-east1,DC0B-9926-40C5,Nvidia Tesla V100 GPU,V100,1,on_demand,USD,2.48,GPU Per Hour,2.48,accelerator_only,"bare accelerator price; Google bills vCPU and RAM separately, so this is NOT comparable to Oracle or Azure"
2026-08-11T12:08:03+00:00,gcp,2026-08-11T07:00:00Z,us-west1,DC0B-9926-40C5,Nvidia Tesla V100 GPU,V100,1,on_demand,USD,2.48,GPU Per Hour,2.48,accelerator_only,"bare accelerator price; Google bills vCPU and RAM separately, so this is NOT comparable to Oracle or Azure"
2026-08-11T12:08:03+00:00,gcp,2026-08-11T07:00:00Z,us-east5,DC5F-BC5F-227C,a2-highgpu-1g,A100,1,on_demand,USD,3.673385,GPU Per Hour,3.673385,machine_inclusive,accelerator $2.9339/GPU-hr plus 12 vCPU and 85 GB RAM
2026-08-11T12:08:03+00:00,gcp,2026-08-11T07:00:00Z,us-east5,DC5F-BC5F-227C,a2-highgpu-2g,A100,2,on_demand,USD,7.34677,Machine Per Hour,3.673385,machine_inclusive,accelerator $2.9339/GPU-hr plus 24 vCPU and 170 GB RAM
2026-08-11T12:08:03+00:00,gcp,2026-08-11T07:00:00Z,us-east5,DC5F-BC5F-227C,a2-highgpu-4g,A100,4,on_demand,USD,14.69354,Machine Per Hour,3.673385,machine_inclusive,accelerator $2.9339/GPU-hr plus 48 vCPU and 340 GB RAM
2026-08-11T12:08:03+00:00,gcp,2026-08-11T07:00:00Z,us-east5,DC5F-BC5F-227C,a2-highgpu-8g,A100,8,on_demand,USD,29.38708,Machine Per Hour,3.673385,machine_inclusive,accelerator $2.9339/GPU-hr plus 96 vCPU and 680 GB RAM
2026-08-11T12:08:03+00:00,gcp,2026-08-11T07:00:00Z,us-east5,DC5F-BC5F-227C,a2-megagpu-16g,A100,16,on_demand,USD,55.739504,Machine Per Hour,3.483719,machine_inclusive,accelerator $2.9339/GPU-hr plus 96 vCPU and 1360 GB RAM
2026-08-11T12:08:03+00:00,gcp,2026-08-11T07:00:00Z,europe-west8,DCD5-77A8-42D0,Nvidia Tesla P100 GPU,P100,1,3_year,USD,0.76212,GPU Per Hour,0.76212,accelerator_only,"bare accelerator price; Google bills vCPU and RAM separately, so this is NOT comparable to Oracle or Azure"
2026-08-11T12:08:03+00:00,gcp,2026-08-11T07:00:00Z,us-west3,DCDC-A926-A120,Nvidia Tesla P4 GPU,P4,1,on_demand,USD,0.72,GPU Per Hour,0.72,accelerator_only,"bare accelerator price; Google bills vCPU and RAM separately, so this is NOT comparable to Oracle or Azure"
2026-08-11T12:08:03+00:00,gcp,2026-08-11T07:00:00Z,australia-southeast1,DD1D-DF7B-B329,a3-megagpu-8g,H100 Mega,8,3_year,USD,50.442768,Machine Per Hour,6.305346,machine_inclusive,accelerator $5.6237/GPU-hr plus 208 vCPU and 1872 GB RAM
2026-08-11T12:08:03+00:00,gcp,2026-08-11T07:00:00Z,southamerica-east1,DD2F-7277-91CB,a2-ultragpu-1g,A100,1,on_demand,USD,7.982808,GPU Per Hour,7.982808,machine_inclusive,accelerator $6.2374/GPU-hr plus 12 vCPU and 170 GB RAM
2026-08-11T12:08:03+00:00,gcp,2026-08-11T07:00:00Z,southamerica-east1,DD2F-7277-91CB,a2-ultragpu-2g,A100,2,on_demand,USD,15.965616,Machine Per Hour,7.982808,machine_inclusive,accelerator $6.2374/GPU-hr plus 24 vCPU and 340 GB RAM
2026-08-11T12:08:03+00:00,gcp,2026-08-11T07:00:00Z,southamerica-east1,DD2F-7277-91CB,a2-ultragpu-4g,A100,4,on_demand,USD,31.931232,Machine Per Hour,7.982808,machine_inclusive,accelerator $6.2374/GPU-hr plus 48 vCPU and 680 GB RAM
2026-08-11T12:08:03+00:00,gcp,2026-08-11T07:00:00Z,southamerica-east1,DD2F-7277-91CB,a2-ultragpu-8g,A100,8,on_demand,USD,63.862464,Machine Per Hour,7.982808,machine_inclusive,accelerator $6.2374/GPU-hr plus 96 vCPU and 1360 GB RAM
2026-08-11T12:08:03+00:00,gcp,2026-08-11T07:00:00Z,southamerica-west1,DD37-B7F6-E8CC,Nvidia Tesla V100 GPU,V100,1,on_demand,USD,3.5464,GPU Per Hour,3.5464,accelerator_only,"bare accelerator price; Google bills vCPU and RAM separately, so this is NOT comparable to Oracle or Azure"
2026-08-11T12:08:03+00:00,gcp,2026-08-11T07:00:00Z,europe-west3,DD73-8F1E-CCBB,Nvidia Tesla T4 GPU,T4,1,3_year,USD,0.18,GPU Per Hour,0.18,accelerator_only,"bare accelerator price; Google bills vCPU and RAM separately, so this is NOT comparable to Oracle or Azure"
2026-08-11T12:08:03+00:00,gcp,2026-08-11T07:00:00Z,us-central1,DD90-547C-2AAA,a2-ultragpu-1g,A100,1,spot,USD,2.90322,GPU Per Hour,2.90322,machine_inclusive,accelerator $2.2684/GPU-hr plus 12 vCPU and 170 GB RAM
2026-08-11T12:08:03+00:00,gcp,2026-08-11T07:00:00Z,us-central1,DD90-547C-2AAA,a2-ultragpu-2g,A100,2,spot,USD,5.80644,Machine Per Hour,2.90322,machine_inclusive,accelerator $2.2684/GPU-hr plus 24 vCPU and 340 GB RAM
2026-08-11T12:08:03+00:00,gcp,2026-08-11T07:00:00Z,us-central1,DD90-547C-2AAA,a2-ultragpu-4g,A100,4,spot,USD,11.61288,Machine Per Hour,2.90322,machine_inclusive,accelerator $2.2684/GPU-hr plus 48 vCPU and 680 GB RAM
2026-08-11T12:08:03+00:00,gcp,2026-08-11T07:00:00Z,us-central1,DD90-547C-2AAA,a2-ultragpu-8g,A100,8,spot,USD,23.22576,Machine Per Hour,2.90322,machine_inclusive,accelerator $2.2684/GPU-hr plus 96 vCPU and 1360 GB RAM
2026-08-11T12:08:03+00:00,gcp,2026-08-11T07:00:00Z,us-east1,DD90-547C-2AAA,a2-ultragpu-1g,A100,1,spot,USD,2.90322,GPU Per Hour,2.90322,machine_inclusive,accelerator $2.2684/GPU-hr plus 12 vCPU and 170 GB RAM
2026-08-11T12:08:03+00:00,gcp,2026-08-11T07:00:00Z,us-east1,DD90-547C-2AAA,a2-ultragpu-2g,A100,2,spot,USD,5.80644,Machine Per Hour,2.90322,machine_inclusive,accelerator $2.2684/GPU-hr plus 24 vCPU and 340 GB RAM
2026-08-11T12:08:03+00:00,gcp,2026-08-11T07:00:00Z,us-east1,DD90-547C-2AAA,a2-ultragpu-4g,A100,4,spot,USD,11.61288,Machine Per Hour,2.90322,machine_inclusive,accelerator $2.2684/GPU-hr plus 48 vCPU and 680 GB RAM
2026-08-11T12:08:03+00:00,gcp,2026-08-11T07:00:00Z,us-east1,DD90-547C-2AAA,a2-ultragpu-8g,A100,8,spot,USD,23.22576,Machine Per Hour,2.90322,machine_inclusive,accelerator $2.2684/GPU-hr plus 96 vCPU and 1360 GB RAM
2026-08-11T12:08:03+00:00,gcp,2026-08-11T07:00:00Z,us-west1,DD90-547C-2AAA,a2-ultragpu-1g,A100,1,spot,USD,2.90322,GPU Per Hour,2.90322,machine_inclusive,accelerator $2.2684/GPU-hr plus 12 vCPU and 170 GB RAM
2026-08-11T12:08:03+00:00,gcp,2026-08-11T07:00:00Z,us-west1,DD90-547C-2AAA,a2-ultragpu-2g,A100,2,spot,USD,5.80644,Machine Per Hour,2.90322,machine_inclusive,accelerator $2.2684/GPU-hr plus 24 vCPU and 340 GB RAM
2026-08-11T12:08:03+00:00,gcp,2026-08-11T07:00:00Z,us-west1,DD90-547C-2AAA,a2-ultragpu-4g,A100,4,spot,USD,11.61288,Machine Per Hour,2.90322,machine_inclusive,accelerator $2.2684/GPU-hr plus 48 vCPU and 680 GB RAM
2026-08-11T12:08:03+00:00,gcp,2026-08-11T07:00:00Z,us-west1,DD90-547C-2AAA,a2-ultragpu-8g,A100,8,spot,USD,23.22576,Machine Per Hour,2.90322,machine_inclusive,accelerator $2.2684/GPU-hr plus 96 vCPU and 1360 GB RAM
2026-08-11T12:08:03+00:00,gcp,2026-08-11T07:00:00Z,asia-northeast3,DDDC-40B8-16FB,a2-ultragpu-1g,A100,1,spot,USD,1.44951,GPU Per Hour,1.44951,machine_inclusive,accelerator $0.6044/GPU-hr plus 12 vCPU and 170 GB RAM
2026-08-11T12:08:03+00:00,gcp,2026-08-11T07:00:00Z,asia-northeast3,DDDC-40B8-16FB,a2-ultragpu-2g,A100,2,spot,USD,2.89902,Machine Per Hour,1.44951,machine_inclusive,accelerator $0.6044/GPU-hr plus 24 vCPU and 340 GB RAM
2026-08-11T12:08:03+00:00,gcp,2026-08-11T07:00:00Z,asia-northeast3,DDDC-40B8-16FB,a2-ultragpu-4g,A100,4,spot,USD,5.79804,Machine Per Hour,1.44951,machine_inclusive,accelerator $0.6044/GPU-hr plus 48 vCPU and 680 GB RAM
2026-08-11T12:08:03+00:00,gcp,2026-08-11T07:00:00Z,asia-northeast3,DDDC-40B8-16FB,a2-ultragpu-8g,A100,8,spot,USD,11.59608,Machine Per Hour,1.44951,machine_inclusive,accelerator $0.6044/GPU-hr plus 96 vCPU and 1360 GB RAM
2026-08-11T12:08:03+00:00,gcp,2026-08-11T07:00:00Z,europe-west4,DEBA-C0F9-7793,a2-highgpu-1g,A100,1,1_year,USD,2.361196,GPU Per Hour,2.361196,machine_inclusive,accelerator $1.8484/GPU-hr plus 12 vCPU and 85 GB RAM
2026-08-11T12:08:03+00:00,gcp,2026-08-11T07:00:00Z,europe-west4,DEBA-C0F9-7793,a2-highgpu-2g,A100,2,1_year,USD,4.722391,Machine Per Hour,2.361196,machine_inclusive,accelerator $1.8484/GPU-hr plus 24 vCPU and 170 GB RAM
2026-08-11T12:08:03+00:00,gcp,2026-08-11T07:00:00Z,europe-west4,DEBA-C0F9-7793,a2-highgpu-4g,A100,4,1_year,USD,9.444783,Machine Per Hour,2.361196,machine_inclusive,accelerator $1.8484/GPU-hr plus 48 vCPU and 340 GB RAM
2026-08-11T12:08:03+00:00,gcp,2026-08-11T07:00:00Z,europe-west4,DEBA-C0F9-7793,a2-highgpu-8g,A100,8,1_year,USD,18.889565,Machine Per Hour,2.361196,machine_inclusive,accelerator $1.8484/GPU-hr plus 96 vCPU and 680 GB RAM
2026-08-11T12:08:03+00:00,gcp,2026-08-11T07:00:00Z,europe-west4,DEBA-C0F9-7793,a2-megagpu-16g,A100,16,1_year,USD,35.674301,Machine Per Hour,2.229644,machine_inclusive,accelerator $1.8484/GPU-hr plus 96 vCPU and 1360 GB RAM
2026-08-11T12:08:03+00:00,gcp,2026-08-11T07:00:00Z,asia-east2,DED3-0A41-A063,Nvidia Tesla T4 GPU,T4,1,on_demand,USD,0.44,GPU Per Hour,0.44,accelerator_only,"bare accelerator price; Google bills vCPU and RAM separately, so this is NOT comparable to Oracle or Azure"
2026-08-11T12:08:03+00:00,gcp,2026-08-11T07:00:00Z,us-west8,DED4-FBAC-AF5B,Nvidia Tesla P4 GPU,P4,1,1_year,USD,0.378,GPU Per Hour,0.378,accelerator_only,"bare accelerator price; Google bills vCPU and RAM separately, so this is NOT comparable to Oracle or Azure"
2026-08-11T12:08:03+00:00,gcp,2026-08-11T07:00:00Z,europe-west10,DF0C-AB01-3AA5,RTX 6000 96GB,RTX PRO 6000,1,on_demand,USD,1.31478,GPU Per Hour,1.31478,accelerator_only,"bare accelerator price; Google bills vCPU and RAM separately, so this is NOT comparable to Oracle or Azure"
2026-08-11T12:08:03+00:00,gcp,2026-08-11T07:00:00Z,europe-west1,DF0D-A259-8704,A4 Nvidia B200 (1 gpu slice),B200,1,spot,USD,2.2084,GPU Per Hour,2.2084,machine_inclusive,Google publishes no separate A4 vCPU/RAM SKUs -- the per-slice price already covers the whole machine
2026-08-11T12:08:03+00:00,gcp,2026-08-11T07:00:00Z,europe-west9,DF41-1749-C069,g2-standard-4,L4,1,spot,USD,0.125952,GPU Per Hour,0.125952,machine_inclusive,accelerator $0.0998/GPU-hr plus 4 vCPU and 16 GB RAM
2026-08-11T12:08:03+00:00,gcp,2026-08-11T07:00:00Z,europe-west9,DF41-1749-C069,g2-standard-8,L4,1,spot,USD,0.152104,GPU Per Hour,0.152104,machine_inclusive,accelerator $0.0998/GPU-hr plus 8 vCPU and 32 GB RAM
2026-08-11T12:08:03+00:00,gcp,2026-08-11T07:00:00Z,europe-west9,DF41-1749-C069,g2-standard-12,L4,1,spot,USD,0.178256,GPU Per Hour,0.178256,machine_inclusive,accelerator $0.0998/GPU-hr plus 12 vCPU and 48 GB RAM
2026-08-11T12:08:03+00:00,gcp,2026-08-11T07:00:00Z,europe-west9,DF41-1749-C069,g2-standard-16,L4,1,spot,USD,0.204408,GPU Per Hour,0.204408,machine_inclusive,accelerator $0.0998/GPU-hr plus 16 vCPU and 64 GB RAM
2026-08-11T12:08:03+00:00,gcp,2026-08-11T07:00:00Z,europe-west9,DF41-1749-C069,g2-standard-24,L4,2,spot,USD,0.356512,Machine Per Hour,0.178256,machine_inclusive,accelerator $0.0998/GPU-hr plus 24 vCPU and 96 GB RAM
2026-08-11T12:08:03+00:00,gcp,2026-08-11T07:00:00Z,europe-west9,DF41-1749-C069,g2-standard-32,L4,1,spot,USD,0.309016,GPU Per Hour,0.309016,machine_inclusive,accelerator $0.0998/GPU-hr plus 32 vCPU and 128 GB RAM
2026-08-11T12:08:03+00:00,gcp,2026-08-11T07:00:00Z,europe-west9,DF41-1749-C069,g2-standard-48,L4,4,spot,USD,0.713024,Machine Per Hour,0.178256,machine_inclusive,accelerator $0.0998/GPU-hr plus 48 vCPU and 192 GB RAM
2026-08-11T12:08:03+00:00,gcp,2026-08-11T07:00:00Z,europe-west9,DF41-1749-C069,g2-standard-96,L4,8,spot,USD,1.426048,Machine Per Hour,0.178256,machine_inclusive,accelerator $0.0998/GPU-hr plus 96 vCPU and 384 GB RAM
2026-08-11T12:08:03+00:00,gcp,2026-08-11T07:00:00Z,africa-south1,DF7B-A9A2-2710,a2-ultragpu-1g,A100,1,on_demand,USD,6.576235,GPU Per Hour,6.576235,machine_inclusive,accelerator $5.1379/GPU-hr plus 12 vCPU and 170 GB RAM
2026-08-11T12:08:03+00:00,gcp,2026-08-11T07:00:00Z,africa-south1,DF7B-A9A2-2710,a2-ultragpu-2g,A100,2,on_demand,USD,13.152469,Machine Per Hour,6.576235,machine_inclusive,accelerator $5.1379/GPU-hr plus 24 vCPU and 340 GB RAM
2026-08-11T12:08:03+00:00,gcp,2026-08-11T07:00:00Z,africa-south1,DF7B-A9A2-2710,a2-ultragpu-4g,A100,4,on_demand,USD,26.304938,Machine Per Hour,6.576235,machine_inclusive,accelerator $5.1379/GPU-hr plus 48 vCPU and 680 GB RAM
2026-08-11T12:08:03+00:00,gcp,2026-08-11T07:00:00Z,africa-south1,DF7B-A9A2-2710,a2-ultragpu-8g,A100,8,on_demand,USD,52.609877,Machine Per Hour,6.576235,machine_inclusive,accelerator $5.1379/GPU-hr plus 96 vCPU and 1360 GB RAM
2026-08-11T12:08:03+00:00,gcp,2026-08-11T07:00:00Z,europe-west3,DF9D-89ED-5229,a3-megagpu-8g,H100 Mega,8,on_demand,USD,109.436987,Machine Per Hour,13.679623,machine_inclusive,accelerator $12.2063/GPU-hr plus 208 vCPU and 1872 GB RAM
2026-08-11T12:08:03+00:00,gcp,2026-08-11T07:00:00Z,europe-west3,DFBF-A136-1A76,a2-highgpu-1g,A100,1,spot,USD,0.523235,GPU Per Hour,0.523235,machine_inclusive,accelerator $0.4097/GPU-hr plus 12 vCPU and 85 GB RAM
2026-08-11T12:08:03+00:00,gcp,2026-08-11T07:00:00Z,europe-west3,DFBF-A136-1A76,a2-highgpu-2g,A100,2,spot,USD,1.04647,Machine Per Hour,0.523235,machine_inclusive,accelerator $0.4097/GPU-hr plus 24 vCPU and 170 GB RAM
2026-08-11T12:08:03+00:00,gcp,2026-08-11T07:00:00Z,europe-west3,DFBF-A136-1A76,a2-highgpu-4g,A100,4,spot,USD,2.09294,Machine Per Hour,0.523235,machine_inclusive,accelerator $0.4097/GPU-hr plus 48 vCPU and 340 GB RAM
2026-08-11T12:08:03+00:00,gcp,2026-08-11T07:00:00Z,europe-west3,DFBF-A136-1A76,a2-highgpu-8g,A100,8,spot,USD,4.18588,Machine Per Hour,0.523235,machine_inclusive,accelerator $0.4097/GPU-hr plus 96 vCPU and 680 GB RAM
2026-08-11T12:08:03+00:00,gcp,2026-08-11T07:00:00Z,europe-west3,DFBF-A136-1A76,a2-megagpu-16g,A100,16,spot,USD,7.90616,Machine Per Hour,0.494135,machine_inclusive,accelerator $0.4097/GPU-hr plus 96 vCPU and 1360 GB RAM
2026-08-11T12:08:03+00:00,gcp,2026-08-11T07:00:00Z,us-west8,DFCB-7564-051C,a3-highgpu-8g,H100,8,on_demand,USD,87.832468,Machine Per Hour,10.979059,machine_inclusive,accelerator $9.7966/GPU-hr plus 208 vCPU and 1872 GB RAM
2026-08-11T12:08:03+00:00,gcp,2026-08-11T07:00:00Z,asia-northeast1,DFDB-0A4D-8CF6,a2-highgpu-1g,A100,1,3_year,USD,1.422898,GPU Per Hour,1.422898,machine_inclusive,accelerator $1.0911/GPU-hr plus 12 vCPU and 85 GB RAM
2026-08-11T12:08:03+00:00,gcp,2026-08-11T07:00:00Z,asia-northeast1,DFDB-0A4D-8CF6,a2-highgpu-2g,A100,2,3_year,USD,2.845796,Machine Per Hour,1.422898,machine_inclusive,accelerator $1.0911/GPU-hr plus 24 vCPU and 170 GB RAM
2026-08-11T12:08:03+00:00,gcp,2026-08-11T07:00:00Z,asia-northeast1,DFDB-0A4D-8CF6,a2-highgpu-4g,A100,4,3_year,USD,5.691591,Machine Per Hour,1.422898,machine_inclusive,accelerator $1.0911/GPU-hr plus 48 vCPU and 340 GB RAM
2026-08-11T12:08:03+00:00,gcp,2026-08-11T07:00:00Z,asia-northeast1,DFDB-0A4D-8CF6,a2-highgpu-8g,A100,8,3_year,USD,11.383182,Machine Per Hour,1.422898,machine_inclusive,accelerator $1.0911/GPU-hr plus 96 vCPU and 680 GB RAM
2026-08-11T12:08:03+00:00,gcp,2026-08-11T07:00:00Z,asia-northeast1,DFDB-0A4D-8CF6,a2-megagpu-16g,A100,16,3_year,USD,21.401592,Machine Per Hour,1.3376,machine_inclusive,accelerator $1.0911/GPU-hr plus 96 vCPU and 1360 GB RAM
2026-08-11T12:08:03+00:00,gcp,2026-08-11T07:00:00Z,us-east5,DFE9-A029-7336,g2-standard-4,L4,1,3_year,USD,0.358247,GPU Per Hour,0.358247,machine_inclusive,accelerator $0.2838/GPU-hr plus 4 vCPU and 16 GB RAM
2026-08-11T12:08:03+00:00,gcp,2026-08-11T07:00:00Z,us-east5,DFE9-A029-7336,g2-standard-8,L4,1,3_year,USD,0.432647,GPU Per Hour,0.432647,machine_inclusive,accelerator $0.2838/GPU-hr plus 8 vCPU and 32 GB RAM
2026-08-11T12:08:03+00:00,gcp,2026-08-11T07:00:00Z,us-east5,DFE9-A029-7336,g2-standard-12,L4,1,3_year,USD,0.507046,GPU Per Hour,0.507046,machine_inclusive,accelerator $0.2838/GPU-hr plus 12 vCPU and 48 GB RAM
2026-08-11T12:08:03+00:00,gcp,2026-08-11T07:00:00Z,us-east5,DFE9-A029-7336,g2-standard-16,L4,1,3_year,USD,0.581445,GPU Per Hour,0.581445,machine_inclusive,accelerator $0.2838/GPU-hr plus 16 vCPU and 64 GB RAM
2026-08-11T12:08:03+00:00,gcp,2026-08-11T07:00:00Z,us-east5,DFE9-A029-7336,g2-standard-24,L4,2,3_year,USD,1.014092,Machine Per Hour,0.507046,machine_inclusive,accelerator $0.2838/GPU-hr plus 24 vCPU and 96 GB RAM
2026-08-11T12:08:03+00:00,gcp,2026-08-11T07:00:00Z,us-east5,DFE9-A029-7336,g2-standard-32,L4,1,3_year,USD,0.879043,GPU Per Hour,0.879043,machine_inclusive,accelerator $0.2838/GPU-hr plus 32 vCPU and 128 GB RAM
2026-08-11T12:08:03+00:00,gcp,2026-08-11T07:00:00Z,us-east5,DFE9-A029-7336,g2-standard-48,L4,4,3_year,USD,2.028184,Machine Per Hour,0.507046,machine_inclusive,accelerator $0.2838/GPU-hr plus 48 vCPU and 192 GB RAM
2026-08-11T12:08:03+00:00,gcp,2026-08-11T07:00:00Z,us-east5,DFE9-A029-7336,g2-standard-96,L4,8,3_year,USD,4.056368,Machine Per Hour,0.507046,machine_inclusive,accelerator $0.2838/GPU-hr plus 96 vCPU and 384 GB RAM
2026-08-11T12:08:03+00:00,gcp,2026-08-11T07:00:00Z,europe-central2,DFFD-3967-EA73,g2-standard-4,L4,1,on_demand,USD,0.899165,GPU Per Hour,0.899165,machine_inclusive,accelerator $0.7216/GPU-hr plus 4 vCPU and 16 GB RAM
2026-08-11T12:08:03+00:00,gcp,2026-08-11T07:00:00Z,europe-central2,DFFD-3967-EA73,g2-standard-8,L4,1,on_demand,USD,1.076774,GPU Per Hour,1.076774,machine_inclusive,accelerator $0.7216/GPU-hr plus 8 vCPU and 32 GB RAM
2026-08-11T12:08:03+00:00,gcp,2026-08-11T07:00:00Z,europe-central2,DFFD-3967-EA73,g2-standard-12,L4,1,on_demand,USD,1.254383,GPU Per Hour,1.254383,machine_inclusive,accelerator $0.7216/GPU-hr plus 12 vCPU and 48 GB RAM
2026-08-11T12:08:03+00:00,gcp,2026-08-11T07:00:00Z,europe-central2,DFFD-3967-EA73,g2-standard-16,L4,1,on_demand,USD,1.431992,GPU Per Hour,1.431992,machine_inclusive,accelerator $0.7216/GPU-hr plus 16 vCPU and 64 GB RAM
2026-08-11T12:08:03+00:00,gcp,2026-08-11T07:00:00Z,europe-central2,DFFD-3967-EA73,g2-standard-24,L4,2,on_demand,USD,2.508766,Machine Per Hour,1.254383,machine_inclusive,accelerator $0.7216/GPU-hr plus 24 vCPU and 96 GB RAM
2026-08-11T12:08:03+00:00,gcp,2026-08-11T07:00:00Z,europe-central2,DFFD-3967-EA73,g2-standard-32,L4,1,on_demand,USD,2.142428,GPU Per Hour,2.142428,machine_inclusive,accelerator $0.7216/GPU-hr plus 32 vCPU and 128 GB RAM
2026-08-11T12:08:03+00:00,gcp,2026-08-11T07:00:00Z,europe-central2,DFFD-3967-EA73,g2-standard-48,L4,4,on_demand,USD,5.017532,Machine Per Hour,1.254383,machine_inclusive,accelerator $0.7216/GPU-hr plus 48 vCPU and 192 GB RAM
2026-08-11T12:08:03+00:00,gcp,2026-08-11T07:00:00Z,europe-central2,DFFD-3967-EA73,g2-standard-96,L4,8,on_demand,USD,10.035063,Machine Per Hour,1.254383,machine_inclusive,accelerator $0.7216/GPU-hr plus 96 vCPU and 384 GB RAM
2026-08-11T12:08:03+00:00,gcp,2026-08-11T07:00:00Z,europe-west6,E003-4ABB-B438,a2-highgpu-1g,A100,1,spot,USD,0.43295,GPU Per Hour,0.43295,machine_inclusive,accelerator $0.3398/GPU-hr plus 12 vCPU and 85 GB RAM
2026-08-11T12:08:03+00:00,gcp,2026-08-11T07:00:00Z,europe-west6,E003-4ABB-B438,a2-highgpu-2g,A100,2,spot,USD,0.8659,Machine Per Hour,0.43295,machine_inclusive,accelerator $0.3398/GPU-hr plus 24 vCPU and 170 GB RAM
2026-08-11T12:08:03+00:00,gcp,2026-08-11T07:00:00Z,europe-west6,E003-4ABB-B438,a2-highgpu-4g,A100,4,spot,USD,1.7318,Machine Per Hour,0.43295,machine_inclusive,accelerator $0.3398/GPU-hr plus 48 vCPU and 340 GB RAM
2026-08-11T12:08:03+00:00,gcp,2026-08-11T07:00:00Z,europe-west6,E003-4ABB-B438,a2-highgpu-8g,A100,8,spot,USD,3.4636,Machine Per Hour,0.43295,machine_inclusive,accelerator $0.3398/GPU-hr plus 96 vCPU and 680 GB RAM
2026-08-11T12:08:03+00:00,gcp,2026-08-11T07:00:00Z,europe-west6,E003-4ABB-B438,a2-megagpu-16g,A100,16,spot,USD,6.54512,Machine Per Hour,0.40907,machine_inclusive,accelerator $0.3398/GPU-hr plus 96 vCPU and 1360 GB RAM
2026-08-11T12:08:03+00:00,gcp,2026-08-11T07:00:00Z,africa-south1,E009-764E-F743,a2-ultragpu-1g,A100,1,1_year,USD,5.459331,GPU Per Hour,5.459331,machine_inclusive,accelerator $4.5533/GPU-hr plus 12 vCPU and 170 GB RAM
2026-08-11T12:08:03+00:00,gcp,2026-08-11T07:00:00Z,africa-south1,E009-764E-F743,a2-ultragpu-2g,A100,2,1_year,USD,10.918661,Machine Per Hour,5.459331,machine_inclusive,accelerator $4.5533/GPU-hr plus 24 vCPU and 340 GB RAM
2026-08-11T12:08:03+00:00,gcp,2026-08-11T07:00:00Z,africa-south1,E009-764E-F743,a2-ultragpu-4g,A100,4,1_year,USD,21.837323,Machine Per Hour,5.459331,machine_inclusive,accelerator $4.5533/GPU-hr plus 48 vCPU and 680 GB RAM
2026-08-11T12:08:03+00:00,gcp,2026-08-11T07:00:00Z,africa-south1,E009-764E-F743,a2-ultragpu-8g,A100,8,1_year,USD,43.674645,Machine Per Hour,5.459331,machine_inclusive,accelerator $4.5533/GPU-hr plus 96 vCPU and 1360 GB RAM
2026-08-11T12:08:03+00:00,gcp,2026-08-11T07:00:00Z,northamerica-northeast1,E01D-515F-D68D,a2-highgpu-1g,A100,1,on_demand,USD,3.915624,GPU Per Hour,3.915624,machine_inclusive,accelerator $3.1016/GPU-hr plus 12 vCPU and 85 GB RAM
2026-08-11T12:08:03+00:00,gcp,2026-08-11T07:00:00Z,northamerica-northeast1,E01D-515F-D68D,a2-highgpu-2g,A100,2,on_demand,USD,7.831248,Machine Per Hour,3.915624,machine_inclusive,accelerator $3.1016/GPU-hr plus 24 vCPU and 170 GB RAM
2026-08-11T12:08:03+00:00,gcp,2026-08-11T07:00:00Z,northamerica-northeast1,E01D-515F-D68D,a2-highgpu-4g,A100,4,on_demand,USD,15.662496,Machine Per Hour,3.915624,machine_inclusive,accelerator $3.1016/GPU-hr plus 48 vCPU and 340 GB RAM
2026-08-11T12:08:03+00:00,gcp,2026-08-11T07:00:00Z,northamerica-northeast1,E01D-515F-D68D,a2-highgpu-8g,A100,8,on_demand,USD,31.324991,Machine Per Hour,3.915624,machine_inclusive,accelerator $3.1016/GPU-hr plus 96 vCPU and 680 GB RAM
2026-08-11T12:08:03+00:00,gcp,2026-08-11T07:00:00Z,northamerica-northeast1,E01D-515F-D68D,a2-megagpu-16g,A100,16,on_demand,USD,59.308991,Machine Per Hour,3.706812,machine_inclusive,accelerator $3.1016/GPU-hr plus 96 vCPU and 1360 GB RAM
2026-08-11T12:08:03+00:00,gcp,2026-08-11T07:00:00Z,asia-northeast1,E075-7114-FE0B,1/8 vGPU no lssd,,,on_demand,USD,0.84094,GPU Per Hour,,,accelerator not in the lookup table -- add it to gcp.py
2026-08-11T12:08:03+00:00,gcp,2026-08-11T07:00:00Z,us-east7,E0EF-0307-7B95,1/8 vGPU,,,1_year,USD,0.44634,GPU Per Hour,,,accelerator not in the lookup table -- add it to gcp.py
2026-08-11T12:08:03+00:00,gcp,2026-08-11T07:00:00Z,europe-west1,E144-E049-7C2D,1/8 vGPU,,,3_year,USD,0.31309,GPU Per Hour,,,accelerator not in the lookup table -- add it to gcp.py
2026-08-11T12:08:03+00:00,gcp,2026-08-11T07:00:00Z,asia-northeast1,E166-C34C-2AF7,a3-highgpu-8g,H100,8,on_demand,USD,125.788596,Machine Per Hour,15.723575,machine_inclusive,accelerator $14.2050/GPU-hr plus 208 vCPU and 1872 GB RAM
2026-08-11T12:08:03+00:00,gcp,2026-08-11T07:00:00Z,us-east4,E173-7A2C-3BE9,a2-ultragpu-1g,A100,1,1_year,USD,4.700844,GPU Per Hour,4.700844,machine_inclusive,accelerator $3.9208/GPU-hr plus 12 vCPU and 170 GB RAM
2026-08-11T12:08:03+00:00,gcp,2026-08-11T07:00:00Z,us-east4,E173-7A2C-3BE9,a2-ultragpu-2g,A100,2,1_year,USD,9.401689,Machine Per Hour,4.700844,machine_inclusive,accelerator $3.9208/GPU-hr plus 24 vCPU and 340 GB RAM
2026-08-11T12:08:03+00:00,gcp,2026-08-11T07:00:00Z,us-east4,E173-7A2C-3BE9,a2-ultragpu-4g,A100,4,1_year,USD,18.803378,Machine Per Hour,4.700844,machine_inclusive,accelerator $3.9208/GPU-hr plus 48 vCPU and 680 GB RAM
2026-08-11T12:08:03+00:00,gcp,2026-08-11T07:00:00Z,us-east4,E173-7A2C-3BE9,a2-ultragpu-8g,A100,8,1_year,USD,37.606755,Machine Per Hour,4.700844,machine_inclusive,accelerator $3.9208/GPU-hr plus 96 vCPU and 1360 GB RAM
2026-08-11T12:08:03+00:00,gcp,2026-08-11T07:00:00Z,us-west3,E1C5-B83A-8623,Nvidia Tesla P4 GPU,P4,1,3_year,USD,0.324,GPU Per Hour,0.324,accelerator_only,"bare accelerator price; Google bills vCPU and RAM separately, so this is NOT comparable to Oracle or Azure"
2026-08-11T12:08:03+00:00,gcp,2026-08-11T07:00:00Z,europe-west3,E21F-ACA9-BD4E,a2-ultragpu-1g,A100,1,on_demand,USD,6.477558,GPU Per Hour,6.477558,machine_inclusive,accelerator $5.0609/GPU-hr plus 12 vCPU and 170 GB RAM
2026-08-11T12:08:03+00:00,gcp,2026-08-11T07:00:00Z,europe-west3,E21F-ACA9-BD4E,a2-ultragpu-2g,A100,2,on_demand,USD,12.955116,Machine Per Hour,6.477558,machine_inclusive,accelerator $5.0609/GPU-hr plus 24 vCPU and 340 GB RAM
2026-08-11T12:08:03+00:00,gcp,2026-08-11T07:00:00Z,europe-west3,E21F-ACA9-BD4E,a2-ultragpu-4g,A100,4,on_demand,USD,25.910232,Machine Per Hour,6.477558,machine_inclusive,accelerator $5.0609/GPU-hr plus 48 vCPU and 680 GB RAM
2026-08-11T12:08:03+00:00,gcp,2026-08-11T07:00:00Z,europe-west3,E21F-ACA9-BD4E,a2-ultragpu-8g,A100,8,on_demand,USD,51.820464,Machine Per Hour,6.477558,machine_inclusive,accelerator $5.0609/GPU-hr plus 96 vCPU and 1360 GB RAM
2026-08-11T12:08:03+00:00,gcp,2026-08-11T07:00:00Z,europe-west9,E231-9E66-33ED,Nvidia Tesla T4 GPU,T4,1,spot,USD,0.0383,GPU Per Hour,0.0383,accelerator_only,"bare accelerator price; Google bills vCPU and RAM separately, so this is NOT comparable to Oracle or Azure"
2026-08-11T12:08:03+00:00,gcp,2026-08-11T07:00:00Z,europe-west9,E232-2D99-060E,Nvidia Tesla V100 GPU,V100,1,1_year,USD,1.81192,GPU Per Hour,1.81192,accelerator_only,"bare accelerator price; Google bills vCPU and RAM separately, so this is NOT comparable to Oracle or Azure"
2026-08-11T12:08:03+00:00,gcp,2026-08-11T07:00:00Z,us-west8,E2B2-354C-ACD8,RTX 6000 96GB,RTX PRO 6000,1,3_year,USD,0.48209,GPU Per Hour,0.48209,accelerator_only,"bare accelerator price; Google bills vCPU and RAM separately, so this is NOT comparable to Oracle or Azure"
2026-08-11T12:08:03+00:00,gcp,2026-08-11T07:00:00Z,europe-west8,E2C2-3F29-7FC4,a2-highgpu-1g,A100,1,3_year,USD,1.491422,GPU Per Hour,1.491422,machine_inclusive,accelerator $1.1912/GPU-hr plus 12 vCPU and 85 GB RAM
2026-08-11T12:08:03+00:00,gcp,2026-08-11T07:00:00Z,europe-west8,E2C2-3F29-7FC4,a2-highgpu-2g,A100,2,3_year,USD,2.982844,Machine Per Hour,1.491422,machine_inclusive,accelerator $1.1912/GPU-hr plus 24 vCPU and 170 GB RAM
2026-08-11T12:08:03+00:00,gcp,2026-08-11T07:00:00Z,europe-west8,E2C2-3F29-7FC4,a2-highgpu-4g,A100,4,3_year,USD,5.965688,Machine Per Hour,1.491422,machine_inclusive,accelerator $1.1912/GPU-hr plus 48 vCPU and 340 GB RAM
2026-08-11T12:08:03+00:00,gcp,2026-08-11T07:00:00Z,europe-west8,E2C2-3F29-7FC4,a2-highgpu-8g,A100,8,3_year,USD,11.931376,Machine Per Hour,1.491422,machine_inclusive,accelerator $1.1912/GPU-hr plus 96 vCPU and 680 GB RAM
2026-08-11T12:08:03+00:00,gcp,2026-08-11T07:00:00Z,europe-west8,E2C2-3F29-7FC4,a2-megagpu-16g,A100,16,3_year,USD,22.630678,Machine Per Hour,1.414417,machine_inclusive,accelerator $1.1912/GPU-hr plus 96 vCPU and 1360 GB RAM
2026-08-11T12:08:03+00:00,gcp,2026-08-11T07:00:00Z,europe-west4,E334-1D02-A308,Nvidia Tesla V100 GPU,V100,1,spot,USD,0.961,GPU Per Hour,0.961,accelerator_only,"bare accelerator price; Google bills vCPU and RAM separately, so this is NOT comparable to Oracle or Azure"
2026-08-11T12:08:03+00:00,gcp,2026-08-11T07:00:00Z,europe-west1,E356-365D-97F8,Nvidia Tesla T4 GPU,T4,1,3_year,USD,0.16,GPU Per Hour,0.16,accelerator_only,"bare accelerator price; Google bills vCPU and RAM separately, so this is NOT comparable to Oracle or Azure"
2026-08-11T12:08:03+00:00,gcp,2026-08-11T07:00:00Z,europe-west10,E385-EAA2-F58C,a2-ultragpu-1g,A100,1,spot,USD,2.33453,GPU Per Hour,2.33453,machine_inclusive,accelerator $2.0746/GPU-hr plus 12 vCPU and 170 GB RAM
2026-08-11T12:08:03+00:00,gcp,2026-08-11T07:00:00Z,europe-west10,E385-EAA2-F58C,a2-ultragpu-2g,A100,2,spot,USD,4.66906,Machine Per Hour,2.33453,machine_inclusive,accelerator $2.0746/GPU-hr plus 24 vCPU and 340 GB RAM
2026-08-11T12:08:03+00:00,gcp,2026-08-11T07:00:00Z,europe-west10,E385-EAA2-F58C,a2-ultragpu-4g,A100,4,spot,USD,9.33812,Machine Per Hour,2.33453,machine_inclusive,accelerator $2.0746/GPU-hr plus 48 vCPU and 680 GB RAM
2026-08-11T12:08:03+00:00,gcp,2026-08-11T07:00:00Z,europe-west10,E385-EAA2-F58C,a2-ultragpu-8g,A100,8,spot,USD,18.67624,Machine Per Hour,2.33453,machine_inclusive,accelerator $2.0746/GPU-hr plus 96 vCPU and 1360 GB RAM
2026-08-11T12:08:03+00:00,gcp,2026-08-11T07:00:00Z,us-west8,E3C3-8472-8C9A,g2-standard-4,L4,1,on_demand,USD,0.706832,GPU Per Hour,0.706832,machine_inclusive,accelerator $0.5600/GPU-hr plus 4 vCPU and 16 GB RAM
2026-08-11T12:08:03+00:00,gcp,2026-08-11T07:00:00Z,us-west8,E3C3-8472-8C9A,g2-standard-8,L4,1,on_demand,USD,0.853624,GPU Per Hour,0.853624,machine_inclusive,accelerator $0.5600/GPU-hr plus 8 vCPU and 32 GB RAM
2026-08-11T12:08:03+00:00,gcp,2026-08-11T07:00:00Z,us-west8,E3C3-8472-8C9A,g2-standard-12,L4,1,on_demand,USD,1.000416,GPU Per Hour,1.000416,machine_inclusive,accelerator $0.5600/GPU-hr plus 12 vCPU and 48 GB RAM
2026-08-11T12:08:03+00:00,gcp,2026-08-11T07:00:00Z,us-west8,E3C3-8472-8C9A,g2-standard-16,L4,1,on_demand,USD,1.147208,GPU Per Hour,1.147208,machine_inclusive,accelerator $0.5600/GPU-hr plus 16 vCPU and 64 GB RAM
2026-08-11T12:08:03+00:00,gcp,2026-08-11T07:00:00Z,us-west8,E3C3-8472-8C9A,g2-standard-24,L4,2,on_demand,USD,2.000833,Machine Per Hour,1.000416,machine_inclusive,accelerator $0.5600/GPU-hr plus 24 vCPU and 96 GB RAM
2026-08-11T12:08:03+00:00,gcp,2026-08-11T07:00:00Z,us-west8,E3C3-8472-8C9A,g2-standard-32,L4,1,on_demand,USD,1.734376,GPU Per Hour,1.734376,machine_inclusive,accelerator $0.5600/GPU-hr plus 32 vCPU and 128 GB RAM
2026-08-11T12:08:03+00:00,gcp,2026-08-11T07:00:00Z,us-west8,E3C3-8472-8C9A,g2-standard-48,L4,4,on_demand,USD,4.001665,Machine Per Hour,1.000416,machine_inclusive,accelerator $0.5600/GPU-hr plus 48 vCPU and 192 GB RAM
2026-08-11T12:08:03+00:00,gcp,2026-08-11T07:00:00Z,us-west8,E3C3-8472-8C9A,g2-standard-96,L4,8,on_demand,USD,8.00333,Machine Per Hour,1.000416,machine_inclusive,accelerator $0.5600/GPU-hr plus 96 vCPU and 384 GB RAM
2026-08-11T12:08:03+00:00,gcp,2026-08-11T07:00:00Z,africa-south1,E3D6-FA03-86DE,Nvidia Tesla P100 GPU,P100,1,1_year,USD,1.202052,GPU Per Hour,1.202052,accelerator_only,"bare accelerator price; Google bills vCPU and RAM separately, so this is NOT comparable to Oracle or Azure"
2026-08-11T12:08:03+00:00,gcp,2026-08-11T07:00:00Z,europe-west4,E3F0-571B-0753,Nvidia Tesla T4 GPU,T4,1,on_demand,USD,0.35,GPU Per Hour,0.35,accelerator_only,"bare accelerator price; Google bills vCPU and RAM separately, so this is NOT comparable to Oracle or Azure"
2026-08-11T12:08:03+00:00,gcp,2026-08-11T07:00:00Z,europe-west2,E3F4-8DA0-D2AD,a2-highgpu-1g,A100,1,3_year,USD,1.48872,GPU Per Hour,1.48872,machine_inclusive,accelerator $1.1552/GPU-hr plus 12 vCPU and 85 GB RAM
2026-08-11T12:08:03+00:00,gcp,2026-08-11T07:00:00Z,europe-west2,E3F4-8DA0-D2AD,a2-highgpu-2g,A100,2,3_year,USD,2.97744,Machine Per Hour,1.48872,machine_inclusive,accelerator $1.1552/GPU-hr plus 24 vCPU and 170 GB RAM
2026-08-11T12:08:03+00:00,gcp,2026-08-11T07:00:00Z,europe-west2,E3F4-8DA0-D2AD,a2-highgpu-4g,A100,4,3_year,USD,5.95488,Machine Per Hour,1.48872,machine_inclusive,accelerator $1.1552/GPU-hr plus 48 vCPU and 340 GB RAM
2026-08-11T12:08:03+00:00,gcp,2026-08-11T07:00:00Z,europe-west2,E3F4-8DA0-D2AD,a2-highgpu-8g,A100,8,3_year,USD,11.909761,Machine Per Hour,1.48872,machine_inclusive,accelerator $1.1552/GPU-hr plus 96 vCPU and 680 GB RAM
2026-08-11T12:08:03+00:00,gcp,2026-08-11T07:00:00Z,europe-west2,E3F4-8DA0-D2AD,a2-megagpu-16g,A100,16,3_year,USD,22.450986,Machine Per Hour,1.403187,machine_inclusive,accelerator $1.1552/GPU-hr plus 96 vCPU and 1360 GB RAM
2026-08-11T12:08:03+00:00,gcp,2026-08-11T07:00:00Z,us-east4,E4C7-A7C0-6316,g2-standard-4,L4,1,1_year,USD,0.443846,GPU Per Hour,0.443846,machine_inclusive,accelerator $0.3517/GPU-hr plus 4 vCPU and 16 GB RAM
2026-08-11T12:08:03+00:00,gcp,2026-08-11T07:00:00Z,us-east4,E4C7-A7C0-6316,g2-standard-8,L4,1,1_year,USD,0.536022,GPU Per Hour,0.536022,machine_inclusive,accelerator $0.3517/GPU-hr plus 8 vCPU and 32 GB RAM
2026-08-11T12:08:03+00:00,gcp,2026-08-11T07:00:00Z,us-east4,E4C7-A7C0-6316,g2-standard-12,L4,1,1_year,USD,0.628199,GPU Per Hour,0.628199,machine_inclusive,accelerator $0.3517/GPU-hr plus 12 vCPU and 48 GB RAM
2026-08-11T12:08:03+00:00,gcp,2026-08-11T07:00:00Z,us-east4,E4C7-A7C0-6316,g2-standard-16,L4,1,1_year,USD,0.720375,GPU Per Hour,0.720375,machine_inclusive,accelerator $0.3517/GPU-hr plus 16 vCPU and 64 GB RAM
2026-08-11T12:08:03+00:00,gcp,2026-08-11T07:00:00Z,us-east4,E4C7-A7C0-6316,g2-standard-24,L4,2,1_year,USD,1.256397,Machine Per Hour,0.628199,machine_inclusive,accelerator $0.3517/GPU-hr plus 24 vCPU and 96 GB RAM
2026-08-11T12:08:03+00:00,gcp,2026-08-11T07:00:00Z,us-east4,E4C7-A7C0-6316,g2-standard-32,L4,1,1_year,USD,1.089079,GPU Per Hour,1.089079,machine_inclusive,accelerator $0.3517/GPU-hr plus 32 vCPU and 128 GB RAM
2026-08-11T12:08:03+00:00,gcp,2026-08-11T07:00:00Z,us-east4,E4C7-A7C0-6316,g2-standard-48,L4,4,1_year,USD,2.512794,Machine Per Hour,0.628199,machine_inclusive,accelerator $0.3517/GPU-hr plus 48 vCPU and 192 GB RAM
2026-08-11T12:08:03+00:00,gcp,2026-08-11T07:00:00Z,us-east4,E4C7-A7C0-6316,g2-standard-96,L4,8,1_year,USD,5.025589,Machine Per Hour,0.628199,machine_inclusive,accelerator $0.3517/GPU-hr plus 96 vCPU and 384 GB RAM
2026-08-11T12:08:03+00:00,gcp,2026-08-11T07:00:00Z,me-west1,E4EF-1557-B908,a3-highgpu-8g,H100,8,1_year,USD,67.066365,Machine Per Hour,8.383296,machine_inclusive,accelerator $7.4787/GPU-hr plus 208 vCPU and 1872 GB RAM
2026-08-11T12:08:03+00:00,gcp,2026-08-11T07:00:00Z,asia-northeast2,E526-ADF5-9764,Nvidia Tesla T4 GPU,T4,1,1_year,USD,0.23,GPU Per Hour,0.23,accelerator_only,"bare accelerator price; Google bills vCPU and RAM separately, so this is NOT comparable to Oracle or Azure"
2026-08-11T12:08:03+00:00,gcp,2026-08-11T07:00:00Z,us-east4,E548-B46D-71CD,g2-standard-4,L4,1,spot,USD,0.34166,GPU Per Hour,0.34166,machine_inclusive,accelerator $0.2707/GPU-hr plus 4 vCPU and 16 GB RAM
2026-08-11T12:08:03+00:00,gcp,2026-08-11T07:00:00Z,us-east4,E548-B46D-71CD,g2-standard-8,L4,1,spot,USD,0.41262,GPU Per Hour,0.41262,machine_inclusive,accelerator $0.2707/GPU-hr plus 8 vCPU and 32 GB RAM
2026-08-11T12:08:03+00:00,gcp,2026-08-11T07:00:00Z,us-east4,E548-B46D-71CD,g2-standard-12,L4,1,spot,USD,0.48358,GPU Per Hour,0.48358,machine_inclusive,accelerator $0.2707/GPU-hr plus 12 vCPU and 48 GB RAM
2026-08-11T12:08:03+00:00,gcp,2026-08-11T07:00:00Z,us-east4,E548-B46D-71CD,g2-standard-16,L4,1,spot,USD,0.55454,GPU Per Hour,0.55454,machine_inclusive,accelerator $0.2707/GPU-hr plus 16 vCPU and 64 GB RAM
2026-08-11T12:08:03+00:00,gcp,2026-08-11T07:00:00Z,us-east4,E548-B46D-71CD,g2-standard-24,L4,2,spot,USD,0.96716,Machine Per Hour,0.48358,machine_inclusive,accelerator $0.2707/GPU-hr plus 24 vCPU and 96 GB RAM
2026-08-11T12:08:03+00:00,gcp,2026-08-11T07:00:00Z,us-east4,E548-B46D-71CD,g2-standard-32,L4,1,spot,USD,0.83838,GPU Per Hour,0.83838,machine_inclusive,accelerator $0.2707/GPU-hr plus 32 vCPU and 128 GB RAM
2026-08-11T12:08:03+00:00,gcp,2026-08-11T07:00:00Z,us-east4,E548-B46D-71CD,g2-standard-48,L4,4,spot,USD,1.93432,Machine Per Hour,0.48358,machine_inclusive,accelerator $0.2707/GPU-hr plus 48 vCPU and 192 GB RAM
2026-08-11T12:08:03+00:00,gcp,2026-08-11T07:00:00Z,us-east4,E548-B46D-71CD,g2-standard-96,L4,8,spot,USD,3.86864,Machine Per Hour,0.48358,machine_inclusive,accelerator $0.2707/GPU-hr plus 96 vCPU and 384 GB RAM
2026-08-11T12:08:03+00:00,gcp,2026-08-11T07:00:00Z,europe-southwest1,E56D-AE2F-64C3,Nvidia Tesla P4 GPU,P4,1,3_year,USD,0.3186,GPU Per Hour,0.3186,accelerator_only,"bare accelerator price; Google bills vCPU and RAM separately, so this is NOT comparable to Oracle or Azure"
2026-08-11T12:08:03+00:00,gcp,2026-08-11T07:00:00Z,europe-west12,E58C-25E0-0FEC,Nvidia Tesla P100 GPU,P100,1,1_year,USD,1.18551,GPU Per Hour,1.18551,accelerator_only,"bare accelerator price; Google bills vCPU and RAM separately, so this is NOT comparable to Oracle or Azure"
2026-08-11T12:08:03+00:00,gcp,2026-08-11T07:00:00Z,asia-south1,E58E-62EB-3958,A4 Nvidia B200 (1 gpu slice),B200,1,spot,USD,2.4091,GPU Per Hour,2.4091,machine_inclusive,Google publishes no separate A4 vCPU/RAM SKUs -- the per-slice price already covers the whole machine
2026-08-11T12:08:03+00:00,gcp,2026-08-11T07:00:00Z,europe-north1,E598-9726-3E7A,a2-ultragpu-1g,A100,1,3_year,USD,3.833402,GPU Per Hour,3.833402,machine_inclusive,accelerator $3.4097/GPU-hr plus 12 vCPU and 170 GB RAM
2026-08-11T12:08:03+00:00,gcp,2026-08-11T07:00:00Z,europe-north1,E598-9726-3E7A,a2-ultragpu-2g,A100,2,3_year,USD,7.666804,Machine Per Hour,3.833402,machine_inclusive,accelerator $3.4097/GPU-hr plus 24 vCPU and 340 GB RAM
2026-08-11T12:08:03+00:00,gcp,2026-08-11T07:00:00Z,europe-north1,E598-9726-3E7A,a2-ultragpu-4g,A100,4,3_year,USD,15.333608,Machine Per Hour,3.833402,machine_inclusive,accelerator $3.4097/GPU-hr plus 48 vCPU and 680 GB RAM
2026-08-11T12:08:03+00:00,gcp,2026-08-11T07:00:00Z,europe-north1,E598-9726-3E7A,a2-ultragpu-8g,A100,8,3_year,USD,30.667216,Machine Per Hour,3.833402,machine_inclusive,accelerator $3.4097/GPU-hr plus 96 vCPU and 1360 GB RAM
2026-08-11T12:08:03+00:00,gcp,2026-08-11T07:00:00Z,us-south1,E60A-8961-24B4,Nvidia Tesla P4 GPU,P4,1,on_demand,USD,0.708,GPU Per Hour,0.708,accelerator_only,"bare accelerator price; Google bills vCPU and RAM separately, so this is NOT comparable to Oracle or Azure"
2026-08-11T12:08:03+00:00,gcp,2026-08-11T07:00:00Z,europe-west10,E698-784D-8CF8,Nvidia Tesla P4 GPU,P4,1,1_year,USD,0.58212,GPU Per Hour,0.58212,accelerator_only,"bare accelerator price; Google bills vCPU and RAM separately, so this is NOT comparable to Oracle or Azure"
2026-08-11T12:08:03+00:00,gcp,2026-08-11T07:00:00Z,europe-west8,E6F7-1DDE-D484,a2-highgpu-1g,A100,1,spot,USD,0.38347,GPU Per Hour,0.38347,machine_inclusive,accelerator $0.3063/GPU-hr plus 12 vCPU and 85 GB RAM
2026-08-11T12:08:03+00:00,gcp,2026-08-11T07:00:00Z,europe-west8,E6F7-1DDE-D484,a2-highgpu-2g,A100,2,spot,USD,0.76694,Machine Per Hour,0.38347,machine_inclusive,accelerator $0.3063/GPU-hr plus 24 vCPU and 170 GB RAM
2026-08-11T12:08:03+00:00,gcp,2026-08-11T07:00:00Z,europe-west8,E6F7-1DDE-D484,a2-highgpu-4g,A100,4,spot,USD,1.53388,Machine Per Hour,0.38347,machine_inclusive,accelerator $0.3063/GPU-hr plus 48 vCPU and 340 GB RAM
2026-08-11T12:08:03+00:00,gcp,2026-08-11T07:00:00Z,europe-west8,E6F7-1DDE-D484,a2-highgpu-8g,A100,8,spot,USD,3.06776,Machine Per Hour,0.38347,machine_inclusive,accelerator $0.3063/GPU-hr plus 96 vCPU and 680 GB RAM
2026-08-11T12:08:03+00:00,gcp,2026-08-11T07:00:00Z,europe-west8,E6F7-1DDE-D484,a2-megagpu-16g,A100,16,spot,USD,5.81872,Machine Per Hour,0.36367,machine_inclusive,accelerator $0.3063/GPU-hr plus 96 vCPU and 1360 GB RAM
2026-08-11T12:08:03+00:00,gcp,2026-08-11T07:00:00Z,us-south1,E74D-0349-4978,a2-ultragpu-1g,A100,1,1_year,USD,4.925084,GPU Per Hour,4.925084,machine_inclusive,accelerator $4.1077/GPU-hr plus 12 vCPU and 170 GB RAM
2026-08-11T12:08:03+00:00,gcp,2026-08-11T07:00:00Z,us-south1,E74D-0349-4978,a2-ultragpu-2g,A100,2,1_year,USD,9.850168,Machine Per Hour,4.925084,machine_inclusive,accelerator $4.1077/GPU-hr plus 24 vCPU and 340 GB RAM
2026-08-11T12:08:03+00:00,gcp,2026-08-11T07:00:00Z,us-south1,E74D-0349-4978,a2-ultragpu-4g,A100,4,1_year,USD,19.700335,Machine Per Hour,4.925084,machine_inclusive,accelerator $4.1077/GPU-hr plus 48 vCPU and 680 GB RAM
2026-08-11T12:08:03+00:00,gcp,2026-08-11T07:00:00Z,us-south1,E74D-0349-4978,a2-ultragpu-8g,A100,8,1_year,USD,39.40067,Machine Per Hour,4.925084,machine_inclusive,accelerator $4.1077/GPU-hr plus 96 vCPU and 1360 GB RAM
2026-08-11T12:08:03+00:00,gcp,2026-08-11T07:00:00Z,europe-west6,E768-49C1-5112,a3-highgpu-8g,H100,8,spot,USD,11.155424,Machine Per Hour,1.394428,machine_inclusive,accelerator $1.2442/GPU-hr plus 208 vCPU and 1872 GB RAM
2026-08-11T12:08:03+00:00,gcp,2026-08-11T07:00:00Z,asia-south1,E7F7-796D-E9BA,1/8 vGPU,,,1_year,USD,0.58024,GPU Per Hour,,,accelerator not in the lookup table -- add it to gcp.py
2026-08-11T12:08:03+00:00,gcp,2026-08-11T07:00:00Z,asia-south1,E7F7-C670-3A98,a3-ultragpu-8g,H200,8,on_demand,USD,100.19568,Machine Per Hour,12.52446,machine_inclusive,accelerator $11.1741/GPU-hr plus 224 vCPU and 2952 GB RAM
2026-08-11T12:08:03+00:00,gcp,2026-08-11T07:00:00Z,europe-west2,E806-F574-3CCD,a3-highgpu-8g,H100,8,1_year,USD,69.505147,Machine Per Hour,8.688143,machine_inclusive,accelerator $7.7506/GPU-hr plus 208 vCPU and 1872 GB RAM
2026-08-11T12:08:03+00:00,gcp,2026-08-11T07:00:00Z,us-east5,E833-AA09-1360,Nvidia Tesla V100 GPU,V100,1,spot,USD,0.2232,GPU Per Hour,0.2232,accelerator_only,"bare accelerator price; Google bills vCPU and RAM separately, so this is NOT comparable to Oracle or Azure"
2026-08-11T12:08:03+00:00,gcp,2026-08-11T07:00:00Z,asia-northeast1,E83B-11E2-ACD0,a3-highgpu-8g,H100,8,spot,USD,25.33352,Machine Per Hour,3.16669,machine_inclusive,accelerator $2.8608/GPU-hr plus 208 vCPU and 1872 GB RAM
2026-08-11T12:08:03+00:00,gcp,2026-08-11T07:00:00Z,australia-southeast1,E840-2E7B-58EE,a2-ultragpu-1g,A100,1,1_year,USD,5.924225,GPU Per Hour,5.924225,machine_inclusive,accelerator $4.9414/GPU-hr plus 12 vCPU and 170 GB RAM
2026-08-11T12:08:03+00:00,gcp,2026-08-11T07:00:00Z,australia-southeast1,E840-2E7B-58EE,a2-ultragpu-2g,A100,2,1_year,USD,11.84845,Machine Per Hour,5.924225,machine_inclusive,accelerator $4.9414/GPU-hr plus 24 vCPU and 340 GB RAM
2026-08-11T12:08:03+00:00,gcp,2026-08-11T07:00:00Z,australia-southeast1,E840-2E7B-58EE,a2-ultragpu-4g,A100,4,1_year,USD,23.696899,Machine Per Hour,5.924225,machine_inclusive,accelerator $4.9414/GPU-hr plus 48 vCPU and 680 GB RAM
2026-08-11T12:08:03+00:00,gcp,2026-08-11T07:00:00Z,australia-southeast1,E840-2E7B-58EE,a2-ultragpu-8g,A100,8,1_year,USD,47.393798,Machine Per Hour,5.924225,machine_inclusive,accelerator $4.9414/GPU-hr plus 96 vCPU and 1360 GB RAM
2026-08-11T12:08:03+00:00,gcp,2026-08-11T07:00:00Z,us-west4,E87C-8D5F-93FE,a2-ultragpu-1g,A100,1,spot,USD,1.16037,GPU Per Hour,1.16037,machine_inclusive,accelerator $0.5300/GPU-hr plus 12 vCPU and 170 GB RAM
2026-08-11T12:08:03+00:00,gcp,2026-08-11T07:00:00Z,us-west4,E87C-8D5F-93FE,a2-ultragpu-2g,A100,2,spot,USD,2.32074,Machine Per Hour,1.16037,machine_inclusive,accelerator $0.5300/GPU-hr plus 24 vCPU and 340 GB RAM
2026-08-11T12:08:03+00:00,gcp,2026-08-11T07:00:00Z,us-west4,E87C-8D5F-93FE,a2-ultragpu-4g,A100,4,spot,USD,4.64148,Machine Per Hour,1.16037,machine_inclusive,accelerator $0.5300/GPU-hr plus 48 vCPU and 680 GB RAM
2026-08-11T12:08:03+00:00,gcp,2026-08-11T07:00:00Z,us-west4,E87C-8D5F-93FE,a2-ultragpu-8g,A100,8,spot,USD,9.28296,Machine Per Hour,1.16037,machine_inclusive,accelerator $0.5300/GPU-hr plus 96 vCPU and 1360 GB RAM
2026-08-11T12:08:03+00:00,gcp,2026-08-11T07:00:00Z,africa-south1,E87D-5F3C-6F26,Nvidia Tesla V100 GPU,V100,1,3_year,USD,1.459728,GPU Per Hour,1.459728,accelerator_only,"bare accelerator price; Google bills vCPU and RAM separately, so this is NOT comparable to Oracle or Azure"
2026-08-11T12:08:03+00:00,gcp,2026-08-11T07:00:00Z,australia-southeast1,E887-442B-00C2,g2-standard-4,L4,1,spot,USD,0.090128,GPU Per Hour,0.090128,machine_inclusive,accelerator $0.0714/GPU-hr plus 4 vCPU and 16 GB RAM
2026-08-11T12:08:03+00:00,gcp,2026-08-11T07:00:00Z,australia-southeast1,E887-442B-00C2,g2-standard-8,L4,1,spot,USD,0.108856,GPU Per Hour,0.108856,machine_inclusive,accelerator $0.0714/GPU-hr plus 8 vCPU and 32 GB RAM
2026-08-11T12:08:03+00:00,gcp,2026-08-11T07:00:00Z,australia-southeast1,E887-442B-00C2,g2-standard-12,L4,1,spot,USD,0.127584,GPU Per Hour,0.127584,machine_inclusive,accelerator $0.0714/GPU-hr plus 12 vCPU and 48 GB RAM
2026-08-11T12:08:03+00:00,gcp,2026-08-11T07:00:00Z,australia-southeast1,E887-442B-00C2,g2-standard-16,L4,1,spot,USD,0.146312,GPU Per Hour,0.146312,machine_inclusive,accelerator $0.0714/GPU-hr plus 16 vCPU and 64 GB RAM
2026-08-11T12:08:03+00:00,gcp,2026-08-11T07:00:00Z,australia-southeast1,E887-442B-00C2,g2-standard-24,L4,2,spot,USD,0.255168,Machine Per Hour,0.127584,machine_inclusive,accelerator $0.0714/GPU-hr plus 24 vCPU and 96 GB RAM
2026-08-11T12:08:03+00:00,gcp,2026-08-11T07:00:00Z,australia-southeast1,E887-442B-00C2,g2-standard-32,L4,1,spot,USD,0.221224,GPU Per Hour,0.221224,machine_inclusive,accelerator $0.0714/GPU-hr plus 32 vCPU and 128 GB RAM
2026-08-11T12:08:03+00:00,gcp,2026-08-11T07:00:00Z,australia-southeast1,E887-442B-00C2,g2-standard-48,L4,4,spot,USD,0.510336,Machine Per Hour,0.127584,machine_inclusive,accelerator $0.0714/GPU-hr plus 48 vCPU and 192 GB RAM
2026-08-11T12:08:03+00:00,gcp,2026-08-11T07:00:00Z,australia-southeast1,E887-442B-00C2,g2-standard-96,L4,8,spot,USD,1.020672,Machine Per Hour,0.127584,machine_inclusive,accelerator $0.0714/GPU-hr plus 96 vCPU and 384 GB RAM
2026-08-11T12:08:03+00:00,gcp,2026-08-11T07:00:00Z,me-central1,E893-280D-DEC7,g2-standard-4,L4,1,spot,USD,0.131876,GPU Per Hour,0.131876,machine_inclusive,accelerator $0.1045/GPU-hr plus 4 vCPU and 16 GB RAM
2026-08-11T12:08:03+00:00,gcp,2026-08-11T07:00:00Z,me-central1,E893-280D-DEC7,g2-standard-8,L4,1,spot,USD,0.159252,GPU Per Hour,0.159252,machine_inclusive,accelerator $0.1045/GPU-hr plus 8 vCPU and 32 GB RAM
2026-08-11T12:08:03+00:00,gcp,2026-08-11T07:00:00Z,me-central1,E893-280D-DEC7,g2-standard-12,L4,1,spot,USD,0.186628,GPU Per Hour,0.186628,machine_inclusive,accelerator $0.1045/GPU-hr plus 12 vCPU and 48 GB RAM
2026-08-11T12:08:03+00:00,gcp,2026-08-11T07:00:00Z,me-central1,E893-280D-DEC7,g2-standard-16,L4,1,spot,USD,0.214004,GPU Per Hour,0.214004,machine_inclusive,accelerator $0.1045/GPU-hr plus 16 vCPU and 64 GB RAM
2026-08-11T12:08:03+00:00,gcp,2026-08-11T07:00:00Z,me-central1,E893-280D-DEC7,g2-standard-24,L4,2,spot,USD,0.373256,Machine Per Hour,0.186628,machine_inclusive,accelerator $0.1045/GPU-hr plus 24 vCPU and 96 GB RAM
2026-08-11T12:08:03+00:00,gcp,2026-08-11T07:00:00Z,me-central1,E893-280D-DEC7,g2-standard-32,L4,1,spot,USD,0.323508,GPU Per Hour,0.323508,machine_inclusive,accelerator $0.1045/GPU-hr plus 32 vCPU and 128 GB RAM
2026-08-11T12:08:03+00:00,gcp,2026-08-11T07:00:00Z,me-central1,E893-280D-DEC7,g2-standard-48,L4,4,spot,USD,0.746512,Machine Per Hour,0.186628,machine_inclusive,accelerator $0.1045/GPU-hr plus 48 vCPU and 192 GB RAM
2026-08-11T12:08:03+00:00,gcp,2026-08-11T07:00:00Z,me-central1,E893-280D-DEC7,g2-standard-96,L4,8,spot,USD,1.493024,Machine Per Hour,0.186628,machine_inclusive,accelerator $0.1045/GPU-hr plus 96 vCPU and 384 GB RAM
2026-08-11T12:08:03+00:00,gcp,2026-08-11T07:00:00Z,europe-west10,E8C8-49E1-D9C6,g2-standard-4,L4,1,1_year,USD,0.652343,GPU Per Hour,0.652343,machine_inclusive,accelerator $0.5434/GPU-hr plus 4 vCPU and 16 GB RAM
2026-08-11T12:08:03+00:00,gcp,2026-08-11T07:00:00Z,europe-west10,E8C8-49E1-D9C6,g2-standard-8,L4,1,1_year,USD,0.761335,GPU Per Hour,0.761335,machine_inclusive,accelerator $0.5434/GPU-hr plus 8 vCPU and 32 GB RAM
2026-08-11T12:08:03+00:00,gcp,2026-08-11T07:00:00Z,europe-west10,E8C8-49E1-D9C6,g2-standard-12,L4,1,1_year,USD,0.870328,GPU Per Hour,0.870328,machine_inclusive,accelerator $0.5434/GPU-hr plus 12 vCPU and 48 GB RAM
2026-08-11T12:08:03+00:00,gcp,2026-08-11T07:00:00Z,europe-west10,E8C8-49E1-D9C6,g2-standard-16,L4,1,1_year,USD,0.97932,GPU Per Hour,0.97932,machine_inclusive,accelerator $0.5434/GPU-hr plus 16 vCPU and 64 GB RAM
2026-08-11T12:08:03+00:00,gcp,2026-08-11T07:00:00Z,europe-west10,E8C8-49E1-D9C6,g2-standard-24,L4,2,1_year,USD,1.740655,Machine Per Hour,0.870328,machine_inclusive,accelerator $0.5434/GPU-hr plus 24 vCPU and 96 GB RAM
2026-08-11T12:08:03+00:00,gcp,2026-08-11T07:00:00Z,europe-west10,E8C8-49E1-D9C6,g2-standard-32,L4,1,1_year,USD,1.415289,GPU Per Hour,1.415289,machine_inclusive,accelerator $0.5434/GPU-hr plus 32 vCPU and 128 GB RAM
2026-08-11T12:08:03+00:00,gcp,2026-08-11T07:00:00Z,europe-west10,E8C8-49E1-D9C6,g2-standard-48,L4,4,1_year,USD,3.48131,Machine Per Hour,0.870328,machine_inclusive,accelerator $0.5434/GPU-hr plus 48 vCPU and 192 GB RAM
2026-08-11T12:08:03+00:00,gcp,2026-08-11T07:00:00Z,europe-west10,E8C8-49E1-D9C6,g2-standard-96,L4,8,1_year,USD,6.962621,Machine Per Hour,0.870328,machine_inclusive,accelerator $0.5434/GPU-hr plus 96 vCPU and 384 GB RAM
2026-08-11T12:08:03+00:00,gcp,2026-08-11T07:00:00Z,northamerica-northeast1,E8DF-8775-6E36,a3-highgpu-8g,H100,8,spot,USD,8.783104,Machine Per Hour,1.097888,machine_inclusive,accelerator $0.9799/GPU-hr plus 208 vCPU and 1872 GB RAM
2026-08-11T12:08:03+00:00,gcp,2026-08-11T07:00:00Z,asia-south1,E92A-B86F-50E5,a2-highgpu-1g,A100,1,on_demand,USD,4.324984,GPU Per Hour,4.324984,machine_inclusive,accelerator $3.4369/GPU-hr plus 12 vCPU and 85 GB RAM
2026-08-11T12:08:03+00:00,gcp,2026-08-11T07:00:00Z,asia-south1,E92A-B86F-50E5,a2-highgpu-2g,A100,2,on_demand,USD,8.649967,Machine Per Hour,4.324984,machine_inclusive,accelerator $3.4369/GPU-hr plus 24 vCPU and 170 GB RAM
2026-08-11T12:08:03+00:00,gcp,2026-08-11T07:00:00Z,asia-south1,E92A-B86F-50E5,a2-highgpu-4g,A100,4,on_demand,USD,17.299935,Machine Per Hour,4.324984,machine_inclusive,accelerator $3.4369/GPU-hr plus 48 vCPU and 340 GB RAM
2026-08-11T12:08:03+00:00,gcp,2026-08-11T07:00:00Z,asia-south1,E92A-B86F-50E5,a2-highgpu-8g,A100,8,on_demand,USD,34.599869,Machine Per Hour,4.324984,machine_inclusive,accelerator $3.4369/GPU-hr plus 96 vCPU and 680 GB RAM
2026-08-11T12:08:03+00:00,gcp,2026-08-11T07:00:00Z,asia-south1,E92A-B86F-50E5,a2-megagpu-16g,A100,16,on_demand,USD,65.554619,Machine Per Hour,4.097164,machine_inclusive,accelerator $3.4369/GPU-hr plus 96 vCPU and 1360 GB RAM
2026-08-11T12:08:03+00:00,gcp,2026-08-11T07:00:00Z,me-central1,E94C-7882-89A9,a2-ultragpu-1g,A100,1,3_year,USD,4.230028,GPU Per Hour,4.230028,machine_inclusive,accelerator $3.7624/GPU-hr plus 12 vCPU and 170 GB RAM
2026-08-11T12:08:03+00:00,gcp,2026-08-11T07:00:00Z,me-central1,E94C-7882-89A9,a2-ultragpu-2g,A100,2,3_year,USD,8.460056,Machine Per Hour,4.230028,machine_inclusive,accelerator $3.7624/GPU-hr plus 24 vCPU and 340 GB RAM
2026-08-11T12:08:03+00:00,gcp,2026-08-11T07:00:00Z,me-central1,E94C-7882-89A9,a2-ultragpu-4g,A100,4,3_year,USD,16.920112,Machine Per Hour,4.230028,machine_inclusive,accelerator $3.7624/GPU-hr plus 48 vCPU and 680 GB RAM
2026-08-11T12:08:03+00:00,gcp,2026-08-11T07:00:00Z,me-central1,E94C-7882-89A9,a2-ultragpu-8g,A100,8,3_year,USD,33.840225,Machine Per Hour,4.230028,machine_inclusive,accelerator $3.7624/GPU-hr plus 96 vCPU and 1360 GB RAM
2026-08-11T12:08:03+00:00,gcp,2026-08-11T07:00:00Z,europe-west6,E95A-9CDF-92D8,g2-standard-4,L4,1,3_year,USD,0.439084,GPU Per Hour,0.439084,machine_inclusive,accelerator $0.3525/GPU-hr plus 4 vCPU and 16 GB RAM
2026-08-11T12:08:03+00:00,gcp,2026-08-11T07:00:00Z,europe-west6,E95A-9CDF-92D8,g2-standard-8,L4,1,3_year,USD,0.525619,GPU Per Hour,0.525619,machine_inclusive,accelerator $0.3525/GPU-hr plus 8 vCPU and 32 GB RAM
2026-08-11T12:08:03+00:00,gcp,2026-08-11T07:00:00Z,europe-west6,E95A-9CDF-92D8,g2-standard-12,L4,1,3_year,USD,0.612154,GPU Per Hour,0.612154,machine_inclusive,accelerator $0.3525/GPU-hr plus 12 vCPU and 48 GB RAM
2026-08-11T12:08:03+00:00,gcp,2026-08-11T07:00:00Z,europe-west6,E95A-9CDF-92D8,g2-standard-16,L4,1,3_year,USD,0.69869,GPU Per Hour,0.69869,machine_inclusive,accelerator $0.3525/GPU-hr plus 16 vCPU and 64 GB RAM
2026-08-11T12:08:03+00:00,gcp,2026-08-11T07:00:00Z,europe-west6,E95A-9CDF-92D8,g2-standard-24,L4,2,3_year,USD,1.224309,Machine Per Hour,0.612154,machine_inclusive,accelerator $0.3525/GPU-hr plus 24 vCPU and 96 GB RAM
2026-08-11T12:08:03+00:00,gcp,2026-08-11T07:00:00Z,europe-west6,E95A-9CDF-92D8,g2-standard-32,L4,1,3_year,USD,1.044831,GPU Per Hour,1.044831,machine_inclusive,accelerator $0.3525/GPU-hr plus 32 vCPU and 128 GB RAM
2026-08-11T12:08:03+00:00,gcp,2026-08-11T07:00:00Z,europe-west6,E95A-9CDF-92D8,g2-standard-48,L4,4,3_year,USD,2.448617,Machine Per Hour,0.612154,machine_inclusive,accelerator $0.3525/GPU-hr plus 48 vCPU and 192 GB RAM
2026-08-11T12:08:03+00:00,gcp,2026-08-11T07:00:00Z,europe-west6,E95A-9CDF-92D8,g2-standard-96,L4,8,3_year,USD,4.897235,Machine Per Hour,0.612154,machine_inclusive,accelerator $0.3525/GPU-hr plus 96 vCPU and 384 GB RAM
2026-08-11T12:08:03+00:00,gcp,2026-08-11T07:00:00Z,europe-west4,E975-984D-BEFA,g2-standard-4,L4,1,on_demand,USD,0.742916,GPU Per Hour,0.742916,machine_inclusive,accelerator $0.5886/GPU-hr plus 4 vCPU and 16 GB RAM
2026-08-11T12:08:03+00:00,gcp,2026-08-11T07:00:00Z,europe-west4,E975-984D-BEFA,g2-standard-8,L4,1,on_demand,USD,0.897202,GPU Per Hour,0.897202,machine_inclusive,accelerator $0.5886/GPU-hr plus 8 vCPU and 32 GB RAM
2026-08-11T12:08:03+00:00,gcp,2026-08-11T07:00:00Z,europe-west4,E975-984D-BEFA,g2-standard-12,L4,1,on_demand,USD,1.051488,GPU Per Hour,1.051488,machine_inclusive,accelerator $0.5886/GPU-hr plus 12 vCPU and 48 GB RAM
2026-08-11T12:08:03+00:00,gcp,2026-08-11T07:00:00Z,europe-west4,E975-984D-BEFA,g2-standard-16,L4,1,on_demand,USD,1.205773,GPU Per Hour,1.205773,machine_inclusive,accelerator $0.5886/GPU-hr plus 16 vCPU and 64 GB RAM
2026-08-11T12:08:03+00:00,gcp,2026-08-11T07:00:00Z,europe-west4,E975-984D-BEFA,g2-standard-24,L4,2,on_demand,USD,2.102975,Machine Per Hour,1.051488,machine_inclusive,accelerator $0.5886/GPU-hr plus 24 vCPU and 96 GB RAM
2026-08-11T12:08:03+00:00,gcp,2026-08-11T07:00:00Z,europe-west4,E975-984D-BEFA,g2-standard-32,L4,1,on_demand,USD,1.822916,GPU Per Hour,1.822916,machine_inclusive,accelerator $0.5886/GPU-hr plus 32 vCPU and 128 GB RAM
2026-08-11T12:08:03+00:00,gcp,2026-08-11T07:00:00Z,europe-west4,E975-984D-BEFA,g2-standard-48,L4,4,on_demand,USD,4.20595,Machine Per Hour,1.051488,machine_inclusive,accelerator $0.5886/GPU-hr plus 48 vCPU and 192 GB RAM
2026-08-11T12:08:03+00:00,gcp,2026-08-11T07:00:00Z,europe-west4,E975-984D-BEFA,g2-standard-96,L4,8,on_demand,USD,8.411901,Machine Per Hour,1.051488,machine_inclusive,accelerator $0.5886/GPU-hr plus 96 vCPU and 384 GB RAM
2026-08-11T12:08:03+00:00,gcp,2026-08-11T07:00:00Z,southamerica-west1,E98D-5DEA-2EFB,Nvidia Tesla T4 GPU,T4,1,1_year,USD,0.3146,GPU Per Hour,0.3146,accelerator_only,"bare accelerator price; Google bills vCPU and RAM separately, so this is NOT comparable to Oracle or Azure"
2026-08-11T12:08:03+00:00,gcp,2026-08-11T07:00:00Z,europe-west1,E991-E8B5-A442,a3-highgpu-8g,H100,8,3_year,USD,42.467763,Machine Per Hour,5.30847,machine_inclusive,accelerator $4.7346/GPU-hr plus 208 vCPU and 1872 GB RAM
2026-08-11T12:08:03+00:00,gcp,2026-08-11T07:00:00Z,asia-southeast1,E9A9-5D7F-DCAD,Nvidia Tesla P4 GPU,P4,1,on_demand,USD,0.65,GPU Per Hour,0.65,accelerator_only,"bare accelerator price; Google bills vCPU and RAM separately, so this is NOT comparable to Oracle or Azure"
2026-08-11T12:08:03+00:00,gcp,2026-08-11T07:00:00Z,asia-south1,E9AF-B975-A51F,1/8 vGPU no lssd,,,spot,USD,0.33638,GPU Per Hour,,,accelerator not in the lookup table -- add it to gcp.py
2026-08-11T12:08:03+00:00,gcp,2026-08-11T07:00:00Z,us-central1,E9B0-ED35-1FA7,a2-highgpu-1g,A100,1,1_year,USD,2.314207,GPU Per Hour,2.314207,machine_inclusive,accelerator $1.8484/GPU-hr plus 12 vCPU and 85 GB RAM
2026-08-11T12:08:03+00:00,gcp,2026-08-11T07:00:00Z,us-central1,E9B0-ED35-1FA7,a2-highgpu-2g,A100,2,1_year,USD,4.628414,Machine Per Hour,2.314207,machine_inclusive,accelerator $1.8484/GPU-hr plus 24 vCPU and 170 GB RAM
2026-08-11T12:08:03+00:00,gcp,2026-08-11T07:00:00Z,us-central1,E9B0-ED35-1FA7,a2-highgpu-4g,A100,4,1_year,USD,9.256828,Machine Per Hour,2.314207,machine_inclusive,accelerator $1.8484/GPU-hr plus 48 vCPU and 340 GB RAM
2026-08-11T12:08:03+00:00,gcp,2026-08-11T07:00:00Z,us-central1,E9B0-ED35-1FA7,a2-highgpu-8g,A100,8,1_year,USD,18.513656,Machine Per Hour,2.314207,machine_inclusive,accelerator $1.8484/GPU-hr plus 96 vCPU and 680 GB RAM
2026-08-11T12:08:03+00:00,gcp,2026-08-11T07:00:00Z,us-central1,E9B0-ED35-1FA7,a2-megagpu-16g,A100,16,1_year,USD,35.115473,Machine Per Hour,2.194717,machine_inclusive,accelerator $1.8484/GPU-hr plus 96 vCPU and 1360 GB RAM
2026-08-11T12:08:03+00:00,gcp,2026-08-11T07:00:00Z,us-east1,E9B0-ED35-1FA7,a2-highgpu-1g,A100,1,1_year,USD,2.314207,GPU Per Hour,2.314207,machine_inclusive,accelerator $1.8484/GPU-hr plus 12 vCPU and 85 GB RAM
2026-08-11T12:08:03+00:00,gcp,2026-08-11T07:00:00Z,us-east1,E9B0-ED35-1FA7,a2-highgpu-2g,A100,2,1_year,USD,4.628414,Machine Per Hour,2.314207,machine_inclusive,accelerator $1.8484/GPU-hr plus 24 vCPU and 170 GB RAM
2026-08-11T12:08:03+00:00,gcp,2026-08-11T07:00:00Z,us-east1,E9B0-ED35-1FA7,a2-highgpu-4g,A100,4,1_year,USD,9.256828,Machine Per Hour,2.314207,machine_inclusive,accelerator $1.8484/GPU-hr plus 48 vCPU and 340 GB RAM
2026-08-11T12:08:03+00:00,gcp,2026-08-11T07:00:00Z,us-east1,E9B0-ED35-1FA7,a2-highgpu-8g,A100,8,1_year,USD,18.513656,Machine Per Hour,2.314207,machine_inclusive,accelerator $1.8484/GPU-hr plus 96 vCPU and 680 GB RAM
2026-08-11T12:08:03+00:00,gcp,2026-08-11T07:00:00Z,us-east1,E9B0-ED35-1FA7,a2-megagpu-16g,A100,16,1_year,USD,35.115473,Machine Per Hour,2.194717,machine_inclusive,accelerator $1.8484/GPU-hr plus 96 vCPU and 1360 GB RAM
2026-08-11T12:08:03+00:00,gcp,2026-08-11T07:00:00Z,us-west1,E9B0-ED35-1FA7,a2-highgpu-1g,A100,1,1_year,USD,2.314207,GPU Per Hour,2.314207,machine_inclusive,accelerator $1.8484/GPU-hr plus 12 vCPU and 85 GB RAM
2026-08-11T12:08:03+00:00,gcp,2026-08-11T07:00:00Z,us-west1,E9B0-ED35-1FA7,a2-highgpu-2g,A100,2,1_year,USD,4.628414,Machine Per Hour,2.314207,machine_inclusive,accelerator $1.8484/GPU-hr plus 24 vCPU and 170 GB RAM
2026-08-11T12:08:03+00:00,gcp,2026-08-11T07:00:00Z,us-west1,E9B0-ED35-1FA7,a2-highgpu-4g,A100,4,1_year,USD,9.256828,Machine Per Hour,2.314207,machine_inclusive,accelerator $1.8484/GPU-hr plus 48 vCPU and 340 GB RAM
2026-08-11T12:08:03+00:00,gcp,2026-08-11T07:00:00Z,us-west1,E9B0-ED35-1FA7,a2-highgpu-8g,A100,8,1_year,USD,18.513656,Machine Per Hour,2.314207,machine_inclusive,accelerator $1.8484/GPU-hr plus 96 vCPU and 680 GB RAM
2026-08-11T12:08:03+00:00,gcp,2026-08-11T07:00:00Z,us-west1,E9B0-ED35-1FA7,a2-megagpu-16g,A100,16,1_year,USD,35.115473,Machine Per Hour,2.194717,machine_inclusive,accelerator $1.8484/GPU-hr plus 96 vCPU and 1360 GB RAM
2026-08-11T12:08:03+00:00,gcp,2026-08-11T07:00:00Z,southamerica-west1,E9D1-C674-F8F6,Nvidia Tesla P4 GPU,P4,1,spot,USD,0.2648,GPU Per Hour,0.2648,accelerator_only,"bare accelerator price; Google bills vCPU and RAM separately, so this is NOT comparable to Oracle or Azure"
2026-08-11T12:08:03+00:00,gcp,2026-08-11T07:00:00Z,asia-east1,E9DA-B019-B4E1,1/8 vGPU,,,1_year,USD,0.58024,GPU Per Hour,,,accelerator not in the lookup table -- add it to gcp.py
2026-08-11T12:08:03+00:00,gcp,2026-08-11T07:00:00Z,europe-west2,EA2E-3C05-73A4,a2-highgpu-1g,A100,1,1_year,USD,2.784586,GPU Per Hour,2.784586,machine_inclusive,accelerator $2.1844/GPU-hr plus 12 vCPU and 85 GB RAM
2026-08-11T12:08:03+00:00,gcp,2026-08-11T07:00:00Z,europe-west2,EA2E-3C05-73A4,a2-highgpu-2g,A100,2,1_year,USD,5.569173,Machine Per Hour,2.784586,machine_inclusive,accelerator $2.1844/GPU-hr plus 24 vCPU and 170 GB RAM
2026-08-11T12:08:03+00:00,gcp,2026-08-11T07:00:00Z,europe-west2,EA2E-3C05-73A4,a2-highgpu-4g,A100,4,1_year,USD,11.138345,Machine Per Hour,2.784586,machine_inclusive,accelerator $2.1844/GPU-hr plus 48 vCPU and 340 GB RAM
2026-08-11T12:08:03+00:00,gcp,2026-08-11T07:00:00Z,europe-west2,EA2E-3C05-73A4,a2-highgpu-8g,A100,8,1_year,USD,22.276691,Machine Per Hour,2.784586,machine_inclusive,accelerator $2.1844/GPU-hr plus 96 vCPU and 680 GB RAM
2026-08-11T12:08:03+00:00,gcp,2026-08-11T07:00:00Z,europe-west2,EA2E-3C05-73A4,a2-megagpu-16g,A100,16,1_year,USD,42.090022,Machine Per Hour,2.630626,machine_inclusive,accelerator $2.1844/GPU-hr plus 96 vCPU and 1360 GB RAM
2026-08-11T12:08:03+00:00,gcp,2026-08-11T07:00:00Z,europe-west12,EA3B-D166-63C9,Nvidia Tesla P4 GPU,P4,1,spot,USD,0.0835,GPU Per Hour,0.0835,accelerator_only,"bare accelerator price; Google bills vCPU and RAM separately, so this is NOT comparable to Oracle or Azure"
2026-08-11T12:08:03+00:00,gcp,2026-08-11T07:00:00Z,asia-northeast2,EA5F-4647-7C91,Nvidia Tesla P100 GPU,P100,1,on_demand,USD,1.6,GPU Per Hour,1.6,accelerator_only,"bare accelerator price; Google bills vCPU and RAM separately, so this is NOT comparable to Oracle or Azure"
2026-08-11T12:08:03+00:00,gcp,2026-08-11T07:00:00Z,australia-southeast2,EA8B-19CB-8FCA,Nvidia Tesla P4 GPU,P4,1,1_year,USD,0.53676,GPU Per Hour,0.53676,accelerator_only,"bare accelerator price; Google bills vCPU and RAM separately, so this is NOT comparable to Oracle or Azure"
2026-08-11T12:08:03+00:00,gcp,2026-08-11T07:00:00Z,northamerica-northeast1,EAAF-7A96-FD1B,Nvidia Tesla T4 GPU,T4,1,spot,USD,0.1564,GPU Per Hour,0.1564,accelerator_only,"bare accelerator price; Google bills vCPU and RAM separately, so this is NOT comparable to Oracle or Azure"
2026-08-11T12:08:03+00:00,gcp,2026-08-11T07:00:00Z,europe-west6,EAEF-3240-8F79,a3-highgpu-8g,H100,8,3_year,USD,53.953462,Machine Per Hour,6.744183,machine_inclusive,accelerator $6.0151/GPU-hr plus 208 vCPU and 1872 GB RAM
2026-08-11T12:08:03+00:00,gcp,2026-08-11T07:00:00Z,asia-east1,EAF2-F47C-F816,A4 Nvidia B200 (1 gpu slice),B200,1,spot,USD,2.4091,GPU Per Hour,2.4091,machine_inclusive,Google publishes no separate A4 vCPU/RAM SKUs -- the per-slice price already covers the whole machine
2026-08-11T12:08:03+00:00,gcp,2026-08-11T07:00:00Z,asia-south2,EAF5-F41D-91B2,a3-ultragpu-8g,H200,8,1_year,USD,69.25,Machine Per Hour,8.65625,machine_inclusive,accelerator $7.7247/GPU-hr plus 224 vCPU and 2952 GB RAM
2026-08-11T12:08:03+00:00,gcp,2026-08-11T07:00:00Z,asia-northeast3,EB25-D3EF-E0DF,a2-ultragpu-1g,A100,1,1_year,USD,5.357801,GPU Per Hour,5.357801,machine_inclusive,accelerator $4.4704/GPU-hr plus 12 vCPU and 170 GB RAM
2026-08-11T12:08:03+00:00,gcp,2026-08-11T07:00:00Z,asia-northeast3,EB25-D3EF-E0DF,a2-ultragpu-2g,A100,2,1_year,USD,10.715602,Machine Per Hour,5.357801,machine_inclusive,accelerator $4.4704/GPU-hr plus 24 vCPU and 340 GB RAM
2026-08-11T12:08:03+00:00,gcp,2026-08-11T07:00:00Z,asia-northeast3,EB25-D3EF-E0DF,a2-ultragpu-4g,A100,4,1_year,USD,21.431203,Machine Per Hour,5.357801,machine_inclusive,accelerator $4.4704/GPU-hr plus 48 vCPU and 680 GB RAM
2026-08-11T12:08:03+00:00,gcp,2026-08-11T07:00:00Z,asia-northeast3,EB25-D3EF-E0DF,a2-ultragpu-8g,A100,8,1_year,USD,42.862406,Machine Per Hour,5.357801,machine_inclusive,accelerator $4.4704/GPU-hr plus 96 vCPU and 1360 GB RAM
2026-08-11T12:08:03+00:00,gcp,2026-08-11T07:00:00Z,asia-east1,EB85-2131-EE1B,Nvidia Tesla V100 GPU,V100,1,3_year,USD,1.116,GPU Per Hour,1.116,accelerator_only,"bare accelerator price; Google bills vCPU and RAM separately, so this is NOT comparable to Oracle or Azure"
2026-08-11T12:08:03+00:00,gcp,2026-08-11T07:00:00Z,europe-west12,EBAC-435D-ACA7,Nvidia Tesla P100 GPU,P100,1,on_demand,USD,1.8834,GPU Per Hour,1.8834,accelerator_only,"bare accelerator price; Google bills vCPU and RAM separately, so this is NOT comparable to Oracle or Azure"
2026-08-11T12:08:03+00:00,gcp,2026-08-11T07:00:00Z,europe-west12,EBCD-7FC5-FB4A,Nvidia Tesla T4 GPU,T4,1,on_demand,USD,0.4515,GPU Per Hour,0.4515,accelerator_only,"bare accelerator price; Google bills vCPU and RAM separately, so this is NOT comparable to Oracle or Azure"
2026-08-11T12:08:03+00:00,gcp,2026-08-11T07:00:00Z,us-west3,EC03-3D26-DF16,RTX 6000 96GB,RTX PRO 6000,1,1_year,USD,0.8316,GPU Per Hour,0.8316,accelerator_only,"bare accelerator price; Google bills vCPU and RAM separately, so this is NOT comparable to Oracle or Azure"
2026-08-11T12:08:03+00:00,gcp,2026-08-11T07:00:00Z,northamerica-northeast1,EC42-20D7-F36F,a3-highgpu-8g,H100,8,1_year,USD,67.133436,Machine Per Hour,8.391679,machine_inclusive,accelerator $7.4862/GPU-hr plus 208 vCPU and 1872 GB RAM
2026-08-11T12:08:03+00:00,gcp,2026-08-11T07:00:00Z,us-east1,EC42-C0B2-86DE,1/8 vGPU,,,1_year,USD,0.44634,GPU Per Hour,,,accelerator not in the lookup table -- add it to gcp.py
2026-08-11T12:08:03+00:00,gcp,2026-08-11T07:00:00Z,europe-west1,EC43-C714-3668,Nvidia Tesla P100 GPU,P100,1,1_year,USD,1.008,GPU Per Hour,1.008,accelerator_only,"bare accelerator price; Google bills vCPU and RAM separately, so this is NOT comparable to Oracle or Azure"
2026-08-11T12:08:03+00:00,gcp,2026-08-11T07:00:00Z,europe-west9,EC49-D7E0-B450,Nvidia Tesla P100 GPU,P100,1,1_year,USD,1.06604,GPU Per Hour,1.06604,accelerator_only,"bare accelerator price; Google bills vCPU and RAM separately, so this is NOT comparable to Oracle or Azure"
2026-08-11T12:08:03+00:00,gcp,2026-08-11T07:00:00Z,australia-southeast2,ECB2-06FE-3499,a2-highgpu-1g,A100,1,on_demand,USD,5.215356,GPU Per Hour,5.215356,machine_inclusive,accelerator $4.1661/GPU-hr plus 12 vCPU and 85 GB RAM
2026-08-11T12:08:03+00:00,gcp,2026-08-11T07:00:00Z,australia-southeast2,ECB2-06FE-3499,a2-highgpu-2g,A100,2,on_demand,USD,10.430713,Machine Per Hour,5.215356,machine_inclusive,accelerator $4.1661/GPU-hr plus 24 vCPU and 170 GB RAM
2026-08-11T12:08:03+00:00,gcp,2026-08-11T07:00:00Z,australia-southeast2,ECB2-06FE-3499,a2-highgpu-4g,A100,4,on_demand,USD,20.861425,Machine Per Hour,5.215356,machine_inclusive,accelerator $4.1661/GPU-hr plus 48 vCPU and 340 GB RAM
2026-08-11T12:08:03+00:00,gcp,2026-08-11T07:00:00Z,australia-southeast2,ECB2-06FE-3499,a2-highgpu-8g,A100,8,on_demand,USD,41.722851,Machine Per Hour,5.215356,machine_inclusive,accelerator $4.1661/GPU-hr plus 96 vCPU and 680 GB RAM
2026-08-11T12:08:03+00:00,gcp,2026-08-11T07:00:00Z,australia-southeast2,ECB2-06FE-3499,a2-megagpu-16g,A100,16,on_demand,USD,79.139526,Machine Per Hour,4.94622,machine_inclusive,accelerator $4.1661/GPU-hr plus 96 vCPU and 1360 GB RAM
2026-08-11T12:08:03+00:00,gcp,2026-08-11T07:00:00Z,asia-northeast2,ECF6-E956-B2CC,a2-ultragpu-1g,A100,1,3_year,USD,4.469728,GPU Per Hour,4.469728,machine_inclusive,accelerator $3.9766/GPU-hr plus 12 vCPU and 170 GB RAM
2026-08-11T12:08:03+00:00,gcp,2026-08-11T07:00:00Z,asia-northeast2,ECF6-E956-B2CC,a2-ultragpu-2g,A100,2,3_year,USD,8.939455,Machine Per Hour,4.469728,machine_inclusive,accelerator $3.9766/GPU-hr plus 24 vCPU and 340 GB RAM
2026-08-11T12:08:03+00:00,gcp,2026-08-11T07:00:00Z,asia-northeast2,ECF6-E956-B2CC,a2-ultragpu-4g,A100,4,3_year,USD,17.87891,Machine Per Hour,4.469728,machine_inclusive,accelerator $3.9766/GPU-hr plus 48 vCPU and 680 GB RAM
2026-08-11T12:08:03+00:00,gcp,2026-08-11T07:00:00Z,asia-northeast2,ECF6-E956-B2CC,a2-ultragpu-8g,A100,8,3_year,USD,35.75782,Machine Per Hour,4.469728,machine_inclusive,accelerator $3.9766/GPU-hr plus 96 vCPU and 1360 GB RAM
2026-08-11T12:08:03+00:00,gcp,2026-08-11T07:00:00Z,europe-west6,ECFA-CC6D-505B,a2-ultragpu-1g,A100,1,on_demand,USD,7.033523,GPU Per Hour,7.033523,machine_inclusive,accelerator $5.4950/GPU-hr plus 12 vCPU and 170 GB RAM
2026-08-11T12:08:03+00:00,gcp,2026-08-11T07:00:00Z,europe-west6,ECFA-CC6D-505B,a2-ultragpu-2g,A100,2,on_demand,USD,14.067046,Machine Per Hour,7.033523,machine_inclusive,accelerator $5.4950/GPU-hr plus 24 vCPU and 340 GB RAM
2026-08-11T12:08:03+00:00,gcp,2026-08-11T07:00:00Z,europe-west6,ECFA-CC6D-505B,a2-ultragpu-4g,A100,4,on_demand,USD,28.134092,Machine Per Hour,7.033523,machine_inclusive,accelerator $5.4950/GPU-hr plus 48 vCPU and 680 GB RAM
2026-08-11T12:08:03+00:00,gcp,2026-08-11T07:00:00Z,europe-west6,ECFA-CC6D-505B,a2-ultragpu-8g,A100,8,on_demand,USD,56.268184,Machine Per Hour,7.033523,machine_inclusive,accelerator $5.4950/GPU-hr plus 96 vCPU and 1360 GB RAM
2026-08-11T12:08:03+00:00,gcp,2026-08-11T07:00:00Z,europe-west3,ED14-F451-0DF1,g2-standard-4,L4,1,3_year,USD,0.374862,GPU Per Hour,0.374862,machine_inclusive,accelerator $0.2970/GPU-hr plus 4 vCPU and 16 GB RAM
2026-08-11T12:08:03+00:00,gcp,2026-08-11T07:00:00Z,europe-west3,ED14-F451-0DF1,g2-standard-8,L4,1,3_year,USD,0.452712,GPU Per Hour,0.452712,machine_inclusive,accelerator $0.2970/GPU-hr plus 8 vCPU and 32 GB RAM
2026-08-11T12:08:03+00:00,gcp,2026-08-11T07:00:00Z,europe-west3,ED14-F451-0DF1,g2-standard-12,L4,1,3_year,USD,0.530562,GPU Per Hour,0.530562,machine_inclusive,accelerator $0.2970/GPU-hr plus 12 vCPU and 48 GB RAM
2026-08-11T12:08:03+00:00,gcp,2026-08-11T07:00:00Z,europe-west3,ED14-F451-0DF1,g2-standard-16,L4,1,3_year,USD,0.608412,GPU Per Hour,0.608412,machine_inclusive,accelerator $0.2970/GPU-hr plus 16 vCPU and 64 GB RAM
2026-08-11T12:08:03+00:00,gcp,2026-08-11T07:00:00Z,europe-west3,ED14-F451-0DF1,g2-standard-24,L4,2,3_year,USD,1.061124,Machine Per Hour,0.530562,machine_inclusive,accelerator $0.2970/GPU-hr plus 24 vCPU and 96 GB RAM
2026-08-11T12:08:03+00:00,gcp,2026-08-11T07:00:00Z,europe-west3,ED14-F451-0DF1,g2-standard-32,L4,1,3_year,USD,0.919812,GPU Per Hour,0.919812,machine_inclusive,accelerator $0.2970/GPU-hr plus 32 vCPU and 128 GB RAM
2026-08-11T12:08:03+00:00,gcp,2026-08-11T07:00:00Z,europe-west3,ED14-F451-0DF1,g2-standard-48,L4,4,3_year,USD,2.122249,Machine Per Hour,0.530562,machine_inclusive,accelerator $0.2970/GPU-hr plus 48 vCPU and 192 GB RAM
2026-08-11T12:08:03+00:00,gcp,2026-08-11T07:00:00Z,europe-west3,ED14-F451-0DF1,g2-standard-96,L4,8,3_year,USD,4.244498,Machine Per Hour,0.530562,machine_inclusive,accelerator $0.2970/GPU-hr plus 96 vCPU and 384 GB RAM
2026-08-11T12:08:03+00:00,gcp,2026-08-11T07:00:00Z,southamerica-west1,ED6B-409F-B02D,a3-highgpu-8g,H100,8,spot,USD,11.386976,Machine Per Hour,1.423372,machine_inclusive,accelerator $1.2707/GPU-hr plus 208 vCPU and 1872 GB RAM
2026-08-11T12:08:03+00:00,gcp,2026-08-11T07:00:00Z,us-central1,EDA0-3A70-3138,a2-ultragpu-1g,A100,1,on_demand,USD,5.027702,GPU Per Hour,5.027702,machine_inclusive,accelerator $3.9281/GPU-hr plus 12 vCPU and 170 GB RAM
2026-08-11T12:08:03+00:00,gcp,2026-08-11T07:00:00Z,us-central1,EDA0-3A70-3138,a2-ultragpu-2g,A100,2,on_demand,USD,10.055404,Machine Per Hour,5.027702,machine_inclusive,accelerator $3.9281/GPU-hr plus 24 vCPU and 340 GB RAM
2026-08-11T12:08:03+00:00,gcp,2026-08-11T07:00:00Z,us-central1,EDA0-3A70-3138,a2-ultragpu-4g,A100,4,on_demand,USD,20.110808,Machine Per Hour,5.027702,machine_inclusive,accelerator $3.9281/GPU-hr plus 48 vCPU and 680 GB RAM
2026-08-11T12:08:03+00:00,gcp,2026-08-11T07:00:00Z,us-central1,EDA0-3A70-3138,a2-ultragpu-8g,A100,8,on_demand,USD,40.221616,Machine Per Hour,5.027702,machine_inclusive,accelerator $3.9281/GPU-hr plus 96 vCPU and 1360 GB RAM
2026-08-11T12:08:03+00:00,gcp,2026-08-11T07:00:00Z,us-east1,EDA0-3A70-3138,a2-ultragpu-1g,A100,1,on_demand,USD,5.027702,GPU Per Hour,5.027702,machine_inclusive,accelerator $3.9281/GPU-hr plus 12 vCPU and 170 GB RAM
2026-08-11T12:08:03+00:00,gcp,2026-08-11T07:00:00Z,us-east1,EDA0-3A70-3138,a2-ultragpu-2g,A100,2,on_demand,USD,10.055404,Machine Per Hour,5.027702,machine_inclusive,accelerator $3.9281/GPU-hr plus 24 vCPU and 340 GB RAM
2026-08-11T12:08:03+00:00,gcp,2026-08-11T07:00:00Z,us-east1,EDA0-3A70-3138,a2-ultragpu-4g,A100,4,on_demand,USD,20.110808,Machine Per Hour,5.027702,machine_inclusive,accelerator $3.9281/GPU-hr plus 48 vCPU and 680 GB RAM
2026-08-11T12:08:03+00:00,gcp,2026-08-11T07:00:00Z,us-east1,EDA0-3A70-3138,a2-ultragpu-8g,A100,8,on_demand,USD,40.221616,Machine Per Hour,5.027702,machine_inclusive,accelerator $3.9281/GPU-hr plus 96 vCPU and 1360 GB RAM
2026-08-11T12:08:03+00:00,gcp,2026-08-11T07:00:00Z,us-west1,EDA0-3A70-3138,a2-ultragpu-1g,A100,1,on_demand,USD,5.027702,GPU Per Hour,5.027702,machine_inclusive,accelerator $3.9281/GPU-hr plus 12 vCPU and 170 GB RAM
2026-08-11T12:08:03+00:00,gcp,2026-08-11T07:00:00Z,us-west1,EDA0-3A70-3138,a2-ultragpu-2g,A100,2,on_demand,USD,10.055404,Machine Per Hour,5.027702,machine_inclusive,accelerator $3.9281/GPU-hr plus 24 vCPU and 340 GB RAM
2026-08-11T12:08:03+00:00,gcp,2026-08-11T07:00:00Z,us-west1,EDA0-3A70-3138,a2-ultragpu-4g,A100,4,on_demand,USD,20.110808,Machine Per Hour,5.027702,machine_inclusive,accelerator $3.9281/GPU-hr plus 48 vCPU and 680 GB RAM
2026-08-11T12:08:03+00:00,gcp,2026-08-11T07:00:00Z,us-west1,EDA0-3A70-3138,a2-ultragpu-8g,A100,8,on_demand,USD,40.221616,Machine Per Hour,5.027702,machine_inclusive,accelerator $3.9281/GPU-hr plus 96 vCPU and 1360 GB RAM
2026-08-11T12:08:03+00:00,gcp,2026-08-11T07:00:00Z,me-central1,EDA5-0406-8030,A4 Nvidia B200 (1 gpu slice),B200,1,spot,USD,2.4091,GPU Per Hour,2.4091,machine_inclusive,Google publishes no separate A4 vCPU/RAM SKUs -- the per-slice price already covers the whole machine
2026-08-11T12:08:03+00:00,gcp,2026-08-11T07:00:00Z,europe-north1,EDB5-DA96-8485,g2-standard-4,L4,1,1_year,USD,0.490325,GPU Per Hour,0.490325,machine_inclusive,accelerator $0.3885/GPU-hr plus 4 vCPU and 16 GB RAM
2026-08-11T12:08:03+00:00,gcp,2026-08-11T07:00:00Z,europe-north1,EDB5-DA96-8485,g2-standard-8,L4,1,1_year,USD,0.592153,GPU Per Hour,0.592153,machine_inclusive,accelerator $0.3885/GPU-hr plus 8 vCPU and 32 GB RAM
2026-08-11T12:08:03+00:00,gcp,2026-08-11T07:00:00Z,europe-north1,EDB5-DA96-8485,g2-standard-12,L4,1,1_year,USD,0.693982,GPU Per Hour,0.693982,machine_inclusive,accelerator $0.3885/GPU-hr plus 12 vCPU and 48 GB RAM
2026-08-11T12:08:03+00:00,gcp,2026-08-11T07:00:00Z,europe-north1,EDB5-DA96-8485,g2-standard-16,L4,1,1_year,USD,0.79581,GPU Per Hour,0.79581,machine_inclusive,accelerator $0.3885/GPU-hr plus 16 vCPU and 64 GB RAM
2026-08-11T12:08:03+00:00,gcp,2026-08-11T07:00:00Z,europe-north1,EDB5-DA96-8485,g2-standard-24,L4,2,1_year,USD,1.387964,Machine Per Hour,0.693982,machine_inclusive,accelerator $0.3885/GPU-hr plus 24 vCPU and 96 GB RAM
2026-08-11T12:08:03+00:00,gcp,2026-08-11T07:00:00Z,europe-north1,EDB5-DA96-8485,g2-standard-32,L4,1,1_year,USD,1.203125,GPU Per Hour,1.203125,machine_inclusive,accelerator $0.3885/GPU-hr plus 32 vCPU and 128 GB RAM
2026-08-11T12:08:03+00:00,gcp,2026-08-11T07:00:00Z,europe-north1,EDB5-DA96-8485,g2-standard-48,L4,4,1_year,USD,2.775927,Machine Per Hour,0.693982,machine_inclusive,accelerator $0.3885/GPU-hr plus 48 vCPU and 192 GB RAM
2026-08-11T12:08:03+00:00,gcp,2026-08-11T07:00:00Z,europe-north1,EDB5-DA96-8485,g2-standard-96,L4,8,1_year,USD,5.551855,Machine Per Hour,0.693982,machine_inclusive,accelerator $0.3885/GPU-hr plus 96 vCPU and 384 GB RAM
2026-08-11T12:08:03+00:00,gcp,2026-08-11T07:00:00Z,asia-east1,EDE5-960E-2433,g2-standard-4,L4,1,on_demand,USD,0.818441,GPU Per Hour,0.818441,machine_inclusive,accelerator $0.6485/GPU-hr plus 4 vCPU and 16 GB RAM
2026-08-11T12:08:03+00:00,gcp,2026-08-11T07:00:00Z,asia-east1,EDE5-960E-2433,g2-standard-8,L4,1,on_demand,USD,0.988412,GPU Per Hour,0.988412,machine_inclusive,accelerator $0.6485/GPU-hr plus 8 vCPU and 32 GB RAM
2026-08-11T12:08:03+00:00,gcp,2026-08-11T07:00:00Z,asia-east1,EDE5-960E-2433,g2-standard-12,L4,1,on_demand,USD,1.158382,GPU Per Hour,1.158382,machine_inclusive,accelerator $0.6485/GPU-hr plus 12 vCPU and 48 GB RAM
2026-08-11T12:08:03+00:00,gcp,2026-08-11T07:00:00Z,asia-east1,EDE5-960E-2433,g2-standard-16,L4,1,on_demand,USD,1.328353,GPU Per Hour,1.328353,machine_inclusive,accelerator $0.6485/GPU-hr plus 16 vCPU and 64 GB RAM
2026-08-11T12:08:03+00:00,gcp,2026-08-11T07:00:00Z,asia-east1,EDE5-960E-2433,g2-standard-24,L4,2,on_demand,USD,2.316764,Machine Per Hour,1.158382,machine_inclusive,accelerator $0.6485/GPU-hr plus 24 vCPU and 96 GB RAM
2026-08-11T12:08:03+00:00,gcp,2026-08-11T07:00:00Z,asia-east1,EDE5-960E-2433,g2-standard-32,L4,1,on_demand,USD,2.008235,GPU Per Hour,2.008235,machine_inclusive,accelerator $0.6485/GPU-hr plus 32 vCPU and 128 GB RAM
2026-08-11T12:08:03+00:00,gcp,2026-08-11T07:00:00Z,asia-east1,EDE5-960E-2433,g2-standard-48,L4,4,on_demand,USD,4.633528,Machine Per Hour,1.158382,machine_inclusive,accelerator $0.6485/GPU-hr plus 48 vCPU and 192 GB RAM
2026-08-11T12:08:03+00:00,gcp,2026-08-11T07:00:00Z,asia-east1,EDE5-960E-2433,g2-standard-96,L4,8,on_demand,USD,9.267057,Machine Per Hour,1.158382,machine_inclusive,accelerator $0.6485/GPU-hr plus 96 vCPU and 384 GB RAM
2026-08-11T12:08:03+00:00,gcp,2026-08-11T07:00:00Z,us-central1,EEA2-3162-085D,Nvidia Tesla P100 GPU,P100,1,spot,USD,0.6199,GPU Per Hour,0.6199,accelerator_only,"bare accelerator price; Google bills vCPU and RAM separately, so this is NOT comparable to Oracle or Azure"
2026-08-11T12:08:03+00:00,gcp,2026-08-11T07:00:00Z,us-west1,EEA2-3162-085D,Nvidia Tesla P100 GPU,P100,1,spot,USD,0.6199,GPU Per Hour,0.6199,accelerator_only,"bare accelerator price; Google bills vCPU and RAM separately, so this is NOT comparable to Oracle or Azure"
2026-08-11T12:08:03+00:00,gcp,2026-08-11T07:00:00Z,us-east1,EEA2-3162-085D,Nvidia Tesla P100 GPU,P100,1,spot,USD,0.6199,GPU Per Hour,0.6199,accelerator_only,"bare accelerator price; Google bills vCPU and RAM separately, so this is NOT comparable to Oracle or Azure"
2026-08-11T12:08:03+00:00,gcp,2026-08-11T07:00:00Z,europe-west8,EEF3-C4B8-B65B,a2-ultragpu-1g,A100,1,1_year,USD,4.841608,GPU Per Hour,4.841608,machine_inclusive,accelerator $4.0381/GPU-hr plus 12 vCPU and 170 GB RAM
2026-08-11T12:08:03+00:00,gcp,2026-08-11T07:00:00Z,europe-west8,EEF3-C4B8-B65B,a2-ultragpu-2g,A100,2,1_year,USD,9.683215,Machine Per Hour,4.841608,machine_inclusive,accelerator $4.0381/GPU-hr plus 24 vCPU and 340 GB RAM
2026-08-11T12:08:03+00:00,gcp,2026-08-11T07:00:00Z,europe-west8,EEF3-C4B8-B65B,a2-ultragpu-4g,A100,4,1_year,USD,19.36643,Machine Per Hour,4.841608,machine_inclusive,accelerator $4.0381/GPU-hr plus 48 vCPU and 680 GB RAM
2026-08-11T12:08:03+00:00,gcp,2026-08-11T07:00:00Z,europe-west8,EEF3-C4B8-B65B,a2-ultragpu-8g,A100,8,1_year,USD,38.732861,Machine Per Hour,4.841608,machine_inclusive,accelerator $4.0381/GPU-hr plus 96 vCPU and 1360 GB RAM
2026-08-11T12:08:03+00:00,gcp,2026-08-11T07:00:00Z,europe-southwest1,EF63-10E9-F44D,Nvidia Tesla P100 GPU,P100,1,1_year,USD,1.08442,GPU Per Hour,1.08442,accelerator_only,"bare accelerator price; Google bills vCPU and RAM separately, so this is NOT comparable to Oracle or Azure"
2026-08-11T12:08:03+00:00,gcp,2026-08-11T07:00:00Z,europe-west6,EFC4-DCDA-EADF,Nvidia Tesla V100 GPU,V100,1,spot,USD,0.3125,GPU Per Hour,0.3125,accelerator_only,"bare accelerator price; Google bills vCPU and RAM separately, so this is NOT comparable to Oracle or Azure"
2026-08-11T12:08:03+00:00,gcp,2026-08-11T07:00:00Z,europe-north1,F02B-2967-73A7,g2-standard-4,L4,1,3_year,USD,0.350232,GPU Per Hour,0.350232,machine_inclusive,accelerator $0.2775/GPU-hr plus 4 vCPU and 16 GB RAM
2026-08-11T12:08:03+00:00,gcp,2026-08-11T07:00:00Z,europe-north1,F02B-2967-73A7,g2-standard-8,L4,1,3_year,USD,0.422966,GPU Per Hour,0.422966,machine_inclusive,accelerator $0.2775/GPU-hr plus 8 vCPU and 32 GB RAM
2026-08-11T12:08:03+00:00,gcp,2026-08-11T07:00:00Z,europe-north1,F02B-2967-73A7,g2-standard-12,L4,1,3_year,USD,0.495701,GPU Per Hour,0.495701,machine_inclusive,accelerator $0.2775/GPU-hr plus 12 vCPU and 48 GB RAM
2026-08-11T12:08:03+00:00,gcp,2026-08-11T07:00:00Z,europe-north1,F02B-2967-73A7,g2-standard-16,L4,1,3_year,USD,0.568436,GPU Per Hour,0.568436,machine_inclusive,accelerator $0.2775/GPU-hr plus 16 vCPU and 64 GB RAM
2026-08-11T12:08:03+00:00,gcp,2026-08-11T07:00:00Z,europe-north1,F02B-2967-73A7,g2-standard-24,L4,2,3_year,USD,0.991402,Machine Per Hour,0.495701,machine_inclusive,accelerator $0.2775/GPU-hr plus 24 vCPU and 96 GB RAM
2026-08-11T12:08:03+00:00,gcp,2026-08-11T07:00:00Z,europe-north1,F02B-2967-73A7,g2-standard-32,L4,1,3_year,USD,0.859375,GPU Per Hour,0.859375,machine_inclusive,accelerator $0.2775/GPU-hr plus 32 vCPU and 128 GB RAM
2026-08-11T12:08:03+00:00,gcp,2026-08-11T07:00:00Z,europe-north1,F02B-2967-73A7,g2-standard-48,L4,4,3_year,USD,1.982805,Machine Per Hour,0.495701,machine_inclusive,accelerator $0.2775/GPU-hr plus 48 vCPU and 192 GB RAM
2026-08-11T12:08:03+00:00,gcp,2026-08-11T07:00:00Z,europe-north1,F02B-2967-73A7,g2-standard-96,L4,8,3_year,USD,3.96561,Machine Per Hour,0.495701,machine_inclusive,accelerator $0.2775/GPU-hr plus 96 vCPU and 384 GB RAM
2026-08-11T12:08:03+00:00,gcp,2026-08-11T07:00:00Z,asia-northeast1,F04E-4F60-B5E3,a3-megagpu-8g,H100 Mega,8,on_demand,USD,119.100798,Machine Per Hour,14.8876,machine_inclusive,accelerator $13.2841/GPU-hr plus 208 vCPU and 1872 GB RAM
2026-08-11T12:08:03+00:00,gcp,2026-08-11T07:00:00Z,australia-southeast1,F055-CE3D-AD46,g2-standard-4,L4,1,3_year,USD,0.397453,GPU Per Hour,0.397453,machine_inclusive,accelerator $0.3149/GPU-hr plus 4 vCPU and 16 GB RAM
2026-08-11T12:08:03+00:00,gcp,2026-08-11T07:00:00Z,australia-southeast1,F055-CE3D-AD46,g2-standard-8,L4,1,3_year,USD,0.479995,GPU Per Hour,0.479995,machine_inclusive,accelerator $0.3149/GPU-hr plus 8 vCPU and 32 GB RAM
2026-08-11T12:08:03+00:00,gcp,2026-08-11T07:00:00Z,australia-southeast1,F055-CE3D-AD46,g2-standard-12,L4,1,3_year,USD,0.562536,GPU Per Hour,0.562536,machine_inclusive,accelerator $0.3149/GPU-hr plus 12 vCPU and 48 GB RAM
2026-08-11T12:08:03+00:00,gcp,2026-08-11T07:00:00Z,australia-southeast1,F055-CE3D-AD46,g2-standard-16,L4,1,3_year,USD,0.645078,GPU Per Hour,0.645078,machine_inclusive,accelerator $0.3149/GPU-hr plus 16 vCPU and 64 GB RAM
2026-08-11T12:08:03+00:00,gcp,2026-08-11T07:00:00Z,australia-southeast1,F055-CE3D-AD46,g2-standard-24,L4,2,3_year,USD,1.125072,Machine Per Hour,0.562536,machine_inclusive,accelerator $0.3149/GPU-hr plus 24 vCPU and 96 GB RAM
2026-08-11T12:08:03+00:00,gcp,2026-08-11T07:00:00Z,australia-southeast1,F055-CE3D-AD46,g2-standard-32,L4,1,3_year,USD,0.975243,GPU Per Hour,0.975243,machine_inclusive,accelerator $0.3149/GPU-hr plus 32 vCPU and 128 GB RAM
2026-08-11T12:08:03+00:00,gcp,2026-08-11T07:00:00Z,australia-southeast1,F055-CE3D-AD46,g2-standard-48,L4,4,3_year,USD,2.250144,Machine Per Hour,0.562536,machine_inclusive,accelerator $0.3149/GPU-hr plus 48 vCPU and 192 GB RAM
2026-08-11T12:08:03+00:00,gcp,2026-08-11T07:00:00Z,australia-southeast1,F055-CE3D-AD46,g2-standard-96,L4,8,3_year,USD,4.500289,Machine Per Hour,0.562536,machine_inclusive,accelerator $0.3149/GPU-hr plus 96 vCPU and 384 GB RAM
2026-08-11T12:08:03+00:00,gcp,2026-08-11T07:00:00Z,us-east7,F0BB-C04D-C50E,A4 Nvidia B200 (1 gpu slice),B200,1,spot,USD,8.4174,GPU Per Hour,8.4174,machine_inclusive,Google publishes no separate A4 vCPU/RAM SKUs -- the per-slice price already covers the whole machine
2026-08-11T12:08:03+00:00,gcp,2026-08-11T07:00:00Z,europe-west9,F0D4-4032-0C9F,a2-highgpu-1g,A100,1,1_year,USD,2.68448,GPU Per Hour,2.68448,machine_inclusive,accelerator $2.1441/GPU-hr plus 12 vCPU and 85 GB RAM
2026-08-11T12:08:03+00:00,gcp,2026-08-11T07:00:00Z,europe-west9,F0D4-4032-0C9F,a2-highgpu-2g,A100,2,1_year,USD,5.36896,Machine Per Hour,2.68448,machine_inclusive,accelerator $2.1441/GPU-hr plus 24 vCPU and 170 GB RAM
2026-08-11T12:08:03+00:00,gcp,2026-08-11T07:00:00Z,europe-west9,F0D4-4032-0C9F,a2-highgpu-4g,A100,4,1_year,USD,10.737921,Machine Per Hour,2.68448,machine_inclusive,accelerator $2.1441/GPU-hr plus 48 vCPU and 340 GB RAM
2026-08-11T12:08:03+00:00,gcp,2026-08-11T07:00:00Z,europe-west9,F0D4-4032-0C9F,a2-highgpu-8g,A100,8,1_year,USD,21.475842,Machine Per Hour,2.68448,machine_inclusive,accelerator $2.1441/GPU-hr plus 96 vCPU and 680 GB RAM
2026-08-11T12:08:03+00:00,gcp,2026-08-11T07:00:00Z,europe-west9,F0D4-4032-0C9F,a2-megagpu-16g,A100,16,1_year,USD,40.733949,Machine Per Hour,2.545872,machine_inclusive,accelerator $2.1441/GPU-hr plus 96 vCPU and 1360 GB RAM
2026-08-11T12:08:03+00:00,gcp,2026-08-11T07:00:00Z,us-south1,F135-3739-68E0,Nvidia Tesla P100 GPU,P100,1,on_demand,USD,1.7228,GPU Per Hour,1.7228,accelerator_only,"bare accelerator price; Google bills vCPU and RAM separately, so this is NOT comparable to Oracle or Azure"
2026-08-11T12:08:03+00:00,gcp,2026-08-11T07:00:00Z,asia-east1,F13C-5C7F-4985,a3-highgpu-8g,H100,8,on_demand,USD,101.701246,Machine Per Hour,12.712656,machine_inclusive,accelerator $11.3434/GPU-hr plus 208 vCPU and 1872 GB RAM
2026-08-11T12:08:03+00:00,gcp,2026-08-11T07:00:00Z,us-west3,F142-756B-2AAB,RTX 6000 96GB,RTX PRO 6000,1,on_demand,USD,1.205215,GPU Per Hour,1.205215,accelerator_only,"bare accelerator price; Google bills vCPU and RAM separately, so this is NOT comparable to Oracle or Azure"
2026-08-11T12:08:03+00:00,gcp,2026-08-11T07:00:00Z,europe-southwest1,F16C-4FFE-55F1,Nvidia Tesla T4 GPU,T4,1,3_year,USD,0.1888,GPU Per Hour,0.1888,accelerator_only,"bare accelerator price; Google bills vCPU and RAM separately, so this is NOT comparable to Oracle or Azure"
2026-08-11T12:08:03+00:00,gcp,2026-08-11T07:00:00Z,europe-west12,F194-04B0-D66C,a2-highgpu-1g,A100,1,1_year,USD,2.985327,GPU Per Hour,2.985327,machine_inclusive,accelerator $2.3844/GPU-hr plus 12 vCPU and 85 GB RAM
2026-08-11T12:08:03+00:00,gcp,2026-08-11T07:00:00Z,europe-west12,F194-04B0-D66C,a2-highgpu-2g,A100,2,1_year,USD,5.970654,Machine Per Hour,2.985327,machine_inclusive,accelerator $2.3844/GPU-hr plus 24 vCPU and 170 GB RAM
2026-08-11T12:08:03+00:00,gcp,2026-08-11T07:00:00Z,europe-west12,F194-04B0-D66C,a2-highgpu-4g,A100,4,1_year,USD,11.941308,Machine Per Hour,2.985327,machine_inclusive,accelerator $2.3844/GPU-hr plus 48 vCPU and 340 GB RAM
2026-08-11T12:08:03+00:00,gcp,2026-08-11T07:00:00Z,europe-west12,F194-04B0-D66C,a2-highgpu-8g,A100,8,1_year,USD,23.882616,Machine Per Hour,2.985327,machine_inclusive,accelerator $2.3844/GPU-hr plus 96 vCPU and 680 GB RAM
2026-08-11T12:08:03+00:00,gcp,2026-08-11T07:00:00Z,europe-west12,F194-04B0-D66C,a2-megagpu-16g,A100,16,1_year,USD,45.298959,Machine Per Hour,2.831185,machine_inclusive,accelerator $2.3844/GPU-hr plus 96 vCPU and 1360 GB RAM
2026-08-11T12:08:03+00:00,gcp,2026-08-11T07:00:00Z,asia-south2,F19F-10F2-19F7,Nvidia Tesla P4 GPU,P4,1,spot,USD,0.0776,GPU Per Hour,0.0776,accelerator_only,"bare accelerator price; Google bills vCPU and RAM separately, so this is NOT comparable to Oracle or Azure"
2026-08-11T12:08:03+00:00,gcp,2026-08-11T07:00:00Z,us-west4,F1C2-B1EB-5F8C,A4 Nvidia B200 (1 gpu slice),B200,1,spot,USD,2.0076,GPU Per Hour,2.0076,machine_inclusive,Google publishes no separate A4 vCPU/RAM SKUs -- the per-slice price already covers the whole machine
2026-08-11T12:08:03+00:00,gcp,2026-08-11T07:00:00Z,northamerica-northeast1,F1D4-71EE-F463,a2-ultragpu-1g,A100,1,spot,USD,1.28534,GPU Per Hour,1.28534,machine_inclusive,accelerator $1.1758/GPU-hr plus 12 vCPU and 170 GB RAM
2026-08-11T12:08:03+00:00,gcp,2026-08-11T07:00:00Z,northamerica-northeast1,F1D4-71EE-F463,a2-ultragpu-2g,A100,2,spot,USD,2.57068,Machine Per Hour,1.28534,machine_inclusive,accelerator $1.1758/GPU-hr plus 24 vCPU and 340 GB RAM
2026-08-11T12:08:03+00:00,gcp,2026-08-11T07:00:00Z,northamerica-northeast1,F1D4-71EE-F463,a2-ultragpu-4g,A100,4,spot,USD,5.14136,Machine Per Hour,1.28534,machine_inclusive,accelerator $1.1758/GPU-hr plus 48 vCPU and 680 GB RAM
2026-08-11T12:08:03+00:00,gcp,2026-08-11T07:00:00Z,northamerica-northeast1,F1D4-71EE-F463,a2-ultragpu-8g,A100,8,spot,USD,10.28272,Machine Per Hour,1.28534,machine_inclusive,accelerator $1.1758/GPU-hr plus 96 vCPU and 1360 GB RAM
2026-08-11T12:08:03+00:00,gcp,2026-08-11T07:00:00Z,us-east5,F20C-EDFB-A03A,g2-standard-4,L4,1,spot,USD,0.071828,GPU Per Hour,0.071828,machine_inclusive,accelerator $0.0569/GPU-hr plus 4 vCPU and 16 GB RAM
2026-08-11T12:08:03+00:00,gcp,2026-08-11T07:00:00Z,us-east5,F20C-EDFB-A03A,g2-standard-8,L4,1,spot,USD,0.086756,GPU Per Hour,0.086756,machine_inclusive,accelerator $0.0569/GPU-hr plus 8 vCPU and 32 GB RAM
2026-08-11T12:08:03+00:00,gcp,2026-08-11T07:00:00Z,us-east5,F20C-EDFB-A03A,g2-standard-12,L4,1,spot,USD,0.101684,GPU Per Hour,0.101684,machine_inclusive,accelerator $0.0569/GPU-hr plus 12 vCPU and 48 GB RAM
2026-08-11T12:08:03+00:00,gcp,2026-08-11T07:00:00Z,us-east5,F20C-EDFB-A03A,g2-standard-16,L4,1,spot,USD,0.116612,GPU Per Hour,0.116612,machine_inclusive,accelerator $0.0569/GPU-hr plus 16 vCPU and 64 GB RAM
2026-08-11T12:08:03+00:00,gcp,2026-08-11T07:00:00Z,us-east5,F20C-EDFB-A03A,g2-standard-24,L4,2,spot,USD,0.203368,Machine Per Hour,0.101684,machine_inclusive,accelerator $0.0569/GPU-hr plus 24 vCPU and 96 GB RAM
2026-08-11T12:08:03+00:00,gcp,2026-08-11T07:00:00Z,us-east5,F20C-EDFB-A03A,g2-standard-32,L4,1,spot,USD,0.176324,GPU Per Hour,0.176324,machine_inclusive,accelerator $0.0569/GPU-hr plus 32 vCPU and 128 GB RAM
2026-08-11T12:08:03+00:00,gcp,2026-08-11T07:00:00Z,us-east5,F20C-EDFB-A03A,g2-standard-48,L4,4,spot,USD,0.406736,Machine Per Hour,0.101684,machine_inclusive,accelerator $0.0569/GPU-hr plus 48 vCPU and 192 GB RAM
2026-08-11T12:08:03+00:00,gcp,2026-08-11T07:00:00Z,us-east5,F20C-EDFB-A03A,g2-standard-96,L4,8,spot,USD,0.813472,Machine Per Hour,0.101684,machine_inclusive,accelerator $0.0569/GPU-hr plus 96 vCPU and 384 GB RAM
2026-08-11T12:08:03+00:00,gcp,2026-08-11T07:00:00Z,asia-south1,F247-93FD-0CD4,a2-ultragpu-1g,A100,1,1_year,USD,5.013058,GPU Per Hour,5.013058,machine_inclusive,accelerator $4.1811/GPU-hr plus 12 vCPU and 170 GB RAM
2026-08-11T12:08:03+00:00,gcp,2026-08-11T07:00:00Z,asia-south1,F247-93FD-0CD4,a2-ultragpu-2g,A100,2,1_year,USD,10.026117,Machine Per Hour,5.013058,machine_inclusive,accelerator $4.1811/GPU-hr plus 24 vCPU and 340 GB RAM
2026-08-11T12:08:03+00:00,gcp,2026-08-11T07:00:00Z,asia-south1,F247-93FD-0CD4,a2-ultragpu-4g,A100,4,1_year,USD,20.052234,Machine Per Hour,5.013058,machine_inclusive,accelerator $4.1811/GPU-hr plus 48 vCPU and 680 GB RAM
2026-08-11T12:08:03+00:00,gcp,2026-08-11T07:00:00Z,asia-south1,F247-93FD-0CD4,a2-ultragpu-8g,A100,8,1_year,USD,40.104467,Machine Per Hour,5.013058,machine_inclusive,accelerator $4.1811/GPU-hr plus 96 vCPU and 1360 GB RAM
2026-08-11T12:08:03+00:00,gcp,2026-08-11T07:00:00Z,europe-west12,F25C-CFF4-59C7,a2-ultragpu-1g,A100,1,3_year,USD,4.491141,GPU Per Hour,4.491141,machine_inclusive,accelerator $3.9946/GPU-hr plus 12 vCPU and 170 GB RAM
2026-08-11T12:08:03+00:00,gcp,2026-08-11T07:00:00Z,europe-west12,F25C-CFF4-59C7,a2-ultragpu-2g,A100,2,3_year,USD,8.982281,Machine Per Hour,4.491141,machine_inclusive,accelerator $3.9946/GPU-hr plus 24 vCPU and 340 GB RAM
2026-08-11T12:08:03+00:00,gcp,2026-08-11T07:00:00Z,europe-west12,F25C-CFF4-59C7,a2-ultragpu-4g,A100,4,3_year,USD,17.964563,Machine Per Hour,4.491141,machine_inclusive,accelerator $3.9946/GPU-hr plus 48 vCPU and 680 GB RAM
2026-08-11T12:08:03+00:00,gcp,2026-08-11T07:00:00Z,europe-west12,F25C-CFF4-59C7,a2-ultragpu-8g,A100,8,3_year,USD,35.929126,Machine Per Hour,4.491141,machine_inclusive,accelerator $3.9946/GPU-hr plus 96 vCPU and 1360 GB RAM
2026-08-11T12:08:03+00:00,gcp,2026-08-11T07:00:00Z,europe-central2,F371-65E2-33A5,Nvidia Tesla P100 GPU,P100,1,3_year,USD,0.72,GPU Per Hour,0.72,accelerator_only,"bare accelerator price; Google bills vCPU and RAM separately, so this is NOT comparable to Oracle or Azure"
2026-08-11T12:08:03+00:00,gcp,2026-08-11T07:00:00Z,europe-west8,F3BB-0DED-1BED,Nvidia Tesla P100 GPU,P100,1,1_year,USD,1.06604,GPU Per Hour,1.06604,accelerator_only,"bare accelerator price; Google bills vCPU and RAM separately, so this is NOT comparable to Oracle or Azure"
2026-08-11T12:08:03+00:00,gcp,2026-08-11T07:00:00Z,us-west3,F402-0D26-40C8,a2-highgpu-1g,A100,1,spot,USD,2.594965,GPU Per Hour,2.594965,machine_inclusive,accelerator $2.0621/GPU-hr plus 12 vCPU and 85 GB RAM
2026-08-11T12:08:03+00:00,gcp,2026-08-11T07:00:00Z,us-west3,F402-0D26-40C8,a2-highgpu-2g,A100,2,spot,USD,5.18993,Machine Per Hour,2.594965,machine_inclusive,accelerator $2.0621/GPU-hr plus 24 vCPU and 170 GB RAM
2026-08-11T12:08:03+00:00,gcp,2026-08-11T07:00:00Z,us-west3,F402-0D26-40C8,a2-highgpu-4g,A100,4,spot,USD,10.37986,Machine Per Hour,2.594965,machine_inclusive,accelerator $2.0621/GPU-hr plus 48 vCPU and 340 GB RAM
2026-08-11T12:08:03+00:00,gcp,2026-08-11T07:00:00Z,us-west3,F402-0D26-40C8,a2-highgpu-8g,A100,8,spot,USD,20.75972,Machine Per Hour,2.594965,machine_inclusive,accelerator $2.0621/GPU-hr plus 96 vCPU and 680 GB RAM
2026-08-11T12:08:03+00:00,gcp,2026-08-11T07:00:00Z,us-west3,F402-0D26-40C8,a2-megagpu-16g,A100,16,spot,USD,39.33256,Machine Per Hour,2.458285,machine_inclusive,accelerator $2.0621/GPU-hr plus 96 vCPU and 1360 GB RAM
2026-08-11T12:08:03+00:00,gcp,2026-08-11T07:00:00Z,us-east4,F428-34E7-9E4E,a3-highgpu-8g,H100,8,1_year,USD,60.969432,Machine Per Hour,7.621179,machine_inclusive,accelerator $6.7988/GPU-hr plus 208 vCPU and 1872 GB RAM
2026-08-11T12:08:03+00:00,gcp,2026-08-11T07:00:00Z,us-west3,F45A-49BE-75AC,Nvidia Tesla T4 GPU,T4,1,spot,USD,0.1116,GPU Per Hour,0.1116,accelerator_only,"bare accelerator price; Google bills vCPU and RAM separately, so this is NOT comparable to Oracle or Azure"
2026-08-11T12:08:03+00:00,gcp,2026-08-11T07:00:00Z,europe-west4,F46A-C3D7-C37D,Nvidia Tesla P100 GPU,P100,1,spot,USD,0.144,GPU Per Hour,0.144,accelerator_only,"bare accelerator price; Google bills vCPU and RAM separately, so this is NOT comparable to Oracle or Azure"
2026-08-11T12:08:03+00:00,gcp,2026-08-11T07:00:00Z,northamerica-northeast1,F483-90A0-A972,a3-highgpu-8g,H100,8,3_year,USD,42.467763,Machine Per Hour,5.30847,machine_inclusive,accelerator $4.7346/GPU-hr plus 208 vCPU and 1872 GB RAM
2026-08-11T12:08:03+00:00,gcp,2026-08-11T07:00:00Z,southamerica-west1,F4CD-E0CD-05FD,Nvidia Tesla T4 GPU,T4,1,on_demand,USD,0.5005,GPU Per Hour,0.5005,accelerator_only,"bare accelerator price; Google bills vCPU and RAM separately, so this is NOT comparable to Oracle or Azure"
2026-08-11T12:08:03+00:00,gcp,2026-08-11T07:00:00Z,me-west1,F501-6A5E-AC7F,a2-highgpu-1g,A100,1,3_year,USD,1.41428,GPU Per Hour,1.41428,machine_inclusive,accelerator $1.1296/GPU-hr plus 12 vCPU and 85 GB RAM
2026-08-11T12:08:03+00:00,gcp,2026-08-11T07:00:00Z,me-west1,F501-6A5E-AC7F,a2-highgpu-2g,A100,2,3_year,USD,2.828559,Machine Per Hour,1.41428,machine_inclusive,accelerator $1.1296/GPU-hr plus 24 vCPU and 170 GB RAM
2026-08-11T12:08:03+00:00,gcp,2026-08-11T07:00:00Z,me-west1,F501-6A5E-AC7F,a2-highgpu-4g,A100,4,3_year,USD,5.657118,Machine Per Hour,1.41428,machine_inclusive,accelerator $1.1296/GPU-hr plus 48 vCPU and 340 GB RAM
2026-08-11T12:08:03+00:00,gcp,2026-08-11T07:00:00Z,me-west1,F501-6A5E-AC7F,a2-highgpu-8g,A100,8,3_year,USD,11.314237,Machine Per Hour,1.41428,machine_inclusive,accelerator $1.1296/GPU-hr plus 96 vCPU and 680 GB RAM
2026-08-11T12:08:03+00:00,gcp,2026-08-11T07:00:00Z,me-west1,F501-6A5E-AC7F,a2-megagpu-16g,A100,16,3_year,USD,21.460127,Machine Per Hour,1.341258,machine_inclusive,accelerator $1.1296/GPU-hr plus 96 vCPU and 1360 GB RAM
2026-08-11T12:08:03+00:00,gcp,2026-08-11T07:00:00Z,us-south1,F53D-6C29-A855,A4 Nvidia B200 (1 gpu slice),B200,1,3_year,USD,7.0884,GPU Per Hour,7.0884,machine_inclusive,Google publishes no separate A4 vCPU/RAM SKUs -- the per-slice price already covers the whole machine
2026-08-11T12:08:03+00:00,gcp,2026-08-11T07:00:00Z,us-east4,F546-2EEC-E9A7,a2-ultragpu-1g,A100,1,3_year,USD,3.921151,GPU Per Hour,3.921151,machine_inclusive,accelerator $3.4877/GPU-hr plus 12 vCPU and 170 GB RAM
2026-08-11T12:08:03+00:00,gcp,2026-08-11T07:00:00Z,us-east4,F546-2EEC-E9A7,a2-ultragpu-2g,A100,2,3_year,USD,7.842302,Machine Per Hour,3.921151,machine_inclusive,accelerator $3.4877/GPU-hr plus 24 vCPU and 340 GB RAM
2026-08-11T12:08:03+00:00,gcp,2026-08-11T07:00:00Z,us-east4,F546-2EEC-E9A7,a2-ultragpu-4g,A100,4,3_year,USD,15.684605,Machine Per Hour,3.921151,machine_inclusive,accelerator $3.4877/GPU-hr plus 48 vCPU and 680 GB RAM
2026-08-11T12:08:03+00:00,gcp,2026-08-11T07:00:00Z,us-east4,F546-2EEC-E9A7,a2-ultragpu-8g,A100,8,3_year,USD,31.36921,Machine Per Hour,3.921151,machine_inclusive,accelerator $3.4877/GPU-hr plus 96 vCPU and 1360 GB RAM
2026-08-11T12:08:03+00:00,gcp,2026-08-11T07:00:00Z,me-west1,F54A-065F-435E,Nvidia Tesla T4 GPU,T4,1,on_demand,USD,0.385,GPU Per Hour,0.385,accelerator_only,"bare accelerator price; Google bills vCPU and RAM separately, so this is NOT comparable to Oracle or Azure"
2026-08-11T12:08:03+00:00,gcp,2026-08-11T07:00:00Z,europe-west6,F57A-88C1-490D,a2-ultragpu-1g,A100,1,3_year,USD,4.870373,GPU Per Hour,4.870373,machine_inclusive,accelerator $4.3318/GPU-hr plus 12 vCPU and 170 GB RAM
2026-08-11T12:08:03+00:00,gcp,2026-08-11T07:00:00Z,europe-west6,F57A-88C1-490D,a2-ultragpu-2g,A100,2,3_year,USD,9.740745,Machine Per Hour,4.870373,machine_inclusive,accelerator $4.3318/GPU-hr plus 24 vCPU and 340 GB RAM
2026-08-11T12:08:03+00:00,gcp,2026-08-11T07:00:00Z,europe-west6,F57A-88C1-490D,a2-ultragpu-4g,A100,4,3_year,USD,19.48149,Machine Per Hour,4.870373,machine_inclusive,accelerator $4.3318/GPU-hr plus 48 vCPU and 680 GB RAM
2026-08-11T12:08:03+00:00,gcp,2026-08-11T07:00:00Z,europe-west6,F57A-88C1-490D,a2-ultragpu-8g,A100,8,3_year,USD,38.962981,Machine Per Hour,4.870373,machine_inclusive,accelerator $4.3318/GPU-hr plus 96 vCPU and 1360 GB RAM
2026-08-11T12:08:03+00:00,gcp,2026-08-11T07:00:00Z,europe-west6,F5BC-8C2D-5097,Nvidia Tesla T4 GPU,T4,1,spot,USD,0.0943,GPU Per Hour,0.0943,accelerator_only,"bare accelerator price; Google bills vCPU and RAM separately, so this is NOT comparable to Oracle or Azure"
2026-08-11T12:08:03+00:00,gcp,2026-08-11T07:00:00Z,us-east4,F5E8-2872-60F3,Nvidia Tesla T4 GPU,T4,1,spot,USD,0.1777,GPU Per Hour,0.1777,accelerator_only,"bare accelerator price; Google bills vCPU and RAM separately, so this is NOT comparable to Oracle or Azure"
2026-08-11T12:08:03+00:00,gcp,2026-08-11T07:00:00Z,me-central1,F606-D22E-9371,Nvidia Tesla T4 GPU,T4,1,spot,USD,0.0401,GPU Per Hour,0.0401,accelerator_only,"bare accelerator price; Google bills vCPU and RAM separately, so this is NOT comparable to Oracle or Azure"
2026-08-11T12:08:03+00:00,gcp,2026-08-11T07:00:00Z,asia-southeast1,F616-0EBB-2130,a2-ultragpu-1g,A100,1,3_year,USD,4.295059,GPU Per Hour,4.295059,machine_inclusive,accelerator $3.8203/GPU-hr plus 12 vCPU and 170 GB RAM
2026-08-11T12:08:03+00:00,gcp,2026-08-11T07:00:00Z,asia-southeast1,F616-0EBB-2130,a2-ultragpu-2g,A100,2,3_year,USD,8.590118,Machine Per Hour,4.295059,machine_inclusive,accelerator $3.8203/GPU-hr plus 24 vCPU and 340 GB RAM
2026-08-11T12:08:03+00:00,gcp,2026-08-11T07:00:00Z,asia-southeast1,F616-0EBB-2130,a2-ultragpu-4g,A100,4,3_year,USD,17.180237,Machine Per Hour,4.295059,machine_inclusive,accelerator $3.8203/GPU-hr plus 48 vCPU and 680 GB RAM
2026-08-11T12:08:03+00:00,gcp,2026-08-11T07:00:00Z,asia-southeast1,F616-0EBB-2130,a2-ultragpu-8g,A100,8,3_year,USD,34.360473,Machine Per Hour,4.295059,machine_inclusive,accelerator $3.8203/GPU-hr plus 96 vCPU and 1360 GB RAM
2026-08-11T12:08:03+00:00,gcp,2026-08-11T07:00:00Z,australia-southeast1,F659-080A-5849,Nvidia Tesla P100 GPU,P100,1,1_year,USD,1.008,GPU Per Hour,1.008,accelerator_only,"bare accelerator price; Google bills vCPU and RAM separately, so this is NOT comparable to Oracle or Azure"
2026-08-11T12:08:03+00:00,gcp,2026-08-11T07:00:00Z,us-west4,F65B-4421-EC9E,a3-highgpu-8g,H100,8,1_year,USD,68.669866,Machine Per Hour,8.583733,machine_inclusive,accelerator $7.6575/GPU-hr plus 208 vCPU and 1872 GB RAM
2026-08-11T12:08:03+00:00,gcp,2026-08-11T07:00:00Z,me-central2,F69F-0D3B-BA87,RTX 6000 96GB,RTX PRO 6000,1,1_year,USD,0.9072,GPU Per Hour,0.9072,accelerator_only,"bare accelerator price; Google bills vCPU and RAM separately, so this is NOT comparable to Oracle or Azure"
2026-08-11T12:08:03+00:00,gcp,2026-08-11T07:00:00Z,europe-west8,F6FF-964A-4663,Nvidia Tesla V100 GPU,V100,1,3_year,USD,1.29456,GPU Per Hour,1.29456,accelerator_only,"bare accelerator price; Google bills vCPU and RAM separately, so this is NOT comparable to Oracle or Azure"
2026-08-11T12:08:03+00:00,gcp,2026-08-11T07:00:00Z,us-south1,F723-B00C-984F,Nvidia Tesla V100 GPU,V100,1,on_demand,USD,2.9264,GPU Per Hour,2.9264,accelerator_only,"bare accelerator price; Google bills vCPU and RAM separately, so this is NOT comparable to Oracle or Azure"
2026-08-11T12:08:03+00:00,gcp,2026-08-11T07:00:00Z,europe-west4,F728-7769-87F8,Nvidia Tesla P4 GPU,P4,1,on_demand,USD,0.65,GPU Per Hour,0.65,accelerator_only,"bare accelerator price; Google bills vCPU and RAM separately, so this is NOT comparable to Oracle or Azure"
2026-08-11T12:08:03+00:00,gcp,2026-08-11T07:00:00Z,asia-northeast2,F73A-2614-DAA4,a3-highgpu-8g,H100,8,spot,USD,10.241648,Machine Per Hour,1.280206,machine_inclusive,accelerator $1.1429/GPU-hr plus 208 vCPU and 1872 GB RAM
2026-08-11T12:08:03+00:00,gcp,2026-08-11T07:00:00Z,us-west4,F783-2A16-90E3,A4 Nvidia B200 (1 gpu slice),B200,1,1_year,USD,11.1159,GPU Per Hour,11.1159,machine_inclusive,Google publishes no separate A4 vCPU/RAM SKUs -- the per-slice price already covers the whole machine
2026-08-11T12:08:03+00:00,gcp,2026-08-11T07:00:00Z,asia-south1,F789-B091-0EAC,Nvidia Tesla T4 GPU,T4,1,1_year,USD,0.26,GPU Per Hour,0.26,accelerator_only,"bare accelerator price; Google bills vCPU and RAM separately, so this is NOT comparable to Oracle or Azure"
2026-08-11T12:08:03+00:00,gcp,2026-08-11T07:00:00Z,europe-central2,F7C1-501F-020E,a3-highgpu-8g,H100,8,1_year,USD,78.55301,Machine Per Hour,9.819126,machine_inclusive,accelerator $8.7596/GPU-hr plus 208 vCPU and 1872 GB RAM
2026-08-11T12:08:03+00:00,gcp,2026-08-11T07:00:00Z,asia-northeast1,F7F3-FC34-D9DE,a2-ultragpu-1g,A100,1,3_year,USD,4.469728,GPU Per Hour,4.469728,machine_inclusive,accelerator $3.9766/GPU-hr plus 12 vCPU and 170 GB RAM
2026-08-11T12:08:03+00:00,gcp,2026-08-11T07:00:00Z,asia-northeast1,F7F3-FC34-D9DE,a2-ultragpu-2g,A100,2,3_year,USD,8.939455,Machine Per Hour,4.469728,machine_inclusive,accelerator $3.9766/GPU-hr plus 24 vCPU and 340 GB RAM
2026-08-11T12:08:03+00:00,gcp,2026-08-11T07:00:00Z,asia-northeast1,F7F3-FC34-D9DE,a2-ultragpu-4g,A100,4,3_year,USD,17.87891,Machine Per Hour,4.469728,machine_inclusive,accelerator $3.9766/GPU-hr plus 48 vCPU and 680 GB RAM
2026-08-11T12:08:03+00:00,gcp,2026-08-11T07:00:00Z,asia-northeast1,F7F3-FC34-D9DE,a2-ultragpu-8g,A100,8,3_year,USD,35.75782,Machine Per Hour,4.469728,machine_inclusive,accelerator $3.9766/GPU-hr plus 96 vCPU and 1360 GB RAM
2026-08-11T12:08:03+00:00,gcp,2026-08-11T07:00:00Z,asia-east1,F7F7-8B74-EEEB,Nvidia Tesla V100 GPU,V100,1,spot,USD,0.4821,GPU Per Hour,0.4821,accelerator_only,"bare accelerator price; Google bills vCPU and RAM separately, so this is NOT comparable to Oracle or Azure"
2026-08-11T12:08:03+00:00,gcp,2026-08-11T07:00:00Z,asia-south1,F80C-E2BE-83F9,a2-highgpu-1g,A100,1,spot,USD,0.553135,GPU Per Hour,0.553135,machine_inclusive,accelerator $0.4396/GPU-hr plus 12 vCPU and 85 GB RAM
2026-08-11T12:08:03+00:00,gcp,2026-08-11T07:00:00Z,asia-south1,F80C-E2BE-83F9,a2-highgpu-2g,A100,2,spot,USD,1.10627,Machine Per Hour,0.553135,machine_inclusive,accelerator $0.4396/GPU-hr plus 24 vCPU and 170 GB RAM
2026-08-11T12:08:03+00:00,gcp,2026-08-11T07:00:00Z,asia-south1,F80C-E2BE-83F9,a2-highgpu-4g,A100,4,spot,USD,2.21254,Machine Per Hour,0.553135,machine_inclusive,accelerator $0.4396/GPU-hr plus 48 vCPU and 340 GB RAM
2026-08-11T12:08:03+00:00,gcp,2026-08-11T07:00:00Z,asia-south1,F80C-E2BE-83F9,a2-highgpu-8g,A100,8,spot,USD,4.42508,Machine Per Hour,0.553135,machine_inclusive,accelerator $0.4396/GPU-hr plus 96 vCPU and 680 GB RAM
2026-08-11T12:08:03+00:00,gcp,2026-08-11T07:00:00Z,asia-south1,F80C-E2BE-83F9,a2-megagpu-16g,A100,16,spot,USD,8.38456,Machine Per Hour,0.524035,machine_inclusive,accelerator $0.4396/GPU-hr plus 96 vCPU and 1360 GB RAM
2026-08-11T12:08:03+00:00,gcp,2026-08-11T07:00:00Z,europe-west8,F82B-1066-C5CB,g2-standard-4,L4,1,1_year,USD,0.516553,GPU Per Hour,0.516553,machine_inclusive,accelerator $0.4093/GPU-hr plus 4 vCPU and 16 GB RAM
2026-08-11T12:08:03+00:00,gcp,2026-08-11T07:00:00Z,europe-west8,F82B-1066-C5CB,g2-standard-8,L4,1,1_year,USD,0.623829,GPU Per Hour,0.623829,machine_inclusive,accelerator $0.4093/GPU-hr plus 8 vCPU and 32 GB RAM
2026-08-11T12:08:03+00:00,gcp,2026-08-11T07:00:00Z,europe-west8,F82B-1066-C5CB,g2-standard-12,L4,1,1_year,USD,0.731104,GPU Per Hour,0.731104,machine_inclusive,accelerator $0.4093/GPU-hr plus 12 vCPU and 48 GB RAM
2026-08-11T12:08:03+00:00,gcp,2026-08-11T07:00:00Z,europe-west8,F82B-1066-C5CB,g2-standard-16,L4,1,1_year,USD,0.83838,GPU Per Hour,0.83838,machine_inclusive,accelerator $0.4093/GPU-hr plus 16 vCPU and 64 GB RAM
2026-08-11T12:08:03+00:00,gcp,2026-08-11T07:00:00Z,europe-west8,F82B-1066-C5CB,g2-standard-24,L4,2,1_year,USD,1.462209,Machine Per Hour,0.731104,machine_inclusive,accelerator $0.4093/GPU-hr plus 24 vCPU and 96 GB RAM
2026-08-11T12:08:03+00:00,gcp,2026-08-11T07:00:00Z,europe-west8,F82B-1066-C5CB,g2-standard-32,L4,1,1_year,USD,1.267482,GPU Per Hour,1.267482,machine_inclusive,accelerator $0.4093/GPU-hr plus 32 vCPU and 128 GB RAM
2026-08-11T12:08:03+00:00,gcp,2026-08-11T07:00:00Z,europe-west8,F82B-1066-C5CB,g2-standard-48,L4,4,1_year,USD,2.924417,Machine Per Hour,0.731104,machine_inclusive,accelerator $0.4093/GPU-hr plus 48 vCPU and 192 GB RAM
2026-08-11T12:08:03+00:00,gcp,2026-08-11T07:00:00Z,europe-west8,F82B-1066-C5CB,g2-standard-96,L4,8,1_year,USD,5.848834,Machine Per Hour,0.731104,machine_inclusive,accelerator $0.4093/GPU-hr plus 96 vCPU and 384 GB RAM
2026-08-11T12:08:03+00:00,gcp,2026-08-11T07:00:00Z,us-south1,F837-B481-15A5,Nvidia Tesla P100 GPU,P100,1,1_year,USD,1.08442,GPU Per Hour,1.08442,accelerator_only,"bare accelerator price; Google bills vCPU and RAM separately, so this is NOT comparable to Oracle or Azure"
2026-08-11T12:08:03+00:00,gcp,2026-08-11T07:00:00Z,europe-west3,F843-3507-309E,a2-ultragpu-1g,A100,1,spot,USD,0.77537,GPU Per Hour,0.77537,machine_inclusive,accelerator $0.6065/GPU-hr plus 12 vCPU and 170 GB RAM
2026-08-11T12:08:03+00:00,gcp,2026-08-11T07:00:00Z,europe-west3,F843-3507-309E,a2-ultragpu-2g,A100,2,spot,USD,1.55074,Machine Per Hour,0.77537,machine_inclusive,accelerator $0.6065/GPU-hr plus 24 vCPU and 340 GB RAM
2026-08-11T12:08:03+00:00,gcp,2026-08-11T07:00:00Z,europe-west3,F843-3507-309E,a2-ultragpu-4g,A100,4,spot,USD,3.10148,Machine Per Hour,0.77537,machine_inclusive,accelerator $0.6065/GPU-hr plus 48 vCPU and 680 GB RAM
2026-08-11T12:08:03+00:00,gcp,2026-08-11T07:00:00Z,europe-west3,F843-3507-309E,a2-ultragpu-8g,A100,8,spot,USD,6.20296,Machine Per Hour,0.77537,machine_inclusive,accelerator $0.6065/GPU-hr plus 96 vCPU and 1360 GB RAM
2026-08-11T12:08:03+00:00,gcp,2026-08-11T07:00:00Z,europe-west2,F873-7D7A-0D02,a2-ultragpu-1g,A100,1,1_year,USD,5.377433,GPU Per Hour,5.377433,machine_inclusive,accelerator $4.4850/GPU-hr plus 12 vCPU and 170 GB RAM
2026-08-11T12:08:03+00:00,gcp,2026-08-11T07:00:00Z,europe-west2,F873-7D7A-0D02,a2-ultragpu-2g,A100,2,1_year,USD,10.754866,Machine Per Hour,5.377433,machine_inclusive,accelerator $4.4850/GPU-hr plus 24 vCPU and 340 GB RAM
2026-08-11T12:08:03+00:00,gcp,2026-08-11T07:00:00Z,europe-west2,F873-7D7A-0D02,a2-ultragpu-4g,A100,4,1_year,USD,21.509732,Machine Per Hour,5.377433,machine_inclusive,accelerator $4.4850/GPU-hr plus 48 vCPU and 680 GB RAM
2026-08-11T12:08:03+00:00,gcp,2026-08-11T07:00:00Z,europe-west2,F873-7D7A-0D02,a2-ultragpu-8g,A100,8,1_year,USD,43.019464,Machine Per Hour,5.377433,machine_inclusive,accelerator $4.4850/GPU-hr plus 96 vCPU and 1360 GB RAM
2026-08-11T12:08:03+00:00,gcp,2026-08-11T07:00:00Z,europe-west1,F8B4-B5C7-10AF,1/8 vGPU,,,1_year,USD,0.49097,GPU Per Hour,,,accelerator not in the lookup table -- add it to gcp.py
2026-08-11T12:08:03+00:00,gcp,2026-08-11T07:00:00Z,asia-south2,F8F6-1971-5039,a3-highgpu-8g,H100,8,spot,USD,30.779136,Machine Per Hour,3.847392,machine_inclusive,accelerator $3.4329/GPU-hr plus 208 vCPU and 1872 GB RAM
2026-08-11T12:08:03+00:00,gcp,2026-08-11T07:00:00Z,me-west1,F8F7-CC94-51B9,A4 Nvidia B200 (1 gpu slice),B200,1,spot,USD,2.4091,GPU Per Hour,2.4091,machine_inclusive,Google publishes no separate A4 vCPU/RAM SKUs -- the per-slice price already covers the whole machine
2026-08-11T12:08:03+00:00,gcp,2026-08-11T07:00:00Z,us-south1,F927-6CDB-1F0F,Nvidia Tesla P4 GPU,P4,1,3_year,USD,0.3186,GPU Per Hour,0.3186,accelerator_only,"bare accelerator price; Google bills vCPU and RAM separately, so this is NOT comparable to Oracle or Azure"
2026-08-11T12:08:03+00:00,gcp,2026-08-11T07:00:00Z,europe-west3,F932-FF19-8F02,g2-standard-4,L4,1,1_year,USD,0.524807,GPU Per Hour,0.524807,machine_inclusive,accelerator $0.4158/GPU-hr plus 4 vCPU and 16 GB RAM
2026-08-11T12:08:03+00:00,gcp,2026-08-11T07:00:00Z,europe-west3,F932-FF19-8F02,g2-standard-8,L4,1,1_year,USD,0.633797,GPU Per Hour,0.633797,machine_inclusive,accelerator $0.4158/GPU-hr plus 8 vCPU and 32 GB RAM
2026-08-11T12:08:03+00:00,gcp,2026-08-11T07:00:00Z,europe-west3,F932-FF19-8F02,g2-standard-12,L4,1,1_year,USD,0.742787,GPU Per Hour,0.742787,machine_inclusive,accelerator $0.4158/GPU-hr plus 12 vCPU and 48 GB RAM
2026-08-11T12:08:03+00:00,gcp,2026-08-11T07:00:00Z,europe-west3,F932-FF19-8F02,g2-standard-16,L4,1,1_year,USD,0.851777,GPU Per Hour,0.851777,machine_inclusive,accelerator $0.4158/GPU-hr plus 16 vCPU and 64 GB RAM
2026-08-11T12:08:03+00:00,gcp,2026-08-11T07:00:00Z,europe-west3,F932-FF19-8F02,g2-standard-24,L4,2,1_year,USD,1.485574,Machine Per Hour,0.742787,machine_inclusive,accelerator $0.4158/GPU-hr plus 24 vCPU and 96 GB RAM
2026-08-11T12:08:03+00:00,gcp,2026-08-11T07:00:00Z,europe-west3,F932-FF19-8F02,g2-standard-32,L4,1,1_year,USD,1.287736,GPU Per Hour,1.287736,machine_inclusive,accelerator $0.4158/GPU-hr plus 32 vCPU and 128 GB RAM
2026-08-11T12:08:03+00:00,gcp,2026-08-11T07:00:00Z,europe-west3,F932-FF19-8F02,g2-standard-48,L4,4,1_year,USD,2.971148,Machine Per Hour,0.742787,machine_inclusive,accelerator $0.4158/GPU-hr plus 48 vCPU and 192 GB RAM
2026-08-11T12:08:03+00:00,gcp,2026-08-11T07:00:00Z,europe-west3,F932-FF19-8F02,g2-standard-96,L4,8,1_year,USD,5.942296,Machine Per Hour,0.742787,machine_inclusive,accelerator $0.4158/GPU-hr plus 96 vCPU and 384 GB RAM
2026-08-11T12:08:03+00:00,gcp,2026-08-11T07:00:00Z,us-south1,F981-2D9E-3AC0,a3-ultragpu-8g,H200,8,3_year,USD,43.2196,Machine Per Hour,5.40245,machine_inclusive,accelerator $4.8179/GPU-hr plus 224 vCPU and 2952 GB RAM
2026-08-11T12:08:03+00:00,gcp,2026-08-11T07:00:00Z,us-west3,F989-171C-8C0A,a3-highgpu-8g,H100,8,on_demand,USD,105.58338,Machine Per Hour,13.197923,machine_inclusive,accelerator $11.7764/GPU-hr plus 208 vCPU and 1872 GB RAM
2026-08-11T12:08:03+00:00,gcp,2026-08-11T07:00:00Z,europe-west6,F9AA-5C3E-DD7E,a2-highgpu-1g,A100,1,on_demand,USD,4.806819,GPU Per Hour,4.806819,machine_inclusive,accelerator $3.7722/GPU-hr plus 12 vCPU and 85 GB RAM
2026-08-11T12:08:03+00:00,gcp,2026-08-11T07:00:00Z,europe-west6,F9AA-5C3E-DD7E,a2-highgpu-2g,A100,2,on_demand,USD,9.613639,Machine Per Hour,4.806819,machine_inclusive,accelerator $3.7722/GPU-hr plus 24 vCPU and 170 GB RAM
2026-08-11T12:08:03+00:00,gcp,2026-08-11T07:00:00Z,europe-west6,F9AA-5C3E-DD7E,a2-highgpu-4g,A100,4,on_demand,USD,19.227278,Machine Per Hour,4.806819,machine_inclusive,accelerator $3.7722/GPU-hr plus 48 vCPU and 340 GB RAM
2026-08-11T12:08:03+00:00,gcp,2026-08-11T07:00:00Z,europe-west6,F9AA-5C3E-DD7E,a2-highgpu-8g,A100,8,on_demand,USD,38.454556,Machine Per Hour,4.806819,machine_inclusive,accelerator $3.7722/GPU-hr plus 96 vCPU and 680 GB RAM
2026-08-11T12:08:03+00:00,gcp,2026-08-11T07:00:00Z,europe-west6,F9AA-5C3E-DD7E,a2-megagpu-16g,A100,16,on_demand,USD,72.662935,Machine Per Hour,4.541433,machine_inclusive,accelerator $3.7722/GPU-hr plus 96 vCPU and 1360 GB RAM
2026-08-11T12:08:03+00:00,gcp,2026-08-11T07:00:00Z,africa-south1,F9FF-276C-69C5,Nvidia Tesla P4 GPU,P4,1,1_year,USD,0.494424,GPU Per Hour,0.494424,accelerator_only,"bare accelerator price; Google bills vCPU and RAM separately, so this is NOT comparable to Oracle or Azure"
2026-08-11T12:08:03+00:00,gcp,2026-08-11T07:00:00Z,me-central1,FA26-7C05-210B,Nvidia Tesla P100 GPU,P100,1,1_year,USD,1.116585,GPU Per Hour,1.116585,accelerator_only,"bare accelerator price; Google bills vCPU and RAM separately, so this is NOT comparable to Oracle or Azure"
2026-08-11T12:08:03+00:00,gcp,2026-08-11T07:00:00Z,asia-northeast2,FA2E-661D-F5F9,Nvidia Tesla T4 GPU,T4,1,spot,USD,0.0333,GPU Per Hour,0.0333,accelerator_only,"bare accelerator price; Google bills vCPU and RAM separately, so this is NOT comparable to Oracle or Azure"
2026-08-11T12:08:03+00:00,gcp,2026-08-11T07:00:00Z,us-west3,FA64-65FC-DD18,RTX 6000 96GB,RTX PRO 6000,1,spot,USD,0.4821,GPU Per Hour,0.4821,accelerator_only,"bare accelerator price; Google bills vCPU and RAM separately, so this is NOT comparable to Oracle or Azure"
2026-08-11T12:08:03+00:00,gcp,2026-08-11T07:00:00Z,asia-northeast2,FA77-3ACD-D5F2,a3-highgpu-8g,H100,8,1_year,USD,78.296939,Machine Per Hour,9.787117,machine_inclusive,accelerator $8.7310/GPU-hr plus 208 vCPU and 1872 GB RAM
2026-08-11T12:08:03+00:00,gcp,2026-08-11T07:00:00Z,europe-west4,FAA1-17BD-3A62,a2-highgpu-1g,A100,1,on_demand,USD,3.747972,GPU Per Hour,3.747972,machine_inclusive,accelerator $2.9339/GPU-hr plus 12 vCPU and 85 GB RAM
2026-08-11T12:08:03+00:00,gcp,2026-08-11T07:00:00Z,europe-west4,FAA1-17BD-3A62,a2-highgpu-2g,A100,2,on_demand,USD,7.495944,Machine Per Hour,3.747972,machine_inclusive,accelerator $2.9339/GPU-hr plus 24 vCPU and 170 GB RAM
2026-08-11T12:08:03+00:00,gcp,2026-08-11T07:00:00Z,europe-west4,FAA1-17BD-3A62,a2-highgpu-4g,A100,4,on_demand,USD,14.991888,Machine Per Hour,3.747972,machine_inclusive,accelerator $2.9339/GPU-hr plus 48 vCPU and 340 GB RAM
2026-08-11T12:08:03+00:00,gcp,2026-08-11T07:00:00Z,europe-west4,FAA1-17BD-3A62,a2-highgpu-8g,A100,8,on_demand,USD,29.983776,Machine Per Hour,3.747972,machine_inclusive,accelerator $2.9339/GPU-hr plus 96 vCPU and 680 GB RAM
2026-08-11T12:08:03+00:00,gcp,2026-08-11T07:00:00Z,europe-west4,FAA1-17BD-3A62,a2-megagpu-16g,A100,16,on_demand,USD,56.62656,Machine Per Hour,3.53916,machine_inclusive,accelerator $2.9339/GPU-hr plus 96 vCPU and 1360 GB RAM
2026-08-11T12:08:03+00:00,gcp,2026-08-11T07:00:00Z,me-central1,FAB3-96AF-F5C8,Nvidia Tesla P4 GPU,P4,1,on_demand,USD,0.729,GPU Per Hour,0.729,accelerator_only,"bare accelerator price; Google bills vCPU and RAM separately, so this is NOT comparable to Oracle or Azure"
2026-08-11T12:08:03+00:00,gcp,2026-08-11T07:00:00Z,us-west4,FAE4-6ADE-9824,a3-highgpu-8g,H100,8,on_demand,USD,98.925667,Machine Per Hour,12.365708,machine_inclusive,accelerator $11.0338/GPU-hr plus 208 vCPU and 1872 GB RAM
2026-08-11T12:08:03+00:00,gcp,2026-08-11T07:00:00Z,europe-west1,FB23-11B4-5A31,a2-ultragpu-1g,A100,1,3_year,USD,3.833078,GPU Per Hour,3.833078,machine_inclusive,accelerator $3.4097/GPU-hr plus 12 vCPU and 170 GB RAM
2026-08-11T12:08:03+00:00,gcp,2026-08-11T07:00:00Z,europe-west1,FB23-11B4-5A31,a2-ultragpu-2g,A100,2,3_year,USD,7.666156,Machine Per Hour,3.833078,machine_inclusive,accelerator $3.4097/GPU-hr plus 24 vCPU and 340 GB RAM
2026-08-11T12:08:03+00:00,gcp,2026-08-11T07:00:00Z,europe-west1,FB23-11B4-5A31,a2-ultragpu-4g,A100,4,3_year,USD,15.332311,Machine Per Hour,3.833078,machine_inclusive,accelerator $3.4097/GPU-hr plus 48 vCPU and 680 GB RAM
2026-08-11T12:08:03+00:00,gcp,2026-08-11T07:00:00Z,europe-west1,FB23-11B4-5A31,a2-ultragpu-8g,A100,8,3_year,USD,30.664622,Machine Per Hour,3.833078,machine_inclusive,accelerator $3.4097/GPU-hr plus 96 vCPU and 1360 GB RAM
2026-08-11T12:08:03+00:00,gcp,2026-08-11T07:00:00Z,asia-northeast2,FB91-8A19-E8E0,g2-standard-4,L4,1,on_demand,USD,0.907714,GPU Per Hour,0.907714,machine_inclusive,accelerator $0.7192/GPU-hr plus 4 vCPU and 16 GB RAM
2026-08-11T12:08:03+00:00,gcp,2026-08-11T07:00:00Z,asia-northeast2,FB91-8A19-E8E0,g2-standard-8,L4,1,on_demand,USD,1.096224,GPU Per Hour,1.096224,machine_inclusive,accelerator $0.7192/GPU-hr plus 8 vCPU and 32 GB RAM
2026-08-11T12:08:03+00:00,gcp,2026-08-11T07:00:00Z,asia-northeast2,FB91-8A19-E8E0,g2-standard-12,L4,1,on_demand,USD,1.284735,GPU Per Hour,1.284735,machine_inclusive,accelerator $0.7192/GPU-hr plus 12 vCPU and 48 GB RAM
2026-08-11T12:08:03+00:00,gcp,2026-08-11T07:00:00Z,asia-northeast2,FB91-8A19-E8E0,g2-standard-16,L4,1,on_demand,USD,1.473245,GPU Per Hour,1.473245,machine_inclusive,accelerator $0.7192/GPU-hr plus 16 vCPU and 64 GB RAM
2026-08-11T12:08:03+00:00,gcp,2026-08-11T07:00:00Z,asia-northeast2,FB91-8A19-E8E0,g2-standard-24,L4,2,on_demand,USD,2.569469,Machine Per Hour,1.284735,machine_inclusive,accelerator $0.7192/GPU-hr plus 24 vCPU and 96 GB RAM
2026-08-11T12:08:03+00:00,gcp,2026-08-11T07:00:00Z,asia-northeast2,FB91-8A19-E8E0,g2-standard-32,L4,1,on_demand,USD,2.227286,GPU Per Hour,2.227286,machine_inclusive,accelerator $0.7192/GPU-hr plus 32 vCPU and 128 GB RAM
2026-08-11T12:08:03+00:00,gcp,2026-08-11T07:00:00Z,asia-northeast2,FB91-8A19-E8E0,g2-standard-48,L4,4,on_demand,USD,5.138938,Machine Per Hour,1.284735,machine_inclusive,accelerator $0.7192/GPU-hr plus 48 vCPU and 192 GB RAM
2026-08-11T12:08:03+00:00,gcp,2026-08-11T07:00:00Z,asia-northeast2,FB91-8A19-E8E0,g2-standard-96,L4,8,on_demand,USD,10.277877,Machine Per Hour,1.284735,machine_inclusive,accelerator $0.7192/GPU-hr plus 96 vCPU and 384 GB RAM
2026-08-11T12:08:03+00:00,gcp,2026-08-11T07:00:00Z,europe-southwest1,FB97-5DAD-C5DC,Nvidia Tesla T4 GPU,T4,1,on_demand,USD,0.413,GPU Per Hour,0.413,accelerator_only,"bare accelerator price; Google bills vCPU and RAM separately, so this is NOT comparable to Oracle or Azure"
2026-08-11T12:08:03+00:00,gcp,2026-08-11T07:00:00Z,europe-west8,FBA1-17B2-B534,a3-highgpu-8g,H100,8,3_year,USD,44.739448,Machine Per Hour,5.592431,machine_inclusive,accelerator $4.9879/GPU-hr plus 208 vCPU and 1872 GB RAM
2026-08-11T12:08:03+00:00,gcp,2026-08-11T07:00:00Z,southamerica-west1,FBCC-77CA-9008,Nvidia Tesla P100 GPU,P100,1,1_year,USD,1.31417,GPU Per Hour,1.31417,accelerator_only,"bare accelerator price; Google bills vCPU and RAM separately, so this is NOT comparable to Oracle or Azure"
2026-08-11T12:08:03+00:00,gcp,2026-08-11T07:00:00Z,us-south1,FBDD-3998-956F,a3-highgpu-8g,H100,8,on_demand,USD,103.642311,Machine Per Hour,12.955289,machine_inclusive,accelerator $11.5599/GPU-hr plus 208 vCPU and 1872 GB RAM
2026-08-11T12:08:03+00:00,gcp,2026-08-11T07:00:00Z,asia-northeast3,FBE2-5540-4F88,1/8 vGPU no lssd,,,on_demand,USD,0.84094,GPU Per Hour,,,accelerator not in the lookup table -- add it to gcp.py
2026-08-11T12:08:03+00:00,gcp,2026-08-11T07:00:00Z,europe-west8,FBED-8913-70FF,Nvidia Tesla V100 GPU,V100,1,spot,USD,0.2589,GPU Per Hour,0.2589,accelerator_only,"bare accelerator price; Google bills vCPU and RAM separately, so this is NOT comparable to Oracle or Azure"
2026-08-11T12:08:03+00:00,gcp,2026-08-11T07:00:00Z,asia-southeast2,FBF7-543D-C341,a2-ultragpu-1g,A100,1,3_year,USD,4.681514,GPU Per Hour,4.681514,machine_inclusive,accelerator $4.1640/GPU-hr plus 12 vCPU and 170 GB RAM
2026-08-11T12:08:03+00:00,gcp,2026-08-11T07:00:00Z,asia-southeast2,FBF7-543D-C341,a2-ultragpu-2g,A100,2,3_year,USD,9.363029,Machine Per Hour,4.681514,machine_inclusive,accelerator $4.1640/GPU-hr plus 24 vCPU and 340 GB RAM
2026-08-11T12:08:03+00:00,gcp,2026-08-11T07:00:00Z,asia-southeast2,FBF7-543D-C341,a2-ultragpu-4g,A100,4,3_year,USD,18.726058,Machine Per Hour,4.681514,machine_inclusive,accelerator $4.1640/GPU-hr plus 48 vCPU and 680 GB RAM
2026-08-11T12:08:03+00:00,gcp,2026-08-11T07:00:00Z,asia-southeast2,FBF7-543D-C341,a2-ultragpu-8g,A100,8,3_year,USD,37.452116,Machine Per Hour,4.681514,machine_inclusive,accelerator $4.1640/GPU-hr plus 96 vCPU and 1360 GB RAM
2026-08-11T12:08:03+00:00,gcp,2026-08-11T07:00:00Z,asia-southeast1,FC32-2A77-47ED,g2-standard-4,L4,1,spot,USD,0.523272,GPU Per Hour,0.523272,machine_inclusive,accelerator $0.4146/GPU-hr plus 4 vCPU and 16 GB RAM
2026-08-11T12:08:03+00:00,gcp,2026-08-11T07:00:00Z,asia-southeast1,FC32-2A77-47ED,g2-standard-8,L4,1,spot,USD,0.631944,GPU Per Hour,0.631944,machine_inclusive,accelerator $0.4146/GPU-hr plus 8 vCPU and 32 GB RAM
2026-08-11T12:08:03+00:00,gcp,2026-08-11T07:00:00Z,asia-southeast1,FC32-2A77-47ED,g2-standard-12,L4,1,spot,USD,0.740616,GPU Per Hour,0.740616,machine_inclusive,accelerator $0.4146/GPU-hr plus 12 vCPU and 48 GB RAM
2026-08-11T12:08:03+00:00,gcp,2026-08-11T07:00:00Z,asia-southeast1,FC32-2A77-47ED,g2-standard-16,L4,1,spot,USD,0.849288,GPU Per Hour,0.849288,machine_inclusive,accelerator $0.4146/GPU-hr plus 16 vCPU and 64 GB RAM
2026-08-11T12:08:03+00:00,gcp,2026-08-11T07:00:00Z,asia-southeast1,FC32-2A77-47ED,g2-standard-24,L4,2,spot,USD,1.481232,Machine Per Hour,0.740616,machine_inclusive,accelerator $0.4146/GPU-hr plus 24 vCPU and 96 GB RAM
2026-08-11T12:08:03+00:00,gcp,2026-08-11T07:00:00Z,asia-southeast1,FC32-2A77-47ED,g2-standard-32,L4,1,spot,USD,1.283976,GPU Per Hour,1.283976,machine_inclusive,accelerator $0.4146/GPU-hr plus 32 vCPU and 128 GB RAM
2026-08-11T12:08:03+00:00,gcp,2026-08-11T07:00:00Z,asia-southeast1,FC32-2A77-47ED,g2-standard-48,L4,4,spot,USD,2.962464,Machine Per Hour,0.740616,machine_inclusive,accelerator $0.4146/GPU-hr plus 48 vCPU and 192 GB RAM
2026-08-11T12:08:03+00:00,gcp,2026-08-11T07:00:00Z,asia-southeast1,FC32-2A77-47ED,g2-standard-96,L4,8,spot,USD,5.924928,Machine Per Hour,0.740616,machine_inclusive,accelerator $0.4146/GPU-hr plus 96 vCPU and 384 GB RAM
2026-08-11T12:08:03+00:00,gcp,2026-08-11T07:00:00Z,asia-east1,FC72-3535-0B68,1/8 vGPU no lssd,,,on_demand,USD,0.84094,GPU Per Hour,,,accelerator not in the lookup table -- add it to gcp.py
2026-08-11T12:08:03+00:00,gcp,2026-08-11T07:00:00Z,us-east7,FC7B-BA2E-8231,1/8 vGPU no lssd,,,on_demand,USD,0.64688,GPU Per Hour,,,accelerator not in the lookup table -- add it to gcp.py
2026-08-11T12:08:03+00:00,gcp,2026-08-11T07:00:00Z,us-west8,FC93-CFC7-2169,a2-highgpu-1g,A100,1,3_year,USD,1.285709,GPU Per Hour,1.285709,machine_inclusive,accelerator $1.0269/GPU-hr plus 12 vCPU and 85 GB RAM
2026-08-11T12:08:03+00:00,gcp,2026-08-11T07:00:00Z,us-west8,FC93-CFC7-2169,a2-highgpu-2g,A100,2,3_year,USD,2.571417,Machine Per Hour,1.285709,machine_inclusive,accelerator $1.0269/GPU-hr plus 24 vCPU and 170 GB RAM
2026-08-11T12:08:03+00:00,gcp,2026-08-11T07:00:00Z,us-west8,FC93-CFC7-2169,a2-highgpu-4g,A100,4,3_year,USD,5.142834,Machine Per Hour,1.285709,machine_inclusive,accelerator $1.0269/GPU-hr plus 48 vCPU and 340 GB RAM
2026-08-11T12:08:03+00:00,gcp,2026-08-11T07:00:00Z,us-west8,FC93-CFC7-2169,a2-highgpu-8g,A100,8,3_year,USD,10.285668,Machine Per Hour,1.285709,machine_inclusive,accelerator $1.0269/GPU-hr plus 96 vCPU and 680 GB RAM
2026-08-11T12:08:03+00:00,gcp,2026-08-11T07:00:00Z,us-west8,FC93-CFC7-2169,a2-megagpu-16g,A100,16,3_year,USD,19.509203,Machine Per Hour,1.219325,machine_inclusive,accelerator $1.0269/GPU-hr plus 96 vCPU and 1360 GB RAM
2026-08-11T12:08:03+00:00,gcp,2026-08-11T07:00:00Z,europe-southwest1,FCA7-62C3-FD4C,Nvidia Tesla P4 GPU,P4,1,1_year,USD,0.44604,GPU Per Hour,0.44604,accelerator_only,"bare accelerator price; Google bills vCPU and RAM separately, so this is NOT comparable to Oracle or Azure"
2026-08-11T12:08:03+00:00,gcp,2026-08-11T07:00:00Z,africa-south1,FD26-E458-CBA3,a3-highgpu-8g,H100,8,3_year,USD,50.447584,Machine Per Hour,6.305948,machine_inclusive,accelerator $5.6243/GPU-hr plus 208 vCPU and 1872 GB RAM
2026-08-11T12:08:03+00:00,gcp,2026-08-11T07:00:00Z,europe-west8,FD5B-093D-2F6D,Nvidia Tesla V100 GPU,V100,1,on_demand,USD,2.8768,GPU Per Hour,2.8768,accelerator_only,"bare accelerator price; Google bills vCPU and RAM separately, so this is NOT comparable to Oracle or Azure"
2026-08-11T12:08:03+00:00,gcp,2026-08-11T07:00:00Z,us-east5,FDA1-0A98-23BA,a3-megagpu-8g,H100 Mega,8,spot,USD,39.913488,Machine Per Hour,4.989186,machine_inclusive,accelerator $4.4520/GPU-hr plus 208 vCPU and 1872 GB RAM
2026-08-11T12:08:03+00:00,gcp,2026-08-11T07:00:00Z,europe-west9,FDC4-AC54-9907,Nvidia Tesla P100 GPU,P100,1,on_demand,USD,1.6936,GPU Per Hour,1.6936,accelerator_only,"bare accelerator price; Google bills vCPU and RAM separately, so this is NOT comparable to Oracle or Azure"
2026-08-11T12:08:03+00:00,gcp,2026-08-11T07:00:00Z,australia-southeast2,FDC7-5D8E-546D,Nvidia Tesla V100 GPU,V100,1,on_demand,USD,3.5216,GPU Per Hour,3.5216,accelerator_only,"bare accelerator price; Google bills vCPU and RAM separately, so this is NOT comparable to Oracle or Azure"
2026-08-11T12:08:03+00:00,gcp,2026-08-11T07:00:00Z,us-west4,FDD7-F99A-79C4,Nvidia Tesla V100 GPU,V100,1,spot,USD,0.2232,GPU Per Hour,0.2232,accelerator_only,"bare accelerator price; Google bills vCPU and RAM separately, so this is NOT comparable to Oracle or Azure"
2026-08-11T12:08:03+00:00,gcp,2026-08-11T07:00:00Z,europe-west1,FDE4-C419-63EF,a2-highgpu-1g,A100,1,3_year,USD,1.311603,GPU Per Hour,1.311603,machine_inclusive,accelerator $1.0269/GPU-hr plus 12 vCPU and 85 GB RAM
2026-08-11T12:08:03+00:00,gcp,2026-08-11T07:00:00Z,europe-west1,FDE4-C419-63EF,a2-highgpu-2g,A100,2,3_year,USD,2.623205,Machine Per Hour,1.311603,machine_inclusive,accelerator $1.0269/GPU-hr plus 24 vCPU and 170 GB RAM
2026-08-11T12:08:03+00:00,gcp,2026-08-11T07:00:00Z,europe-west1,FDE4-C419-63EF,a2-highgpu-4g,A100,4,3_year,USD,5.246411,Machine Per Hour,1.311603,machine_inclusive,accelerator $1.0269/GPU-hr plus 48 vCPU and 340 GB RAM
2026-08-11T12:08:03+00:00,gcp,2026-08-11T07:00:00Z,europe-west1,FDE4-C419-63EF,a2-highgpu-8g,A100,8,3_year,USD,10.492822,Machine Per Hour,1.311603,machine_inclusive,accelerator $1.0269/GPU-hr plus 96 vCPU and 680 GB RAM
2026-08-11T12:08:03+00:00,gcp,2026-08-11T07:00:00Z,europe-west1,FDE4-C419-63EF,a2-megagpu-16g,A100,16,3_year,USD,19.817267,Machine Per Hour,1.238579,machine_inclusive,accelerator $1.0269/GPU-hr plus 96 vCPU and 1360 GB RAM
2026-08-11T12:08:03+00:00,gcp,2026-08-11T07:00:00Z,asia-northeast1,FDE8-86D4-B581,g2-standard-4,L4,1,on_demand,USD,0.907714,GPU Per Hour,0.907714,machine_inclusive,accelerator $0.7192/GPU-hr plus 4 vCPU and 16 GB RAM
2026-08-11T12:08:03+00:00,gcp,2026-08-11T07:00:00Z,asia-northeast1,FDE8-86D4-B581,g2-standard-8,L4,1,on_demand,USD,1.096224,GPU Per Hour,1.096224,machine_inclusive,accelerator $0.7192/GPU-hr plus 8 vCPU and 32 GB RAM
2026-08-11T12:08:03+00:00,gcp,2026-08-11T07:00:00Z,asia-northeast1,FDE8-86D4-B581,g2-standard-12,L4,1,on_demand,USD,1.284735,GPU Per Hour,1.284735,machine_inclusive,accelerator $0.7192/GPU-hr plus 12 vCPU and 48 GB RAM
2026-08-11T12:08:03+00:00,gcp,2026-08-11T07:00:00Z,asia-northeast1,FDE8-86D4-B581,g2-standard-16,L4,1,on_demand,USD,1.473245,GPU Per Hour,1.473245,machine_inclusive,accelerator $0.7192/GPU-hr plus 16 vCPU and 64 GB RAM
2026-08-11T12:08:03+00:00,gcp,2026-08-11T07:00:00Z,asia-northeast1,FDE8-86D4-B581,g2-standard-24,L4,2,on_demand,USD,2.569469,Machine Per Hour,1.284735,machine_inclusive,accelerator $0.7192/GPU-hr plus 24 vCPU and 96 GB RAM
2026-08-11T12:08:03+00:00,gcp,2026-08-11T07:00:00Z,asia-northeast1,FDE8-86D4-B581,g2-standard-32,L4,1,on_demand,USD,2.227286,GPU Per Hour,2.227286,machine_inclusive,accelerator $0.7192/GPU-hr plus 32 vCPU and 128 GB RAM
2026-08-11T12:08:03+00:00,gcp,2026-08-11T07:00:00Z,asia-northeast1,FDE8-86D4-B581,g2-standard-48,L4,4,on_demand,USD,5.138938,Machine Per Hour,1.284735,machine_inclusive,accelerator $0.7192/GPU-hr plus 48 vCPU and 192 GB RAM
2026-08-11T12:08:03+00:00,gcp,2026-08-11T07:00:00Z,asia-northeast1,FDE8-86D4-B581,g2-standard-96,L4,8,on_demand,USD,10.277877,Machine Per Hour,1.284735,machine_inclusive,accelerator $0.7192/GPU-hr plus 96 vCPU and 384 GB RAM
2026-08-11T12:08:03+00:00,gcp,2026-08-11T07:00:00Z,europe-west1,FE40-A25F-286F,a2-ultragpu-1g,A100,1,spot,USD,0.80133,GPU Per Hour,0.80133,machine_inclusive,accelerator $0.5183/GPU-hr plus 12 vCPU and 170 GB RAM
2026-08-11T12:08:03+00:00,gcp,2026-08-11T07:00:00Z,europe-west1,FE40-A25F-286F,a2-ultragpu-2g,A100,2,spot,USD,1.60266,Machine Per Hour,0.80133,machine_inclusive,accelerator $0.5183/GPU-hr plus 24 vCPU and 340 GB RAM
2026-08-11T12:08:03+00:00,gcp,2026-08-11T07:00:00Z,europe-west1,FE40-A25F-286F,a2-ultragpu-4g,A100,4,spot,USD,3.20532,Machine Per Hour,0.80133,machine_inclusive,accelerator $0.5183/GPU-hr plus 48 vCPU and 680 GB RAM
2026-08-11T12:08:03+00:00,gcp,2026-08-11T07:00:00Z,europe-west1,FE40-A25F-286F,a2-ultragpu-8g,A100,8,spot,USD,6.41064,Machine Per Hour,0.80133,machine_inclusive,accelerator $0.5183/GPU-hr plus 96 vCPU and 1360 GB RAM
2026-08-11T12:08:03+00:00,gcp,2026-08-11T07:00:00Z,asia-east1,FE50-91A6-991E,a2-ultragpu-1g,A100,1,on_demand,USD,5.821568,GPU Per Hour,5.821568,machine_inclusive,accelerator $4.5483/GPU-hr plus 12 vCPU and 170 GB RAM
2026-08-11T12:08:03+00:00,gcp,2026-08-11T07:00:00Z,asia-east1,FE50-91A6-991E,a2-ultragpu-2g,A100,2,on_demand,USD,11.643136,Machine Per Hour,5.821568,machine_inclusive,accelerator $4.5483/GPU-hr plus 24 vCPU and 340 GB RAM
2026-08-11T12:08:03+00:00,gcp,2026-08-11T07:00:00Z,asia-east1,FE50-91A6-991E,a2-ultragpu-4g,A100,4,on_demand,USD,23.286272,Machine Per Hour,5.821568,machine_inclusive,accelerator $4.5483/GPU-hr plus 48 vCPU and 680 GB RAM
2026-08-11T12:08:03+00:00,gcp,2026-08-11T07:00:00Z,asia-east1,FE50-91A6-991E,a2-ultragpu-8g,A100,8,on_demand,USD,46.572544,Machine Per Hour,5.821568,machine_inclusive,accelerator $4.5483/GPU-hr plus 96 vCPU and 1360 GB RAM
2026-08-11T12:08:03+00:00,gcp,2026-08-11T07:00:00Z,asia-southeast2,FF08-E1EA-9723,Nvidia Tesla P100 GPU,P100,1,3_year,USD,0.7848,GPU Per Hour,0.7848,accelerator_only,"bare accelerator price; Google bills vCPU and RAM separately, so this is NOT comparable to Oracle or Azure"
2026-08-11T12:08:03+00:00,gcp,2026-08-11T07:00:00Z,europe-southwest1,FF7A-F56A-2B6E,Nvidia Tesla V100 GPU,V100,1,1_year,USD,1.84316,GPU Per Hour,1.84316,accelerator_only,"bare accelerator price; Google bills vCPU and RAM separately, so this is NOT comparable to Oracle or Azure"
2026-08-11T12:08:03+00:00,gcp,2026-08-11T07:00:00Z,us-east5,FF80-C009-E04F,a3-megagpu-8g,H100 Mega,8,3_year,USD,40.354214,Machine Per Hour,5.044277,machine_inclusive,accelerator $4.4990/GPU-hr plus 208 vCPU and 1872 GB RAM
2026-08-11T12:08:03+00:00,gcp,2026-08-11T07:00:00Z,us-west2,FFAB-E554-D213,a2-ultragpu-1g,A100,1,3_year,USD,4.184741,GPU Per Hour,4.184741,machine_inclusive,accelerator $3.7224/GPU-hr plus 12 vCPU and 170 GB RAM
2026-08-11T12:08:03+00:00,gcp,2026-08-11T07:00:00Z,us-west2,FFAB-E554-D213,a2-ultragpu-2g,A100,2,3_year,USD,8.369482,Machine Per Hour,4.184741,machine_inclusive,accelerator $3.7224/GPU-hr plus 24 vCPU and 340 GB RAM
2026-08-11T12:08:03+00:00,gcp,2026-08-11T07:00:00Z,us-west2,FFAB-E554-D213,a2-ultragpu-4g,A100,4,3_year,USD,16.738964,Machine Per Hour,4.184741,machine_inclusive,accelerator $3.7224/GPU-hr plus 48 vCPU and 680 GB RAM
2026-08-11T12:08:03+00:00,gcp,2026-08-11T07:00:00Z,us-west2,FFAB-E554-D213,a2-ultragpu-8g,A100,8,3_year,USD,33.477927,Machine Per Hour,4.184741,machine_inclusive,accelerator $3.7224/GPU-hr plus 96 vCPU and 1360 GB RAM
2026-08-11T12:08:03+00:00,gcp,2026-08-11T07:00:00Z,asia-east1,FFCF-65C7-B736,Nvidia Tesla V100 GPU,V100,1,1_year,USD,1.562,GPU Per Hour,1.562,accelerator_only,"bare accelerator price; Google bills vCPU and RAM separately, so this is NOT comparable to Oracle or Azure"
